<6>INFO  : index.html: Copied (new)
<6>INFO  : 1.108.Level_10_Sunflower_Leviathan/1.108.Level_10_Prompt.json: Copied (new)
<6>INFO  : 1.108.Level_10_Sunflower_Leviathan/prompt_info.json: Copied (new)
<6>INFO  : 1.108.Level_10_Sunflower_Leviathan/1.108.Level_10_YouTube_Metadata.json: Copied (new)
<6>INFO  : 1.108.Level_10_Sunflower_Leviathan/1.108.Level_10_Sunflower_Leviathan.mp4: Copied (new)
<6>INFO  : 
Transferred:   	   24.554 MiB / 2.181 GiB, 1%, 2.487 MiB/s, ETA 14m47s
Transferred:            5 / 1086, 0%
Elapsed time:       1m0.6s
Transferring:
 * 1.108.Level_10_Sunflow…/youtube_metadata.json:  0% /1.631Ki, 0/s, -
 * 1.109.Level_10_Petal_S…al_Storm_Generator.mp4:100% /10.169Mi, 1.453Mi/s, 0s
 * 1.109.Level_10_Petal_S…9.Level_10_Prompt.json:  0% /2.333Ki, 0/s, -
 * 1.109.Level_10_Petal_S…_YouTube_Metadata.json:  0% /1.732Ki, 0/s, -

<6>INFO  : 
Transferred:   	   24.554 MiB / 2.181 GiB, 1%, 1.264 MiB/s, ETA 29m6s
Transferred:            5 / 1086, 0%
Elapsed time:      1m10.6s
Transferring:
 * 1.108.Level_10_Sunflow…/youtube_metadata.json:  0% /1.631Ki, 0/s, -
 * 1.109.Level_10_Petal_S…al_Storm_Generator.mp4:100% /10.169Mi, 610.129Ki/s, 0s
 * 1.109.Level_10_Petal_S…9.Level_10_Prompt.json:  0% /2.333Ki, 0/s, -
 * 1.109.Level_10_Petal_S…_YouTube_Metadata.json:  0% /1.732Ki, 0/s, -

<6>INFO  : 
Transferred:   	   24.554 MiB / 2.181 GiB, 1%, 679.079 KiB/s, ETA 55m30s
Transferred:            5 / 1086, 0%
Elapsed time:      1m20.6s
Transferring:
 * 1.108.Level_10_Sunflow…/youtube_metadata.json:  0% /1.631Ki, 0/s, -
 * 1.109.Level_10_Petal_S…al_Storm_Generator.mp4:100% /10.169Mi, 319.988Ki/s, 0s
 * 1.109.Level_10_Petal_S…9.Level_10_Prompt.json:  0% /2.333Ki, 0/s, -
 * 1.109.Level_10_Petal_S…_YouTube_Metadata.json:  0% /1.732Ki, 0/s, -

<6>INFO  : 
Transferred:   	   24.554 MiB / 2.181 GiB, 1%, 356.150 KiB/s, ETA 1h45m49s
Transferred:            5 / 1086, 0%
Elapsed time:      1m30.6s
Transferring:
 * 1.108.Level_10_Sunflow…/youtube_metadata.json:  0% /1.631Ki, 0/s, -
 * 1.109.Level_10_Petal_S…al_Storm_Generator.mp4:100% /10.169Mi, 167.821Ki/s, 0s
 * 1.109.Level_10_Petal_S…9.Level_10_Prompt.json:  0% /2.333Ki, 0/s, -
 * 1.109.Level_10_Petal_S…_YouTube_Metadata.json:  0% /1.732Ki, 0/s, -

<6>INFO  : 
Transferred:   	   24.554 MiB / 2.181 GiB, 1%, 186.786 KiB/s, ETA 3h21m47s
Transferred:            5 / 1086, 0%
Elapsed time:      1m40.6s
Transferring:
 * 1.108.Level_10_Sunflow…/youtube_metadata.json:  0% /1.631Ki, 0/s, -
 * 1.109.Level_10_Petal_S…al_Storm_Generator.mp4:100% /10.169Mi, 88.016Ki/s, 0s
 * 1.109.Level_10_Petal_S…9.Level_10_Prompt.json:  0% /2.333Ki, 0/s, -
 * 1.109.Level_10_Petal_S…_YouTube_Metadata.json:  0% /1.732Ki, 0/s, -

<6>INFO  : 1.109.Level_10_Petal_Storm_Generator/1.109.Level_10_YouTube_Metadata.json: Copied (new)
<6>INFO  : 1.108.Level_10_Sunflower_Leviathan/youtube_metadata.json: Copied (new)
<6>INFO  : 1.109.Level_10_Petal_Storm_Generator/1.109.Level_10_Prompt.json: Copied (new)
<6>INFO  : 1.109.Level_10_Petal_Storm_Generator/prompt_info.json: Copied (new)
<6>INFO  : 
Transferred:   	   24.561 MiB / 2.181 GiB, 1%, 98.387 KiB/s, ETA 6h23m5s
Transferred:            9 / 1086, 1%
Elapsed time:      1m50.6s
Transferring:
 * 1.109.Level_10_Petal_S…al_Storm_Generator.mp4:100% /10.169Mi, 46.160Ki/s, 0s
 * 1.109.Level_10_Petal_S…/youtube_metadata.json:  0% /1.732Ki, 0/s, -
 * 1.110.Level_10_The_Mil…0.Level_10_Prompt.json:  0% /2.070Ki, 0/s, -
 * 1.110.Level_10_The_Mil…ion-Arm_Pollinator.mp4:  0% /15.042Mi, 0/s, -

<6>INFO  : 1.109.Level_10_Petal_Storm_Generator/youtube_metadata.json: Copied (new)
<6>INFO  : 1.110.Level_10_The_Million-Arm_Pollinator/1.110.Level_10_Prompt.json: Copied (new)
<6>INFO  : 1.110.Level_10_The_Million-Arm_Pollinator/prompt_info.json: Copied (new)
<6>INFO  : 1.110.Level_10_The_Million-Arm_Pollinator/1.110.Level_10_YouTube_Metadata.json: Copied (new)
<6>INFO  : 1.110.Level_10_The_Million-Arm_Pollinator/1.110.Level_10_The_Million-Arm_Pollinator.mp4: Copied (new)
<6>INFO  : 1.109.Level_10_Petal_Storm_Generator/1.109.Level_10_Petal_Storm_Generator.mp4: Copied (new)
<6>INFO  : 1.110.Level_10_The_Million-Arm_Pollinator/youtube_metadata.json: Copied (new)
<6>INFO  : 
Transferred:   	   49.785 MiB / 2.191 GiB, 2%, 1.078 MiB/s, ETA 33m54s
Transferred:           16 / 1086, 1%
Elapsed time:       2m0.6s
Transferring:
 * 1.111.Level_10_Colossu…olossus_Seed_Forge.mp4:  0% /12.592Mi, 0/s, -
 * 1.111.Level_10_Colossu…1.Level_10_Prompt.json:  0% /2Ki, 0/s, -
 * 1.111.Level_10_Colossu…_YouTube_Metadata.json:  0% /1.692Ki, 0/s, -
 * 1.111.Level_10_Colossu…Forge/prompt_info.json:  0% /2Ki, 0/s, -

<6>INFO  : 
Transferred:   	   49.785 MiB / 2.191 GiB, 2%, 579.117 KiB/s, ETA 1h4m38s
Transferred:           16 / 1086, 1%
Elapsed time:      2m10.6s
Transferring:
 * 1.111.Level_10_Colossu…olossus_Seed_Forge.mp4:  0% /12.592Mi, 0/s, -
 * 1.111.Level_10_Colossu…1.Level_10_Prompt.json:  0% /2Ki, 0/s, -
 * 1.111.Level_10_Colossu…_YouTube_Metadata.json:  0% /1.692Ki, 0/s, -
 * 1.111.Level_10_Colossu…Forge/prompt_info.json:  0% /2Ki, 0/s, -

<6>INFO  : 
Transferred:   	   49.785 MiB / 2.191 GiB, 2%, 303.724 KiB/s, ETA 2h3m14s
Transferred:           16 / 1086, 1%
Elapsed time:      2m20.6s
Transferring:
 * 1.111.Level_10_Colossu…olossus_Seed_Forge.mp4:  0% /12.592Mi, 0/s, -
 * 1.111.Level_10_Colossu…1.Level_10_Prompt.json:  0% /2Ki, 0/s, -
 * 1.111.Level_10_Colossu…_YouTube_Metadata.json:  0% /1.692Ki, 0/s, -
 * 1.111.Level_10_Colossu…Forge/prompt_info.json:  0% /2Ki, 0/s, -

<6>INFO  : 
Transferred:   	   49.785 MiB / 2.191 GiB, 2%, 159.291 KiB/s, ETA 3h55m
Transferred:           16 / 1086, 1%
Elapsed time:      2m30.6s
Transferring:
 * 1.111.Level_10_Colossu…olossus_Seed_Forge.mp4:  0% /12.592Mi, 0/s, -
 * 1.111.Level_10_Colossu…1.Level_10_Prompt.json:  0% /2Ki, 0/s, -
 * 1.111.Level_10_Colossu…_YouTube_Metadata.json:  0% /1.692Ki, 0/s, -
 * 1.111.Level_10_Colossu…Forge/prompt_info.json:  0% /2Ki, 0/s, -

<6>INFO  : 
Transferred:   	   49.785 MiB / 2.191 GiB, 2%, 83.542 KiB/s, ETA 7h28m5s
Transferred:           16 / 1086, 1%
Elapsed time:      2m40.6s
Transferring:
 * 1.111.Level_10_Colossu…olossus_Seed_Forge.mp4:  0% /12.592Mi, 0/s, -
 * 1.111.Level_10_Colossu…1.Level_10_Prompt.json:  0% /2Ki, 0/s, -
 * 1.111.Level_10_Colossu…_YouTube_Metadata.json:  0% /1.692Ki, 0/s, -
 * 1.111.Level_10_Colossu…Forge/prompt_info.json:  0% /2Ki, 0/s, -

<6>INFO  : 
Transferred:   	   49.791 MiB / 2.191 GiB, 2%, 43.814 KiB/s, ETA 14h14m22s
Transferred:           16 / 1086, 1%
Elapsed time:      2m50.6s
Transferring:
 * 1.111.Level_10_Colossu…olossus_Seed_Forge.mp4:  0% /12.592Mi, 0/s, -
 * 1.111.Level_10_Colossu…1.Level_10_Prompt.json:100% /2Ki, 0/s, -
 * 1.111.Level_10_Colossu…_YouTube_Metadata.json:100% /1.692Ki, 0/s, -
 * 1.111.Level_10_Colossu…Forge/prompt_info.json:100% /2Ki, 0/s, -

<6>INFO  : 1.111.Level_10_Colossus_Seed_Forge/1.111.Level_10_Prompt.json: Copied (new)
<6>INFO  : 1.111.Level_10_Colossus_Seed_Forge/1.111.Level_10_YouTube_Metadata.json: Copied (new)
<6>INFO  : 1.111.Level_10_Colossus_Seed_Forge/prompt_info.json: Copied (new)
<6>INFO  : 1.111.Level_10_Colossus_Seed_Forge/youtube_metadata.json: Copied (new)
<6>INFO  : 1.111.Level_10_Colossus_Seed_Forge/1.111.Level_10_Colossus_Seed_Forge.mp4: Copied (new)
<6>INFO  : 1.112.Level_10_Solar_Bloom_Clock/1.112.Level_10_Prompt.json: Copied (new)
<6>INFO  : 1.112.Level_10_Solar_Bloom_Clock/1.112.Level_10_YouTube_Metadata.json: Copied (new)
<6>INFO  : 1.112.Level_10_Solar_Bloom_Clock/prompt_info.json: Copied (new)
<6>INFO  : 1.112.Level_10_Solar_Bloom_Clock/youtube_metadata.json: Copied (new)
<6>INFO  : 
Transferred:   	   71.388 MiB / 2.191 GiB, 3%, 876.470 KiB/s, ETA 42m17s
Transferred:           25 / 1086, 2%
Elapsed time:       3m0.6s
Transferring:
 * 1.112.Level_10_Solar_B…_Solar_Bloom_Clock.mp4:100% /8.995Mi, 1023.333Ki/s, 0s
 * 1.113.Level_10_The_Gra…3.Level_10_Prompt.json:  0% /2.107Ki, 0/s, -
 * 1.113.Level_10_The_Gra…ssland_Tide_Engine.mp4:  0% /9.797Mi, 0/s, -
 * 1.113.Level_10_The_Gra…_YouTube_Metadata.json:  0% /1.721Ki, 0/s, -

<6>INFO  : 
Transferred:   	   71.388 MiB / 2.191 GiB, 3%, 459.673 KiB/s, ETA 1h20m38s
Transferred:           25 / 1086, 2%
Elapsed time:      3m10.6s
Transferring:
 * 1.112.Level_10_Solar_B…_Solar_Bloom_Clock.mp4:100% /8.995Mi, 474.300Ki/s, 0s
 * 1.113.Level_10_The_Gra…3.Level_10_Prompt.json:  0% /2.107Ki, 0/s, -
 * 1.113.Level_10_The_Gra…ssland_Tide_Engine.mp4:  0% /9.797Mi, 0/s, -
 * 1.113.Level_10_The_Gra…_YouTube_Metadata.json:  0% /1.721Ki, 0/s, -

<6>INFO  : 
Transferred:   	   71.388 MiB / 2.191 GiB, 3%, 241.080 KiB/s, ETA 2h33m44s
Transferred:           25 / 1086, 2%
Elapsed time:      3m20.6s
Transferring:
 * 1.112.Level_10_Solar_B…_Solar_Bloom_Clock.mp4:100% /8.995Mi, 248.751Ki/s, 0s
 * 1.113.Level_10_The_Gra…3.Level_10_Prompt.json:  0% /2.107Ki, 0/s, -
 * 1.113.Level_10_The_Gra…ssland_Tide_Engine.mp4:  0% /9.797Mi, 0/s, -
 * 1.113.Level_10_The_Gra…_YouTube_Metadata.json:  0% /1.721Ki, 0/s, -

<6>INFO  : 
Transferred:   	   71.388 MiB / 2.191 GiB, 3%, 126.437 KiB/s, ETA 4h53m9s
Transferred:           25 / 1086, 2%
Elapsed time:      3m30.6s
Transferring:
 * 1.112.Level_10_Solar_B…_Solar_Bloom_Clock.mp4:100% /8.995Mi, 130.460Ki/s, 0s
 * 1.113.Level_10_The_Gra…3.Level_10_Prompt.json:  0% /2.107Ki, 0/s, -
 * 1.113.Level_10_The_Gra…ssland_Tide_Engine.mp4:  0% /9.797Mi, 0/s, -
 * 1.113.Level_10_The_Gra…_YouTube_Metadata.json:  0% /1.721Ki, 0/s, -

<6>INFO  : 
Transferred:   	   71.388 MiB / 2.191 GiB, 3%, 66.311 KiB/s, ETA 9h18m57s
Transferred:           25 / 1086, 2%
Elapsed time:      3m40.6s
Transferring:
 * 1.112.Level_10_Solar_B…_Solar_Bloom_Clock.mp4:100% /8.995Mi, 68.421Ki/s, 0s
 * 1.113.Level_10_The_Gra…3.Level_10_Prompt.json:  0% /2.107Ki, 0/s, -
 * 1.113.Level_10_The_Gra…ssland_Tide_Engine.mp4:  0% /9.797Mi, 0/s, -
 * 1.113.Level_10_The_Gra…_YouTube_Metadata.json:  0% /1.721Ki, 0/s, -

<6>INFO  : 
Transferred:   	   71.388 MiB / 2.191 GiB, 3%, 34.777 KiB/s, ETA 17h45m46s
Transferred:           25 / 1086, 2%
Elapsed time:      3m50.6s
Transferring:
 * 1.112.Level_10_Solar_B…_Solar_Bloom_Clock.mp4:100% /8.995Mi, 35.884Ki/s, 0s
 * 1.113.Level_10_The_Gra…3.Level_10_Prompt.json:  0% /2.107Ki, 0/s, -
 * 1.113.Level_10_The_Gra…ssland_Tide_Engine.mp4:  0% /9.797Mi, 0/s, -
 * 1.113.Level_10_The_Gra…_YouTube_Metadata.json:  0% /1.721Ki, 0/s, -

<6>INFO  : 
Transferred:   	   71.388 MiB / 2.191 GiB, 3%, 18.239 KiB/s, ETA 1d9h52m8s
Transferred:           25 / 1086, 2%
Elapsed time:       4m0.6s
Transferring:
 * 1.112.Level_10_Solar_B…_Solar_Bloom_Clock.mp4:100% /8.995Mi, 18.819Ki/s, 0s
 * 1.113.Level_10_The_Gra…3.Level_10_Prompt.json:  0% /2.107Ki, 0/s, -
 * 1.113.Level_10_The_Gra…ssland_Tide_Engine.mp4:  0% /9.797Mi, 0/s, -
 * 1.113.Level_10_The_Gra…_YouTube_Metadata.json:  0% /1.721Ki, 0/s, -

<6>INFO  : 
Transferred:   	   71.388 MiB / 2.191 GiB, 3%, 9.565 KiB/s, ETA 2d16h34m42s
Transferred:           25 / 1086, 2%
Elapsed time:      4m10.6s
Transferring:
 * 1.112.Level_10_Solar_B…_Solar_Bloom_Clock.mp4:100% /8.995Mi, 9.870Ki/s, 0s
 * 1.113.Level_10_The_Gra…3.Level_10_Prompt.json:  0% /2.107Ki, 0/s, -
 * 1.113.Level_10_The_Gra…ssland_Tide_Engine.mp4:  0% /9.797Mi, 0/s, -
 * 1.113.Level_10_The_Gra…_YouTube_Metadata.json:  0% /1.721Ki, 0/s, -

<6>INFO  : 
Transferred:   	   71.388 MiB / 2.191 GiB, 3%, 5.017 KiB/s, ETA 5d3h7m59s
Transferred:           25 / 1086, 2%
Elapsed time:      4m20.6s
Transferring:
 * 1.112.Level_10_Solar_B…_Solar_Bloom_Clock.mp4:100% /8.995Mi, 5.176Ki/s, 0s
 * 1.113.Level_10_The_Gra…3.Level_10_Prompt.json:  0% /2.107Ki, 0/s, -
 * 1.113.Level_10_The_Gra…ssland_Tide_Engine.mp4:  0% /9.797Mi, 0/s, -
 * 1.113.Level_10_The_Gra…_YouTube_Metadata.json:  0% /1.721Ki, 0/s, -

<6>INFO  : 
Transferred:   	   71.388 MiB / 2.191 GiB, 3%, 2.631 KiB/s, ETA 1w2d18h46m51s
Transferred:           25 / 1086, 2%
Elapsed time:      4m30.6s
Transferring:
 * 1.112.Level_10_Solar_B…_Solar_Bloom_Clock.mp4:100% /8.995Mi, 2.715Ki/s, 0s
 * 1.113.Level_10_The_Gra…3.Level_10_Prompt.json:  0% /2.107Ki, 0/s, -
 * 1.113.Level_10_The_Gra…ssland_Tide_Engine.mp4:  0% /9.797Mi, 0/s, -
 * 1.113.Level_10_The_Gra…_YouTube_Metadata.json:  0% /1.721Ki, 0/s, -

<6>INFO  : 
Transferred:   	   71.388 MiB / 2.191 GiB, 3%, 1.380 KiB/s, ETA 2w4d15h39m42s
Transferred:           25 / 1086, 2%
Elapsed time:      4m40.6s
Transferring:
 * 1.112.Level_10_Solar_B…_Solar_Bloom_Clock.mp4:100% /8.995Mi, 1.424Ki/s, 0s
 * 1.113.Level_10_The_Gra…3.Level_10_Prompt.json:  0% /2.107Ki, 0/s, -
 * 1.113.Level_10_The_Gra…ssland_Tide_Engine.mp4:  0% /9.797Mi, 0/s, -
 * 1.113.Level_10_The_Gra…_YouTube_Metadata.json:  0% /1.721Ki, 0/s, -

<6>INFO  : 1.113.Level_10_The_Grassland_Tide_Engine/1.113.Level_10_Prompt.json: Copied (new)
<6>INFO  : 1.113.Level_10_The_Grassland_Tide_Engine/1.113.Level_10_YouTube_Metadata.json: Copied (new)
<6>INFO  : 
Transferred:   	   81.192 MiB / 2.199 GiB, 4%, 962 B/s, ETA 3w6d8h42m59s
Transferred:           27 / 1086, 2%
Elapsed time:      4m50.6s
Transferring:
 * 1.112.Level_10_Solar_B…_Solar_Bloom_Clock.mp4:  0% /8.995Mi, 0/s, -
 * 1.113.Level_10_The_Gra…ssland_Tide_Engine.mp4:100% /9.797Mi, 626.991Ki/s, 0s
 * 1.113.Level_10_The_Gra…ngine/prompt_info.json:100% /2.107Ki, 0/s, -
 * 1.113.Level_10_The_Gra…/youtube_metadata.json:100% /1.721Ki, 1.720Ki/s, 0s

<6>INFO  : 1.113.Level_10_The_Grassland_Tide_Engine/prompt_info.json: Copied (new)
<6>INFO  : 1.113.Level_10_The_Grassland_Tide_Engine/youtube_metadata.json: Copied (new)
<6>INFO  : 1.113.Level_10_The_Grassland_Tide_Engine/1.113.Level_10_The_Grassland_Tide_Engine.mp4: Copied (new)
<6>INFO  : 1.114.Level_10_Skyroot_Rain_Harvester/1.114.Level_10_Prompt.json: Copied (new)
<6>INFO  : 1.114.Level_10_Skyroot_Rain_Harvester/1.114.Level_10_Skyroot_Rain_Harvester.mp4: Copied (new)
<6>INFO  : 1.114.Level_10_Skyroot_Rain_Harvester/1.114.Level_10_YouTube_Metadata.json: Copied (new)
<6>INFO  : 1.112.Level_10_Solar_Bloom_Clock/1.112.Level_10_Solar_Bloom_Clock.mp4: Copied (new)
<6>INFO  : 1.114.Level_10_Skyroot_Rain_Harvester/prompt_info.json: Copied (new)
<6>INFO  : 1.114.Level_10_Skyroot_Rain_Harvester/youtube_metadata.json: Copied (new)
<6>INFO  : 1.115.Level_10_Prairie_Wind_Shepherd/1.115.Level_10_Prairie_Wind_Shepherd.mp4: Copied (new)
<6>INFO  : 
Transferred:   	  107.021 MiB / 2.199 GiB, 5%, 1.413 MiB/s, ETA 25m18s
Transferred:           37 / 1086, 3%
Elapsed time:       5m0.6s
Transferring:
 * 1.115.Level_10_Prairie…5.Level_10_Prompt.json:  0% /2.311Ki, 0/s, -
 * 1.115.Level_10_Prairie…_YouTube_Metadata.json:  0% /1.637Ki, 0/s, -
 * 1.115.Level_10_Prairie…pherd/prompt_info.json:  0% /2.311Ki, 0/s, -
 * 1.115.Level_10_Prairie…/youtube_metadata.json:  0% /1.637Ki, 0/s, -

<6>INFO  : 
Transferred:   	  107.021 MiB / 2.199 GiB, 5%, 758.583 KiB/s, ETA 48m15s
Transferred:           37 / 1086, 3%
Elapsed time:      5m10.6s
Transferring:
 * 1.115.Level_10_Prairie…5.Level_10_Prompt.json:  0% /2.311Ki, 0/s, -
 * 1.115.Level_10_Prairie…_YouTube_Metadata.json:  0% /1.637Ki, 0/s, -
 * 1.115.Level_10_Prairie…pherd/prompt_info.json:  0% /2.311Ki, 0/s, -
 * 1.115.Level_10_Prairie…/youtube_metadata.json:  0% /1.637Ki, 0/s, -

<6>INFO  : 
Transferred:   	  107.023 MiB / 2.199 GiB, 5%, 397.921 KiB/s, ETA 1h32m
Transferred:           37 / 1086, 3%
Elapsed time:      5m20.6s
Transferring:
 * 1.115.Level_10_Prairie…5.Level_10_Prompt.json:  0% /2.311Ki, 0/s, -
 * 1.115.Level_10_Prairie…_YouTube_Metadata.json:  0% /1.637Ki, 0/s, -
 * 1.115.Level_10_Prairie…pherd/prompt_info.json:  0% /2.311Ki, 0/s, -
 * 1.115.Level_10_Prairie…/youtube_metadata.json:  0% /1.637Ki, 0/s, -

<6>INFO  : 
Transferred:   	  107.023 MiB / 2.199 GiB, 5%, 208.693 KiB/s, ETA 2h55m25s
Transferred:           37 / 1086, 3%
Elapsed time:      5m30.6s
Transferring:
 * 1.115.Level_10_Prairie…5.Level_10_Prompt.json:  0% /2.311Ki, 0/s, -
 * 1.115.Level_10_Prairie…_YouTube_Metadata.json:  0% /1.637Ki, 0/s, -
 * 1.115.Level_10_Prairie…pherd/prompt_info.json:  0% /2.311Ki, 0/s, -
 * 1.115.Level_10_Prairie…/youtube_metadata.json:  0% /1.637Ki, 0/s, -

<6>INFO  : 
Transferred:   	  107.023 MiB / 2.199 GiB, 5%, 109.451 KiB/s, ETA 5h34m29s
Transferred:           37 / 1086, 3%
Elapsed time:      5m40.6s
Transferring:
 * 1.115.Level_10_Prairie…5.Level_10_Prompt.json:  0% /2.311Ki, 0/s, -
 * 1.115.Level_10_Prairie…_YouTube_Metadata.json:  0% /1.637Ki, 0/s, -
 * 1.115.Level_10_Prairie…pherd/prompt_info.json:  0% /2.311Ki, 0/s, -
 * 1.115.Level_10_Prairie…/youtube_metadata.json:  0% /1.637Ki, 0/s, -

<6>INFO  : 1.115.Level_10_Prairie_Wind_Shepherd/1.115.Level_10_YouTube_Metadata.json: Copied (new)
<6>INFO  : 1.115.Level_10_Prairie_Wind_Shepherd/1.115.Level_10_Prompt.json: Copied (new)
<6>INFO  : 1.115.Level_10_Prairie_Wind_Shepherd/youtube_metadata.json: Copied (new)
<6>INFO  : 1.115.Level_10_Prairie_Wind_Shepherd/prompt_info.json: Copied (new)
<6>INFO  : 
Transferred:   	  115.037 MiB / 2.199 GiB, 5%, 57.865 KiB/s, ETA 10h30m19s
Transferred:           41 / 1086, 4%
Elapsed time:      5m50.6s
Transferring:
 * 1.116.Level_10_The_Bur…6.Level_10_Prompt.json:100% /2.310Ki, 2.309Ki/s, 0s
 * 1.116.Level_10_The_Bur…he_Buried_Sunwheel.mp4: 70% /11.410Mi, 0/s, -
 * 1.116.Level_10_The_Bur…_YouTube_Metadata.json:100% /1.708Ki, 1.707Ki/s, 0s
 * 1.116.Level_10_The_Bur…wheel/prompt_info.json:100% /2.310Ki, 0/s, -

<6>INFO  : 1.116.Level_10_The_Buried_Sunwheel/1.116.Level_10_Prompt.json: Copied (new)
<6>INFO  : 1.116.Level_10_The_Buried_Sunwheel/1.116.Level_10_YouTube_Metadata.json: Copied (new)
<6>INFO  : 1.116.Level_10_The_Buried_Sunwheel/1.116.Level_10_The_Buried_Sunwheel.mp4: Copied (new)
<6>INFO  : 1.116.Level_10_The_Buried_Sunwheel/prompt_info.json: Copied (new)
<6>INFO  : 1.116.Level_10_The_Buried_Sunwheel/youtube_metadata.json: Copied (new)
<6>INFO  : 1.117.Level_10_Thunderhoof_Generator/1.117.Level_10_Prompt.json: Copied (new)
<6>INFO  : 1.117.Level_10_Thunderhoof_Generator/1.117.Level_10_YouTube_Metadata.json: Copied (new)
<6>INFO  : 1.117.Level_10_Thunderhoof_Generator/prompt_info.json: Copied (new)
<6>INFO  : 1.117.Level_10_Thunderhoof_Generator/1.117.Level_10_Thunderhoof_Generator.mp4: Copied (new)
<6>INFO  : 1.117.Level_10_Thunderhoof_Generator/youtube_metadata.json: Copied (new)
<6>INFO  : 1.101.Level_10_Planetary_Pruning_Spider/1.101.Level_10_Prompt.json: Copied (new)
<6>INFO  : 1.101.Level_10_Planetary_Pruning_Spider/1.101.Level_10_YouTube_Metadata.json: Copied (new)
<6>INFO  : 1.101.Level_10_Planetary_Pruning_Spider/prompt_info.json: Copied (new)
<6>INFO  : 1.101.Level_10_Planetary_Pruning_Spider/1.101.Level_10_Planetary_Pruning_Spider.mp4: Copied (new)
<6>INFO  : 
Transferred:   	  140.397 MiB / 2.199 GiB, 6%, 1.356 MiB/s, ETA 25m57s
Transferred:           55 / 1086, 5%
Elapsed time:       6m0.6s
Transferring:
 * 1.101.Level_10_Planeta…/youtube_metadata.json:  0% /1.774Ki, 0/s, -
 * 1.102.Level_10_Infinit…e_Orchard_Conveyor.mp4:  0% /11.079Mi, 0/s, -
 * 1.102.Level_10_Infinit…2.Level_10_Prompt.json:  0% /2.436Ki, 0/s, -
 * 1.102.Level_10_Infinit…_YouTube_Metadata.json:  0% /1.727Ki, 0/s, -

<6>INFO  : 
Transferred:   	  140.397 MiB / 2.199 GiB, 6%, 728.094 KiB/s, ETA 49m30s
Transferred:           55 / 1086, 5%
Elapsed time:      6m10.6s
Transferring:
 * 1.101.Level_10_Planeta…/youtube_metadata.json:  0% /1.774Ki, 0/s, -
 * 1.102.Level_10_Infinit…e_Orchard_Conveyor.mp4:  0% /11.079Mi, 0/s, -
 * 1.102.Level_10_Infinit…2.Level_10_Prompt.json:  0% /2.436Ki, 0/s, -
 * 1.102.Level_10_Infinit…_YouTube_Metadata.json:  0% /1.727Ki, 0/s, -

<6>INFO  : 
Transferred:   	  140.397 MiB / 2.199 GiB, 6%, 381.856 KiB/s, ETA 1h34m23s
Transferred:           55 / 1086, 5%
Elapsed time:      6m20.6s
Transferring:
 * 1.101.Level_10_Planeta…/youtube_metadata.json:  0% /1.774Ki, 0/s, -
 * 1.102.Level_10_Infinit…e_Orchard_Conveyor.mp4:  0% /11.079Mi, 0/s, -
 * 1.102.Level_10_Infinit…2.Level_10_Prompt.json:  0% /2.436Ki, 0/s, -
 * 1.102.Level_10_Infinit…_YouTube_Metadata.json:  0% /1.727Ki, 0/s, -

<6>INFO  : 
Transferred:   	  140.397 MiB / 2.199 GiB, 6%, 200.269 KiB/s, ETA 2h59m57s
Transferred:           55 / 1086, 5%
Elapsed time:      6m30.6s
Transferring:
 * 1.101.Level_10_Planeta…/youtube_metadata.json:  0% /1.774Ki, 0/s, -
 * 1.102.Level_10_Infinit…e_Orchard_Conveyor.mp4:  0% /11.079Mi, 0/s, -
 * 1.102.Level_10_Infinit…2.Level_10_Prompt.json:  0% /2.436Ki, 0/s, -
 * 1.102.Level_10_Infinit…_YouTube_Metadata.json:  0% /1.727Ki, 0/s, -

<6>INFO  : 
Transferred:   	  140.397 MiB / 2.199 GiB, 6%, 105.032 KiB/s, ETA 5h43m8s
Transferred:           55 / 1086, 5%
Elapsed time:      6m40.6s
Transferring:
 * 1.101.Level_10_Planeta…/youtube_metadata.json:  0% /1.774Ki, 0/s, -
 * 1.102.Level_10_Infinit…e_Orchard_Conveyor.mp4:  0% /11.079Mi, 0/s, -
 * 1.102.Level_10_Infinit…2.Level_10_Prompt.json:  0% /2.436Ki, 0/s, -
 * 1.102.Level_10_Infinit…_YouTube_Metadata.json:  0% /1.727Ki, 0/s, -

<6>INFO  : 1.101.Level_10_Planetary_Pruning_Spider/youtube_metadata.json: Copied (new)
<6>INFO  : 1.102.Level_10_Infinite_Orchard_Conveyor/1.102.Level_10_Prompt.json: Copied (new)
<6>INFO  : 1.102.Level_10_Infinite_Orchard_Conveyor/1.102.Level_10_YouTube_Metadata.json: Copied (new)
<6>INFO  : 1.102.Level_10_Infinite_Orchard_Conveyor/1.102.Level_10_Infinite_Orchard_Conveyor.mp4: Copied (new)
<6>INFO  : 1.102.Level_10_Infinite_Orchard_Conveyor/youtube_metadata.json: Copied (new)
<6>INFO  : 1.103.Level_10_Solar_Titan_Harvester/1.103.Level_10_Prompt.json: Copied (new)
<6>INFO  : 1.102.Level_10_Infinite_Orchard_Conveyor/prompt_info.json: Copied (new)
<6>INFO  : 1.103.Level_10_Solar_Titan_Harvester/1.103.Level_10_Solar_Titan_Harvester.mp4: Copied (new)
<6>INFO  : 1.103.Level_10_Solar_Titan_Harvester/1.103.Level_10_YouTube_Metadata.json: Copied (new)
<6>INFO  : 1.103.Level_10_Solar_Titan_Harvester/prompt_info.json: Copied (new)
<6>INFO  : 
Transferred:   	  164.723 MiB / 2.199 GiB, 7%, 1.490 MiB/s, ETA 23m20s
Transferred:           65 / 1086, 6%
Elapsed time:      6m50.6s
Transferring:
 * 1.103.Level_10_Solar_T…/youtube_metadata.json:100% /1.725Ki, 0/s, -
 * 1.104.Level_10_Sunflow…4.Level_10_Prompt.json:  0% /1.935Ki, 0/s, -
 * 1.104.Level_10_Sunflow…Sunflower_Skywheel.mp4:  0% /12.009Mi, 0/s, -
 * 1.104.Level_10_Sunflow…_YouTube_Metadata.json:  0% /1.759Ki, 0/s, -

<6>INFO  : 1.104.Level_10_Sunflower_Skywheel/1.104.Level_10_Prompt.json: Copied (new)
<6>INFO  : 1.104.Level_10_Sunflower_Skywheel/1.104.Level_10_YouTube_Metadata.json: Copied (new)
<6>INFO  : 1.103.Level_10_Solar_Titan_Harvester/youtube_metadata.json: Copied (new)
<6>INFO  : 1.104.Level_10_Sunflower_Skywheel/prompt_info.json: Copied (new)
<6>INFO  : 1.104.Level_10_Sunflower_Skywheel/1.104.Level_10_Sunflower_Skywheel.mp4: Copied (new)
<6>INFO  : 1.104.Level_10_Sunflower_Skywheel/youtube_metadata.json: Copied (new)
<6>INFO  : 1.105.Level_10_Helios_Field_Cathedral/1.105.Level_10_YouTube_Metadata.json: Copied (new)
<6>INFO  : 1.105.Level_10_Helios_Field_Cathedral/1.105.Level_10_Prompt.json: Copied (new)
<6>INFO  : 1.105.Level_10_Helios_Field_Cathedral/prompt_info.json: Copied (new)
<6>INFO  : 1.105.Level_10_Helios_Field_Cathedral/1.105.Level_10_Helios_Field_Cathedral.mp4: Copied (new)
<6>INFO  : 1.105.Level_10_Helios_Field_Cathedral/youtube_metadata.json: Copied (new)
<6>INFO  : 1.106.Level_10_Titanic_Sun_Tracker/1.106.Level_10_Prompt.json: Copied (new)
<6>INFO  : 
Transferred:   	  201.633 MiB / 2.199 GiB, 9%, 2.336 MiB/s, ETA 14m37s
Transferred:           77 / 1086, 7%
Elapsed time:       7m0.6s
Transferring:
 * 1.106.Level_10_Titanic…itanic_Sun_Tracker.mp4:100% /8.275Mi, 1.379Mi/s, 0s
 * 1.106.Level_10_Titanic…_YouTube_Metadata.json:  0% /1.758Ki, 0/s, -
 * 1.106.Level_10_Titanic…acker/prompt_info.json:  0% /2.022Ki, 0/s, -
 * 1.106.Level_10_Titanic…/youtube_metadata.json:  0% /1.758Ki, 0/s, -

<6>INFO  : 
Transferred:   	  201.633 MiB / 2.199 GiB, 9%, 1.225 MiB/s, ETA 27m53s
Transferred:           77 / 1086, 7%
Elapsed time:      7m10.6s
Transferring:
 * 1.106.Level_10_Titanic…itanic_Sun_Tracker.mp4:100% /8.275Mi, 529.567Ki/s, 0s
 * 1.106.Level_10_Titanic…_YouTube_Metadata.json:  0% /1.758Ki, 0/s, -
 * 1.106.Level_10_Titanic…acker/prompt_info.json:  0% /2.022Ki, 0/s, -
 * 1.106.Level_10_Titanic…/youtube_metadata.json:  0% /1.758Ki, 0/s, -

<6>INFO  : 
Transferred:   	  201.633 MiB / 2.199 GiB, 9%, 658.043 KiB/s, ETA 53m10s
Transferred:           77 / 1086, 7%
Elapsed time:      7m20.6s
Transferring:
 * 1.106.Level_10_Titanic…itanic_Sun_Tracker.mp4:100% /8.275Mi, 277.737Ki/s, 0s
 * 1.106.Level_10_Titanic…_YouTube_Metadata.json:  0% /1.758Ki, 0/s, -
 * 1.106.Level_10_Titanic…acker/prompt_info.json:  0% /2.022Ki, 0/s, -
 * 1.106.Level_10_Titanic…/youtube_metadata.json:  0% /1.758Ki, 0/s, -

<6>INFO  : 
Transferred:   	  201.633 MiB / 2.199 GiB, 9%, 345.117 KiB/s, ETA 1h41m24s
Transferred:           77 / 1086, 7%
Elapsed time:      7m30.6s
Transferring:
 * 1.106.Level_10_Titanic…itanic_Sun_Tracker.mp4:100% /8.275Mi, 145.662Ki/s, 0s
 * 1.106.Level_10_Titanic…_YouTube_Metadata.json:  0% /1.758Ki, 0/s, -
 * 1.106.Level_10_Titanic…acker/prompt_info.json:  0% /2.022Ki, 0/s, -
 * 1.106.Level_10_Titanic…/youtube_metadata.json:  0% /1.758Ki, 0/s, -

<6>INFO  : 
Transferred:   	  201.633 MiB / 2.199 GiB, 9%, 181 KiB/s, ETA 3h13m20s
Transferred:           77 / 1086, 7%
Elapsed time:      7m40.6s
Transferring:
 * 1.106.Level_10_Titanic…itanic_Sun_Tracker.mp4:100% /8.275Mi, 76.394Ki/s, 0s
 * 1.106.Level_10_Titanic…_YouTube_Metadata.json:  0% /1.758Ki, 0/s, -
 * 1.106.Level_10_Titanic…acker/prompt_info.json:  0% /2.022Ki, 0/s, -
 * 1.106.Level_10_Titanic…/youtube_metadata.json:  0% /1.758Ki, 0/s, -

<6>INFO  : 1.106.Level_10_Titanic_Sun_Tracker/youtube_metadata.json: Copied (new)
<6>INFO  : 
Transferred:   	  201.638 MiB / 2.199 GiB, 9%, 95.030 KiB/s, ETA 6h8m15s
Transferred:           78 / 1086, 7%
Elapsed time:      7m50.6s
Transferring:
 * 1.106.Level_10_Titanic…itanic_Sun_Tracker.mp4:100% /8.275Mi, 40.065Ki/s, 0s
 * 1.106.Level_10_Titanic…_YouTube_Metadata.json:100% /1.758Ki, 0/s, -
 * 1.106.Level_10_Titanic…acker/prompt_info.json:100% /2.022Ki, 0/s, -
 * 1.107.Level_10_The_Gol…7.Level_10_Prompt.json:  0% /2.124Ki, 0/s, -

<6>INFO  : 1.106.Level_10_Titanic_Sun_Tracker/1.106.Level_10_YouTube_Metadata.json: Copied (new)
<6>INFO  : 1.106.Level_10_Titanic_Sun_Tracker/prompt_info.json: Copied (new)
<6>INFO  : 
Transferred:   	  201.642 MiB / 2.207 GiB, 9%, 50.148 KiB/s, ETA 11h40m39s
Transferred:           80 / 1086, 7%
Elapsed time:       8m0.6s
Transferring:
 * 1.106.Level_10_Titanic…itanic_Sun_Tracker.mp4:  0% /8.275Mi, 0/s, -
 * 1.107.Level_10_The_Gol…7.Level_10_Prompt.json:  0% /2.124Ki, 0/s, -
 * 1.107.Level_10_The_Gol…Golden_Root_Engine.mp4:  0% /8.774Mi, 0/s, -
 * 1.107.Level_10_The_Gol…_YouTube_Metadata.json:  0% /1.686Ki, 0/s, -

<6>INFO  : 
Transferred:   	  201.642 MiB / 2.207 GiB, 9%, 26.301 KiB/s, ETA 22h15m57s
Transferred:           80 / 1086, 7%
Elapsed time:      8m10.6s
Transferring:
 * 1.106.Level_10_Titanic…itanic_Sun_Tracker.mp4:  0% /8.275Mi, 0/s, -
 * 1.107.Level_10_The_Gol…7.Level_10_Prompt.json:  0% /2.124Ki, 0/s, -
 * 1.107.Level_10_The_Gol…Golden_Root_Engine.mp4:  0% /8.774Mi, 0/s, -
 * 1.107.Level_10_The_Gol…_YouTube_Metadata.json:  0% /1.686Ki, 0/s, -

<6>INFO  : 
Transferred:   	  201.642 MiB / 2.207 GiB, 9%, 13.793 KiB/s, ETA 1d18h27m17s
Transferred:           80 / 1086, 7%
Elapsed time:      8m20.6s
Transferring:
 * 1.106.Level_10_Titanic…itanic_Sun_Tracker.mp4:  0% /8.275Mi, 0/s, -
 * 1.107.Level_10_The_Gol…7.Level_10_Prompt.json:  0% /2.124Ki, 0/s, -
 * 1.107.Level_10_The_Gol…Golden_Root_Engine.mp4:  0% /8.774Mi, 0/s, -
 * 1.107.Level_10_The_Gol…_YouTube_Metadata.json:  0% /1.686Ki, 0/s, -

<6>INFO  : 
Transferred:   	  201.642 MiB / 2.207 GiB, 9%, 7.233 KiB/s, ETA 3d8h56m58s
Transferred:           80 / 1086, 7%
Elapsed time:      8m30.6s
Transferring:
 * 1.106.Level_10_Titanic…itanic_Sun_Tracker.mp4:  0% /8.275Mi, 0/s, -
 * 1.107.Level_10_The_Gol…7.Level_10_Prompt.json:  0% /2.124Ki, 0/s, -
 * 1.107.Level_10_The_Gol…Golden_Root_Engine.mp4:  0% /8.774Mi, 0/s, -
 * 1.107.Level_10_The_Gol…_YouTube_Metadata.json:  0% /1.686Ki, 0/s, -

<6>INFO  : 
Transferred:   	  201.642 MiB / 2.207 GiB, 9%, 3.794 KiB/s, ETA 6d10h20m53s
Transferred:           80 / 1086, 7%
Elapsed time:      8m40.6s
Transferring:
 * 1.106.Level_10_Titanic…itanic_Sun_Tracker.mp4:  0% /8.275Mi, 0/s, -
 * 1.107.Level_10_The_Gol…7.Level_10_Prompt.json:  0% /2.124Ki, 0/s, -
 * 1.107.Level_10_The_Gol…Golden_Root_Engine.mp4:  0% /8.774Mi, 0/s, -
 * 1.107.Level_10_The_Gol…_YouTube_Metadata.json:  0% /1.686Ki, 0/s, -

<6>INFO  : 1.107.Level_10_The_Golden_Root_Engine/1.107.Level_10_YouTube_Metadata.json: Copied (new)
<6>INFO  : 1.107.Level_10_The_Golden_Root_Engine/1.107.Level_10_Prompt.json: Copied (new)
<6>INFO  : 1.106.Level_10_Titanic_Sun_Tracker/1.106.Level_10_Titanic_Sun_Tracker.mp4: Copied (new)
<6>INFO  : 1.107.Level_10_The_Golden_Root_Engine/1.107.Level_10_The_Golden_Root_Engine.mp4: Copied (new)
<6>INFO  : 1.107.Level_10_The_Golden_Root_Engine/prompt_info.json: Copied (new)
<6>INFO  : 1.107.Level_10_The_Golden_Root_Engine/youtube_metadata.json: Copied (new)
<6>INFO  : 1.120.Level_10_Cloudshadow_Irrigator/1.120.Level_10_YouTube_Metadata.json: Copied (new)
<6>INFO  : 1.120.Level_10_Cloudshadow_Irrigator/1.120.Level_10_Prompt.json: Copied (new)
<6>INFO  : 1.120.Level_10_Cloudshadow_Irrigator/prompt_info.json: Copied (new)
<6>INFO  : 1.120.Level_10_Cloudshadow_Irrigator/1.120.Level_10_Cloudshadow_Irrigator.mp4: Copied (new)
<6>INFO  : 1.120.Level_10_Cloudshadow_Irrigator/youtube_metadata.json: Copied (new)
<6>INFO  : 1.126.Level_10_Sandstorm_Kinetic_Foundry/1.126.Level_10_Prompt.json: Copied (new)
<6>INFO  : 1.126.Level_10_Sandstorm_Kinetic_Foundry/1.126.Level_10_YouTube_Metadata.json: Copied (new)
<6>INFO  : 1.126.Level_10_Sandstorm_Kinetic_Foundry/1.126.Level_10_Sandstorm_Kinetic_Foundry.mp4: Copied (new)
<6>INFO  : 1.126.Level_10_Sandstorm_Kinetic_Foundry/prompt_info.json: Copied (new)
<6>INFO  : 1.127.Level_10_The_Obsidian_Dune_Walker/1.127.Level_10_Prompt.json: Copied (new)
<6>INFO  : 1.126.Level_10_Sandstorm_Kinetic_Foundry/youtube_metadata.json: Copied (new)
<6>INFO  : 1.127.Level_10_The_Obsidian_Dune_Walker/1.127.Level_10_The_Obsidian_Dune_Walker.mp4: Copied (new)
<6>INFO  : 1.127.Level_10_The_Obsidian_Dune_Walker/1.127.Level_10_YouTube_Metadata.json: Copied (new)
<6>INFO  : 
Transferred:   	  241.019 MiB / 2.207 GiB, 11%, 2.033 MiB/s, ETA 16m33s
Transferred:           99 / 1086, 9%
Elapsed time:      8m50.6s
Transferring:
 * 1.127.Level_10_The_Obs…alker/prompt_info.json:100% /1.872Ki, 0/s, -
 * 1.127.Level_10_The_Obs…/youtube_metadata.json:100% /1.586Ki, 0/s, -
 * 1.128.Level_10_Crystal…_Sand_Sifter_Titan.mp4:  0% /10.211Mi, 0/s, -
 * 1.128.Level_10_Crystal…8.Level_10_Prompt.json:100% /2.199Ki, 0/s, -

<6>INFO  : 1.127.Level_10_The_Obsidian_Dune_Walker/prompt_info.json: Copied (new)
<6>INFO  : 1.127.Level_10_The_Obsidian_Dune_Walker/youtube_metadata.json: Copied (new)
<6>INFO  : 1.128.Level_10_Crystalline_Sand_Sifter_Titan/1.128.Level_10_Prompt.json: Copied (new)
<6>INFO  : 1.128.Level_10_Crystalline_Sand_Sifter_Titan/1.128.Level_10_YouTube_Metadata.json: Copied (new)
<6>INFO  : 1.128.Level_10_Crystalline_Sand_Sifter_Titan/prompt_info.json: Copied (new)
<6>INFO  : 1.128.Level_10_Crystalline_Sand_Sifter_Titan/1.128.Level_10_Crystalline_Sand_Sifter_Titan.mp4: Copied (new)
<6>INFO  : 1.128.Level_10_Crystalline_Sand_Sifter_Titan/youtube_metadata.json: Copied (new)
<6>INFO  : 1.129.Level_10_The_Subterranean_Aquifer_Drill/1.129.Level_10_Prompt.json: Copied (new)
<6>INFO  : 1.129.Level_10_The_Subterranean_Aquifer_Drill/prompt_info.json: Copied (new)
<6>INFO  : 1.129.Level_10_The_Subterranean_Aquifer_Drill/1.129.Level_10_YouTube_Metadata.json: Copied (new)
<6>INFO  : 1.129.Level_10_The_Subterranean_Aquifer_Drill/1.129.Level_10_The_Subterranean_Aquifer_Drill.mp4: Copied (new)
<6>INFO  : 1.129.Level_10_The_Subterranean_Aquifer_Drill/youtube_metadata.json: Copied (new)
<6>INFO  : 
Transferred:   	  267.652 MiB / 2.215 GiB, 12%, 2.143 MiB/s, ETA 15m33s
Transferred:          111 / 1086, 10%
Elapsed time:       9m0.6s
Transferring:
 * 1.130.Level_10_Desert_…Sun-Forge_Colossus.mp4:  0% /7.744Mi, 0/s, -
 * 1.130.Level_10_Desert_…0.Level_10_Prompt.json:  0% /2.072Ki, 0/s, -
 * 1.130.Level_10_Desert_…_YouTube_Metadata.json:  0% /1.343Ki, 0/s, -
 * 1.130.Level_10_Desert_…ossus/prompt_info.json:  0% /2.072Ki, 0/s, -

<6>INFO  : 
Transferred:   	  267.652 MiB / 2.215 GiB, 12%, 1.124 MiB/s, ETA 29m39s
Transferred:          111 / 1086, 10%
Elapsed time:      9m10.6s
Transferring:
 * 1.130.Level_10_Desert_…Sun-Forge_Colossus.mp4:  0% /7.744Mi, 0/s, -
 * 1.130.Level_10_Desert_…0.Level_10_Prompt.json:  0% /2.072Ki, 0/s, -
 * 1.130.Level_10_Desert_…_YouTube_Metadata.json:  0% /1.343Ki, 0/s, -
 * 1.130.Level_10_Desert_…ossus/prompt_info.json:  0% /2.072Ki, 0/s, -

<6>INFO  : 
Transferred:   	  267.652 MiB / 2.215 GiB, 12%, 603.655 KiB/s, ETA 56m33s
Transferred:          111 / 1086, 10%
Elapsed time:      9m20.6s
Transferring:
 * 1.130.Level_10_Desert_…Sun-Forge_Colossus.mp4:  0% /7.744Mi, 0/s, -
 * 1.130.Level_10_Desert_…0.Level_10_Prompt.json:  0% /2.072Ki, 0/s, -
 * 1.130.Level_10_Desert_…_YouTube_Metadata.json:  0% /1.343Ki, 0/s, -
 * 1.130.Level_10_Desert_…ossus/prompt_info.json:  0% /2.072Ki, 0/s, -

<6>INFO  : 
Transferred:   	  267.652 MiB / 2.215 GiB, 12%, 316.593 KiB/s, ETA 1h47m50s
Transferred:          111 / 1086, 10%
Elapsed time:      9m30.6s
Transferring:
 * 1.130.Level_10_Desert_…Sun-Forge_Colossus.mp4:  0% /7.744Mi, 0/s, -
 * 1.130.Level_10_Desert_…0.Level_10_Prompt.json:  0% /2.072Ki, 0/s, -
 * 1.130.Level_10_Desert_…_YouTube_Metadata.json:  0% /1.343Ki, 0/s, -
 * 1.130.Level_10_Desert_…ossus/prompt_info.json:  0% /2.072Ki, 0/s, -

<6>INFO  : 
Transferred:   	  267.652 MiB / 2.215 GiB, 12%, 166.040 KiB/s, ETA 3h25m37s
Transferred:          111 / 1086, 10%
Elapsed time:      9m40.6s
Transferring:
 * 1.130.Level_10_Desert_…Sun-Forge_Colossus.mp4:  0% /7.744Mi, 0/s, -
 * 1.130.Level_10_Desert_…0.Level_10_Prompt.json:  0% /2.072Ki, 0/s, -
 * 1.130.Level_10_Desert_…_YouTube_Metadata.json:  0% /1.343Ki, 0/s, -
 * 1.130.Level_10_Desert_…ossus/prompt_info.json:  0% /2.072Ki, 0/s, -

<6>INFO  : 1.130.Level_10_Desert_Sun-Forge_Colossus/prompt_info.json: Copied (new)
<6>INFO  : 1.130.Level_10_Desert_Sun-Forge_Colossus/1.130.Level_10_Prompt.json: Copied (new)
<6>INFO  : 1.130.Level_10_Desert_Sun-Forge_Colossus/1.130.Level_10_YouTube_Metadata.json: Copied (new)
<6>INFO  : 1.130.Level_10_Desert_Sun-Forge_Colossus/1.130.Level_10_Desert_Sun-Forge_Colossus.mp4: Copied (new)
<6>INFO  : 1.130.Level_10_Desert_Sun-Forge_Colossus/youtube_metadata.json: Copied (new)
<6>INFO  : 1.131.Level_10_The_Shifting_Sand_Ocean_Ark/1.131.Level_10_Prompt.json: Copied (new)
<6>INFO  : 1.131.Level_10_The_Shifting_Sand_Ocean_Ark/1.131.Level_10_YouTube_Metadata.json: Copied (new)
<6>INFO  : 1.131.Level_10_The_Shifting_Sand_Ocean_Ark/prompt_info.json: Copied (new)
<6>INFO  : 1.131.Level_10_The_Shifting_Sand_Ocean_Ark/1.131.Level_10_The_Shifting_Sand_Ocean_Ark.mp4: Copied (new)
<6>INFO  : 1.131.Level_10_The_Shifting_Sand_Ocean_Ark/youtube_metadata.json: Copied (new)
<6>INFO  : 1.132.Level_10_The_Infinite_Desert_Terraformer/prompt_info.json: Copied (new)
<6>INFO  : 
Transferred:   	  289.388 MiB / 2.215 GiB, 13%, 668.213 KiB/s, ETA 50m32s
Transferred:          122 / 1086, 11%
Elapsed time:      9m50.6s
Transferring:
 * 1.132.Level_10_The_Inf…2.Level_10_Prompt.json:100% /2.163Ki, 738/s, 0s
 * 1.132.Level_10_The_Inf…Desert_Terraformer.mp4:100% /10.226Mi, 3.409Mi/s, 0s
 * 1.132.Level_10_The_Inf…_YouTube_Metadata.json:100% /1.636Ki, 0/s, -
 * 1.132.Level_10_The_Inf…/youtube_metadata.json:  0% /1.636Ki, 0/s, -

<6>INFO  : 1.132.Level_10_The_Infinite_Desert_Terraformer/1.132.Level_10_YouTube_Metadata.json: Copied (new)
<6>INFO  : 1.132.Level_10_The_Infinite_Desert_Terraformer/1.132.Level_10_Prompt.json: Copied (new)
<6>INFO  : 1.132.Level_10_The_Infinite_Desert_Terraformer/1.132.Level_10_The_Infinite_Desert_Terraformer.mp4: Copied (new)
<6>INFO  : 1.132.Level_10_The_Infinite_Desert_Terraformer/youtube_metadata.json: Copied (new)
<6>INFO  : 1.133.Level_10_The_Golden_Husk_Sifter/1.133.Level_10_Prompt.json: Copied (new)
<6>INFO  : 1.133.Level_10_The_Golden_Husk_Sifter/1.133.Level_10_YouTube_Metadata.json: Copied (new)
<6>INFO  : 1.133.Level_10_The_Golden_Husk_Sifter/1.133.Level_10_The_Golden_Husk_Sifter.mp4: Copied (new)
<6>INFO  : 1.133.Level_10_The_Golden_Husk_Sifter/prompt_info.json: Copied (new)
<6>INFO  : 1.134.Level_10_The_Corn_Maze_Planetary_Combine/1.134.Level_10_Prompt.json: Copied (new)
<6>INFO  : 1.133.Level_10_The_Golden_Husk_Sifter/youtube_metadata.json: Copied (new)
<6>INFO  : 1.134.Level_10_The_Corn_Maze_Planetary_Combine/1.134.Level_10_YouTube_Metadata.json: Copied (new)
<6>INFO  : 1.134.Level_10_The_Corn_Maze_Planetary_Combine/1.134.Level_10_The_Corn_Maze_Planetary_Combine.mp4: Copied (new)
<6>INFO  : 1.134.Level_10_The_Corn_Maze_Planetary_Combine/prompt_info.json: Copied (new)
<6>INFO  : 
Transferred:   	  317.147 MiB / 2.215 GiB, 14%, 1.820 MiB/s, ETA 17m52s
Transferred:          135 / 1086, 12%
Elapsed time:      10m0.6s
Transferring:
 * 1.134.Level_10_The_Cor…/youtube_metadata.json:  0% /1.458Ki, 0/s, -
 * 1.118.Level_10_Prairie…irie_Memory_Engine.mp4:  0% /7.700Mi, 0/s, -
 * 1.118.Level_10_Prairie…8.Level_10_Prompt.json:  0% /2.263Ki, 0/s, -
 * 1.118.Level_10_Prairie…_YouTube_Metadata.json:  0% /1.600Ki, 0/s, -

<6>INFO  : 
Transferred:   	  317.147 MiB / 2.215 GiB, 14%, 977.405 KiB/s, ETA 34m4s
Transferred:          135 / 1086, 12%
Elapsed time:     10m10.6s
Transferring:
 * 1.134.Level_10_The_Cor…/youtube_metadata.json:  0% /1.458Ki, 0/s, -
 * 1.118.Level_10_Prairie…irie_Memory_Engine.mp4:  0% /7.700Mi, 0/s, -
 * 1.118.Level_10_Prairie…8.Level_10_Prompt.json:  0% /2.263Ki, 0/s, -
 * 1.118.Level_10_Prairie…_YouTube_Metadata.json:  0% /1.600Ki, 0/s, -

<6>INFO  : 
Transferred:   	  317.147 MiB / 2.215 GiB, 14%, 512.610 KiB/s, ETA 1h4m57s
Transferred:          135 / 1086, 12%
Elapsed time:     10m20.6s
Transferring:
 * 1.134.Level_10_The_Cor…/youtube_metadata.json:  0% /1.458Ki, 0/s, -
 * 1.118.Level_10_Prairie…irie_Memory_Engine.mp4:  0% /7.700Mi, 0/s, -
 * 1.118.Level_10_Prairie…8.Level_10_Prompt.json:  0% /2.263Ki, 0/s, -
 * 1.118.Level_10_Prairie…_YouTube_Metadata.json:  0% /1.600Ki, 0/s, -

<6>INFO  : 
Transferred:   	  317.147 MiB / 2.215 GiB, 14%, 268.844 KiB/s, ETA 2h3m51s
Transferred:          135 / 1086, 12%
Elapsed time:     10m30.6s
Transferring:
 * 1.134.Level_10_The_Cor…/youtube_metadata.json:  0% /1.458Ki, 0/s, -
 * 1.118.Level_10_Prairie…irie_Memory_Engine.mp4:  0% /7.700Mi, 0/s, -
 * 1.118.Level_10_Prairie…8.Level_10_Prompt.json:  0% /2.263Ki, 0/s, -
 * 1.118.Level_10_Prairie…_YouTube_Metadata.json:  0% /1.600Ki, 0/s, -

<6>INFO  : 
Transferred:   	  317.147 MiB / 2.215 GiB, 14%, 140.998 KiB/s, ETA 3h56m9s
Transferred:          135 / 1086, 12%
Elapsed time:     10m40.6s
Transferring:
 * 1.134.Level_10_The_Cor…/youtube_metadata.json:  0% /1.458Ki, 0/s, -
 * 1.118.Level_10_Prairie…irie_Memory_Engine.mp4:  0% /7.700Mi, 0/s, -
 * 1.118.Level_10_Prairie…8.Level_10_Prompt.json:  0% /2.263Ki, 0/s, -
 * 1.118.Level_10_Prairie…_YouTube_Metadata.json:  0% /1.600Ki, 0/s, -

<6>INFO  : 1.118.Level_10_Prairie_Memory_Engine/1.118.Level_10_Prompt.json: Copied (new)
<6>INFO  : 1.118.Level_10_Prairie_Memory_Engine/1.118.Level_10_YouTube_Metadata.json: Copied (new)
<6>INFO  : 1.118.Level_10_Prairie_Memory_Engine/1.118.Level_10_Prairie_Memory_Engine.mp4: Copied (new)
<6>INFO  : 1.134.Level_10_The_Corn_Maze_Planetary_Combine/youtube_metadata.json: Copied (new)
<6>INFO  : 1.118.Level_10_Prairie_Memory_Engine/prompt_info.json: Copied (new)
<6>INFO  : 1.118.Level_10_Prairie_Memory_Engine/youtube_metadata.json: Copied (new)
<6>INFO  : 1.119.Level_10_Horizon_Grass_Loom/1.119.Level_10_Prompt.json: Copied (new)
<6>INFO  : 1.119.Level_10_Horizon_Grass_Loom/1.119.Level_10_YouTube_Metadata.json: Copied (new)
<6>INFO  : 1.119.Level_10_Horizon_Grass_Loom/1.119.Level_10_Horizon_Grass_Loom.mp4: Copied (new)
<6>INFO  : 1.119.Level_10_Horizon_Grass_Loom/prompt_info.json: Copied (new)
<6>INFO  : 1.119.Level_10_Horizon_Grass_Loom/youtube_metadata.json: Copied (new)
<6>INFO  : 1.137.Level_10_Cornfield_Solar_Furnace/1.137.Level_10_Prompt.json: Copied (new)
<6>INFO  : 1.137.Level_10_Cornfield_Solar_Furnace/1.137.Level_10_YouTube_Metadata.json: Copied (new)
<6>INFO  : 1.137.Level_10_Cornfield_Solar_Furnace/prompt_info.json: Copied (new)
<6>INFO  : 
Transferred:   	  343.958 MiB / 2.215 GiB, 15%, 1.610 MiB/s, ETA 19m55s
Transferred:          149 / 1086, 14%
Elapsed time:     10m50.6s
Transferring:
 * 1.137.Level_10_Cornfie…ield_Solar_Furnace.mp4:100% /9.238Mi, 4.619Mi/s, 0s
 * 1.137.Level_10_Cornfie…/youtube_metadata.json:100% /1.598Ki, 0/s, -
 * 1.138.Level_10_The_Atm…8.Level_10_Prompt.json:100% /2.320Ki, 0/s, -
 * 1.138.Level_10_The_Atm…eric_Corn_Elevator.mp4:  0% /11.238Mi, 0/s, -

<6>INFO  : 1.137.Level_10_Cornfield_Solar_Furnace/1.137.Level_10_Cornfield_Solar_Furnace.mp4: Copied (new)
<6>INFO  : 1.137.Level_10_Cornfield_Solar_Furnace/youtube_metadata.json: Copied (new)
<6>INFO  : 1.138.Level_10_The_Atmospheric_Corn_Elevator/1.138.Level_10_Prompt.json: Copied (new)
<6>INFO  : 1.138.Level_10_The_Atmospheric_Corn_Elevator/1.138.Level_10_YouTube_Metadata.json: Copied (new)
<6>INFO  : 1.138.Level_10_The_Atmospheric_Corn_Elevator/1.138.Level_10_The_Atmospheric_Corn_Elevator.mp4: Copied (new)
<6>INFO  : 1.138.Level_10_The_Atmospheric_Corn_Elevator/youtube_metadata.json: Copied (new)
<6>INFO  : 1.138.Level_10_The_Atmospheric_Corn_Elevator/prompt_info.json: Copied (new)
<6>INFO  : 1.139.Level_10_Golden_Silk_Weaving_Engine/prompt_info.json: Copied (new)
<6>INFO  : 1.139.Level_10_Golden_Silk_Weaving_Engine/1.139.Level_10_Prompt.json: Copied (new)
<6>INFO  : 1.139.Level_10_Golden_Silk_Weaving_Engine/1.139.Level_10_YouTube_Metadata.json: Copied (new)
<6>INFO  : 1.139.Level_10_Golden_Silk_Weaving_Engine/1.139.Level_10_Golden_Silk_Weaving_Engine.mp4: Copied (new)
<6>INFO  : 1.139.Level_10_Golden_Silk_Weaving_Engine/youtube_metadata.json: Copied (new)
<6>INFO  : 1.140.Level_10_The_Infinite_Cornfield_Colossus/1.140.Level_10_Prompt.json: Copied (new)
<6>INFO  : 1.140.Level_10_The_Infinite_Cornfield_Colossus/1.140.Level_10_YouTube_Metadata.json: Copied (new)
<6>INFO  : 1.140.Level_10_The_Infinite_Cornfield_Colossus/prompt_info.json: Copied (new)
<6>INFO  : 
Transferred:   	  383.808 MiB / 2.215 GiB, 17%, 2.467 MiB/s, ETA 12m43s
Transferred:          164 / 1086, 15%
Elapsed time:      11m0.6s
Transferring:
 * 1.140.Level_10_The_Inf…Cornfield_Colossus.mp4:100% /11.272Mi, 1.610Mi/s, 0s
 * 1.140.Level_10_The_Inf…/youtube_metadata.json:  0% /1.591Ki, 0/s, -
 * 1.141.Level_10_The_Rid…1.Level_10_Prompt.json:  0% /3.182Ki, 0/s, -
 * 1.141.Level_10_The_Rid…e-Carver_Leviathan.mp4:  0% /14.299Mi, 0/s, -

<6>INFO  : 
Transferred:   	  383.808 MiB / 2.215 GiB, 17%, 1.294 MiB/s, ETA 24m16s
Transferred:          164 / 1086, 15%
Elapsed time:     11m10.6s
Transferring:
 * 1.140.Level_10_The_Inf…Cornfield_Colossus.mp4:100% /11.272Mi, 676.299Ki/s, 0s
 * 1.140.Level_10_The_Inf…/youtube_metadata.json:  0% /1.591Ki, 0/s, -
 * 1.141.Level_10_The_Rid…1.Level_10_Prompt.json:  0% /3.182Ki, 0/s, -
 * 1.141.Level_10_The_Rid…e-Carver_Leviathan.mp4:  0% /14.299Mi, 0/s, -

<6>INFO  : 
Transferred:   	  383.808 MiB / 2.215 GiB, 17%, 694.854 KiB/s, ETA 46m17s
Transferred:          164 / 1086, 15%
Elapsed time:     11m20.6s
Transferring:
 * 1.140.Level_10_The_Inf…Cornfield_Colossus.mp4:100% /11.272Mi, 354.691Ki/s, 0s
 * 1.140.Level_10_The_Inf…/youtube_metadata.json:  0% /1.591Ki, 0/s, -
 * 1.141.Level_10_The_Rid…1.Level_10_Prompt.json:  0% /3.182Ki, 0/s, -
 * 1.141.Level_10_The_Rid…e-Carver_Leviathan.mp4:  0% /14.299Mi, 0/s, -

<6>INFO  : 
Transferred:   	  383.808 MiB / 2.215 GiB, 17%, 364.423 KiB/s, ETA 1h28m14s
Transferred:          164 / 1086, 15%
Elapsed time:     11m30.6s
Transferring:
 * 1.140.Level_10_The_Inf…Cornfield_Colossus.mp4:100% /11.272Mi, 186.021Ki/s, 0s
 * 1.140.Level_10_The_Inf…/youtube_metadata.json:  0% /1.591Ki, 0/s, -
 * 1.141.Level_10_The_Rid…1.Level_10_Prompt.json:  0% /3.182Ki, 0/s, -
 * 1.141.Level_10_The_Rid…e-Carver_Leviathan.mp4:  0% /14.299Mi, 0/s, -

<6>INFO  : 
Transferred:   	  383.808 MiB / 2.215 GiB, 17%, 191.125 KiB/s, ETA 2h48m16s
Transferred:          164 / 1086, 15%
Elapsed time:     11m40.6s
Transferring:
 * 1.140.Level_10_The_Inf…Cornfield_Colossus.mp4:100% /11.272Mi, 97.561Ki/s, 0s
 * 1.140.Level_10_The_Inf…/youtube_metadata.json:  0% /1.591Ki, 0/s, -
 * 1.141.Level_10_The_Rid…1.Level_10_Prompt.json:  0% /3.182Ki, 0/s, -
 * 1.141.Level_10_The_Rid…e-Carver_Leviathan.mp4:  0% /14.299Mi, 0/s, -

<6>INFO  : 
Transferred:   	  383.808 MiB / 2.215 GiB, 17%, 100.237 KiB/s, ETA 5h20m50s
Transferred:          164 / 1086, 15%
Elapsed time:     11m50.6s
Transferring:
 * 1.140.Level_10_The_Inf…Cornfield_Colossus.mp4:100% /11.272Mi, 51.167Ki/s, 0s
 * 1.140.Level_10_The_Inf…/youtube_metadata.json:  0% /1.591Ki, 0/s, -
 * 1.141.Level_10_The_Rid…1.Level_10_Prompt.json:  0% /3.182Ki, 0/s, -
 * 1.141.Level_10_The_Rid…e-Carver_Leviathan.mp4:  0% /14.299Mi, 0/s, -

<6>INFO  : 
Transferred:   	  383.813 MiB / 2.215 GiB, 17%, 52.868 KiB/s, ETA 10h8m18s
Transferred:          164 / 1086, 15%
Elapsed time:      12m0.6s
Transferring:
 * 1.140.Level_10_The_Inf…Cornfield_Colossus.mp4:100% /11.272Mi, 26.835Ki/s, 0s
 * 1.140.Level_10_The_Inf…/youtube_metadata.json:  0% /1.591Ki, 0/s, -
 * 1.141.Level_10_The_Rid…1.Level_10_Prompt.json:  0% /3.182Ki, 0/s, -
 * 1.141.Level_10_The_Rid…e-Carver_Leviathan.mp4:  0% /14.299Mi, 0/s, -

<6>INFO  : 
Transferred:   	  383.813 MiB / 2.215 GiB, 17%, 27.728 KiB/s, ETA 19h19m51s
Transferred:          164 / 1086, 15%
Elapsed time:     12m10.6s
Transferring:
 * 1.140.Level_10_The_Inf…Cornfield_Colossus.mp4:100% /11.272Mi, 14.073Ki/s, 0s
 * 1.140.Level_10_The_Inf…/youtube_metadata.json:  0% /1.591Ki, 0/s, -
 * 1.141.Level_10_The_Rid…1.Level_10_Prompt.json:  0% /3.182Ki, 0/s, -
 * 1.141.Level_10_The_Rid…e-Carver_Leviathan.mp4:  0% /14.299Mi, 0/s, -

<6>INFO  : 
Transferred:   	  383.813 MiB / 2.215 GiB, 17%, 14.542 KiB/s, ETA 1d12h51m31s
Transferred:          164 / 1086, 15%
Elapsed time:     12m20.6s
Transferring:
 * 1.140.Level_10_The_Inf…Cornfield_Colossus.mp4:100% /11.272Mi, 7.381Ki/s, 0s
 * 1.140.Level_10_The_Inf…/youtube_metadata.json:  0% /1.591Ki, 0/s, -
 * 1.141.Level_10_The_Rid…1.Level_10_Prompt.json:  0% /3.182Ki, 0/s, -
 * 1.141.Level_10_The_Rid…e-Carver_Leviathan.mp4:  0% /14.299Mi, 0/s, -

<6>INFO  : 
Transferred:   	  383.813 MiB / 2.215 GiB, 17%, 7.626 KiB/s, ETA 2d22h16m46s
Transferred:          164 / 1086, 15%
Elapsed time:     12m30.6s
Transferring:
 * 1.140.Level_10_The_Inf…Cornfield_Colossus.mp4:100% /11.272Mi, 3.871Ki/s, 0s
 * 1.140.Level_10_The_Inf…/youtube_metadata.json:  0% /1.591Ki, 0/s, -
 * 1.141.Level_10_The_Rid…1.Level_10_Prompt.json:  0% /3.182Ki, 0/s, -
 * 1.141.Level_10_The_Rid…e-Carver_Leviathan.mp4:  0% /14.299Mi, 0/s, -

<6>INFO  : 
Transferred:   	  383.813 MiB / 2.215 GiB, 17%, 3.999 KiB/s, ETA 5d14h12s
Transferred:          164 / 1086, 15%
Elapsed time:     12m40.6s
Transferring:
 * 1.140.Level_10_The_Inf…Cornfield_Colossus.mp4:100% /11.272Mi, 2.029Ki/s, 0s
 * 1.140.Level_10_The_Inf…/youtube_metadata.json:  0% /1.591Ki, 0/s, -
 * 1.141.Level_10_The_Rid…1.Level_10_Prompt.json:  0% /3.182Ki, 0/s, -
 * 1.141.Level_10_The_Rid…e-Carver_Leviathan.mp4:  0% /14.299Mi, 0/s, -

<6>INFO  : 
Transferred:   	  383.818 MiB / 2.215 GiB, 17%, 2.098 KiB/s, ETA 1w3d15h30m24s
Transferred:          164 / 1086, 15%
Elapsed time:     12m50.6s
Transferring:
 * 1.140.Level_10_The_Inf…Cornfield_Colossus.mp4:100% /11.272Mi, 1.064Ki/s, 0s
 * 1.140.Level_10_The_Inf…/youtube_metadata.json:100% /1.591Ki, 0/s, -
 * 1.141.Level_10_The_Rid…1.Level_10_Prompt.json:100% /3.182Ki, 0/s, -
 * 1.141.Level_10_The_Rid…e-Carver_Leviathan.mp4:  0% /14.299Mi, 0/s, -

<6>INFO  : 1.140.Level_10_The_Infinite_Cornfield_Colossus/youtube_metadata.json: Copied (new)
<6>INFO  : 1.141.Level_10_The_Ridge-Carver_Leviathan/1.141.Level_10_Prompt.json: Copied (new)
<6>INFO  : 1.141.Level_10_The_Ridge-Carver_Leviathan/prompt_info.json: Copied (new)
<6>INFO  : 1.141.Level_10_The_Ridge-Carver_Leviathan/1.141.Level_10_YouTube_Metadata.json: Copied (new)
<6>INFO  : 1.141.Level_10_The_Ridge-Carver_Leviathan/1.141.Level_10_The_Ridge-Carver_Leviathan.mp4: Copied (new)
<6>INFO  : 
Transferred:   	  398.121 MiB / 2.226 GiB, 17%, 601.039 KiB/s, ETA 53m25s
Transferred:          169 / 1086, 16%
Elapsed time:      13m0.6s
Transferring:
 * 1.140.Level_10_The_Inf…Cornfield_Colossus.mp4:  0% /11.272Mi, 0/s, -
 * 1.141.Level_10_The_Rid…/youtube_metadata.json:  0% /896, 0/s, -
 * 1.142.Level_10_Atmosph…eric_Peak_Elevator.mp4:  0% /8.419Mi, 0/s, -
 * 1.142.Level_10_Atmosph…2.Level_10_Prompt.json:  0% /2.569Ki, 0/s, -

<6>INFO  : 
Transferred:   	  398.121 MiB / 2.226 GiB, 17%, 315.221 KiB/s, ETA 1h41m51s
Transferred:          169 / 1086, 16%
Elapsed time:     13m10.6s
Transferring:
 * 1.140.Level_10_The_Inf…Cornfield_Colossus.mp4:  0% /11.272Mi, 0/s, -
 * 1.141.Level_10_The_Rid…/youtube_metadata.json:  0% /896, 0/s, -
 * 1.142.Level_10_Atmosph…eric_Peak_Elevator.mp4:  0% /8.419Mi, 0/s, -
 * 1.142.Level_10_Atmosph…2.Level_10_Prompt.json:  0% /2.569Ki, 0/s, -

<6>INFO  : 
Transferred:   	  398.121 MiB / 2.226 GiB, 17%, 165.320 KiB/s, ETA 3h14m13s
Transferred:          169 / 1086, 16%
Elapsed time:     13m20.6s
Transferring:
 * 1.140.Level_10_The_Inf…Cornfield_Colossus.mp4:  0% /11.272Mi, 0/s, -
 * 1.141.Level_10_The_Rid…/youtube_metadata.json:  0% /896, 0/s, -
 * 1.142.Level_10_Atmosph…eric_Peak_Elevator.mp4:  0% /8.419Mi, 0/s, -
 * 1.142.Level_10_Atmosph…2.Level_10_Prompt.json:  0% /2.569Ki, 0/s, -

<6>INFO  : 
Transferred:   	  398.121 MiB / 2.226 GiB, 17%, 86.704 KiB/s, ETA 6h10m19s
Transferred:          169 / 1086, 16%
Elapsed time:     13m30.6s
Transferring:
 * 1.140.Level_10_The_Inf…Cornfield_Colossus.mp4:  0% /11.272Mi, 0/s, -
 * 1.141.Level_10_The_Rid…/youtube_metadata.json:  0% /896, 0/s, -
 * 1.142.Level_10_Atmosph…eric_Peak_Elevator.mp4:  0% /8.419Mi, 0/s, -
 * 1.142.Level_10_Atmosph…2.Level_10_Prompt.json:  0% /2.569Ki, 0/s, -

<6>INFO  : 
Transferred:   	  398.121 MiB / 2.226 GiB, 17%, 45.473 KiB/s, ETA 11h46m5s
Transferred:          169 / 1086, 16%
Elapsed time:     13m40.6s
Transferring:
 * 1.140.Level_10_The_Inf…Cornfield_Colossus.mp4:  0% /11.272Mi, 0/s, -
 * 1.141.Level_10_The_Rid…/youtube_metadata.json:  0% /896, 0/s, -
 * 1.142.Level_10_Atmosph…eric_Peak_Elevator.mp4:  0% /8.419Mi, 0/s, -
 * 1.142.Level_10_Atmosph…2.Level_10_Prompt.json:  0% /2.569Ki, 0/s, -

<6>INFO  : 1.142.Level_10_Atmospheric_Peak_Elevator/1.142.Level_10_Prompt.json: Copied (new)
<6>INFO  : 1.141.Level_10_The_Ridge-Carver_Leviathan/youtube_metadata.json: Copied (new)
<6>INFO  : 1.142.Level_10_Atmospheric_Peak_Elevator/1.142.Level_10_Atmospheric_Peak_Elevator.mp4: Copied (new)
<6>INFO  : 1.140.Level_10_The_Infinite_Cornfield_Colossus/1.140.Level_10_The_Infinite_Cornfield_Colossus.mp4: Copied (new)
<6>INFO  : 1.142.Level_10_Atmospheric_Peak_Elevator/1.142.Level_10_YouTube_Metadata.json: Copied (new)
<6>INFO  : 1.142.Level_10_Atmospheric_Peak_Elevator/prompt_info.json: Copied (new)
<6>INFO  : 1.142.Level_10_Atmospheric_Peak_Elevator/youtube_metadata.json: Copied (new)
<6>INFO  : 1.143.Level_10_The_Granite_Mantle_Bore/1.143.Level_10_Prompt.json: Copied (new)
<6>INFO  : 1.143.Level_10_The_Granite_Mantle_Bore/1.143.Level_10_YouTube_Metadata.json: Copied (new)
<6>INFO  : 1.143.Level_10_The_Granite_Mantle_Bore/prompt_info.json: Copied (new)
<6>INFO  : 1.143.Level_10_The_Granite_Mantle_Bore/youtube_metadata.json: Copied (new)
<6>INFO  : 1.143.Level_10_The_Granite_Mantle_Bore/1.143.Level_10_The_Granite_Mantle_Bore.mp4: Copied (new)
<6>INFO  : 1.144.Level_10_Cloud-Anchor_Sky_Citadel/1.144.Level_10_YouTube_Metadata.json: Copied (new)
<6>INFO  : 1.144.Level_10_Cloud-Anchor_Sky_Citadel/1.144.Level_10_Prompt.json: Copied (new)
<6>INFO  : 1.144.Level_10_Cloud-Anchor_Sky_Citadel/prompt_info.json: Copied (new)
<6>INFO  : 1.144.Level_10_Cloud-Anchor_Sky_Citadel/1.144.Level_10_Cloud-Anchor_Sky_Citadel.mp4: Copied (new)
<6>INFO  : 1.144.Level_10_Cloud-Anchor_Sky_Citadel/youtube_metadata.json: Copied (new)
<6>INFO  : 
Transferred:   	  440.567 MiB / 2.226 GiB, 19%, 2.218 MiB/s, ETA 13m49s
Transferred:          186 / 1086, 17%
Elapsed time:     13m50.6s
Transferring:
 * 1.135.Level_10_Sun-Rip…5.Level_10_Prompt.json:100% /2.240Ki, 0/s, -
 * 1.135.Level_10_Sun-Rip…ned_Kernel_Reactor.mp4:  0% /12.401Mi, 0/s, -
 * 1.135.Level_10_Sun-Rip…_YouTube_Metadata.json:100% /1.504Ki, 0/s, -
 * 1.135.Level_10_Sun-Rip…actor/prompt_info.json:100% /2.240Ki, 0/s, -

<6>INFO  : 1.135.Level_10_Sun-Ripened_Kernel_Reactor/1.135.Level_10_Prompt.json: Copied (new)
<6>INFO  : 1.135.Level_10_Sun-Ripened_Kernel_Reactor/1.135.Level_10_YouTube_Metadata.json: Copied (new)
<6>INFO  : 1.135.Level_10_Sun-Ripened_Kernel_Reactor/prompt_info.json: Copied (new)
<6>INFO  : 1.135.Level_10_Sun-Ripened_Kernel_Reactor/1.135.Level_10_Sun-Ripened_Kernel_Reactor.mp4: Copied (new)
<6>INFO  : 1.135.Level_10_Sun-Ripened_Kernel_Reactor/youtube_metadata.json: Copied (new)
<6>INFO  : 1.146.Level_10_Summit_Solar_Concentrator/1.146.Level_10_Prompt.json: Copied (new)
<6>INFO  : 1.146.Level_10_Summit_Solar_Concentrator/prompt_info.json: Copied (new)
<6>INFO  : 1.146.Level_10_Summit_Solar_Concentrator/1.146.Level_10_YouTube_Metadata.json: Copied (new)
<6>INFO  : 1.146.Level_10_Summit_Solar_Concentrator/1.146.Level_10_Summit_Solar_Concentrator.mp4: Copied (new)
<6>INFO  : 1.146.Level_10_Summit_Solar_Concentrator/youtube_metadata.json: Copied (new)
<6>INFO  : 
Transferred:   	  464.805 MiB / 2.226 GiB, 20%, 2.078 MiB/s, ETA 14m33s
Transferred:          196 / 1086, 18%
Elapsed time:      14m0.6s
Transferring:
 * 1.136.Level_10_The_Tit…6.Level_10_Prompt.json:  0% /2.262Ki, 0/s, -
 * 1.136.Level_10_The_Tit…tan_Stalk_Shredder.mp4:  0% /13.943Mi, 0/s, -
 * 1.136.Level_10_The_Tit…_YouTube_Metadata.json:  0% /1.526Ki, 0/s, -
 * 1.136.Level_10_The_Tit…edder/prompt_info.json:  0% /2.262Ki, 0/s, -

<6>INFO  : 
Transferred:   	  464.805 MiB / 2.226 GiB, 20%, 1.090 MiB/s, ETA 27m45s
Transferred:          196 / 1086, 18%
Elapsed time:     14m10.6s
Transferring:
 * 1.136.Level_10_The_Tit…6.Level_10_Prompt.json:  0% /2.262Ki, 0/s, -
 * 1.136.Level_10_The_Tit…tan_Stalk_Shredder.mp4:  0% /13.943Mi, 0/s, -
 * 1.136.Level_10_The_Tit…_YouTube_Metadata.json:  0% /1.526Ki, 0/s, -
 * 1.136.Level_10_The_Tit…edder/prompt_info.json:  0% /2.262Ki, 0/s, -

<6>INFO  : 
Transferred:   	  464.805 MiB / 2.226 GiB, 20%, 585.296 KiB/s, ETA 52m54s
Transferred:          196 / 1086, 18%
Elapsed time:     14m20.6s
Transferring:
 * 1.136.Level_10_The_Tit…6.Level_10_Prompt.json:  0% /2.262Ki, 0/s, -
 * 1.136.Level_10_The_Tit…tan_Stalk_Shredder.mp4:  0% /13.943Mi, 0/s, -
 * 1.136.Level_10_The_Tit…_YouTube_Metadata.json:  0% /1.526Ki, 0/s, -
 * 1.136.Level_10_The_Tit…edder/prompt_info.json:  0% /2.262Ki, 0/s, -

<6>INFO  : 
Transferred:   	  464.805 MiB / 2.226 GiB, 20%, 306.965 KiB/s, ETA 1h40m53s
Transferred:          196 / 1086, 18%
Elapsed time:     14m30.6s
Transferring:
 * 1.136.Level_10_The_Tit…6.Level_10_Prompt.json:  0% /2.262Ki, 0/s, -
 * 1.136.Level_10_The_Tit…tan_Stalk_Shredder.mp4:  0% /13.943Mi, 0/s, -
 * 1.136.Level_10_The_Tit…_YouTube_Metadata.json:  0% /1.526Ki, 0/s, -
 * 1.136.Level_10_The_Tit…edder/prompt_info.json:  0% /2.262Ki, 0/s, -

<6>INFO  : 
Transferred:   	  464.805 MiB / 2.226 GiB, 20%, 160.990 KiB/s, ETA 3h12m22s
Transferred:          196 / 1086, 18%
Elapsed time:     14m40.6s
Transferring:
 * 1.136.Level_10_The_Tit…6.Level_10_Prompt.json:  0% /2.262Ki, 0/s, -
 * 1.136.Level_10_The_Tit…tan_Stalk_Shredder.mp4:  0% /13.943Mi, 0/s, -
 * 1.136.Level_10_The_Tit…_YouTube_Metadata.json:  0% /1.526Ki, 0/s, -
 * 1.136.Level_10_The_Tit…edder/prompt_info.json:  0% /2.262Ki, 0/s, -

<6>INFO  : 1.136.Level_10_The_Titan_Stalk_Shredder/1.136.Level_10_Prompt.json: Copied (new)
<6>INFO  : 1.136.Level_10_The_Titan_Stalk_Shredder/1.136.Level_10_YouTube_Metadata.json: Copied (new)
<6>INFO  : 1.136.Level_10_The_Titan_Stalk_Shredder/prompt_info.json: Copied (new)
<6>INFO  : 1.136.Level_10_The_Titan_Stalk_Shredder/1.136.Level_10_The_Titan_Stalk_Shredder.mp4: Copied (new)
<6>INFO  : 1.136.Level_10_The_Titan_Stalk_Shredder/youtube_metadata.json: Copied (new)
<6>INFO  : 1.148.Level_10_The_Glacial_Crest_Furnace/1.148.Level_10_Prompt.json: Copied (new)
<6>INFO  : 1.148.Level_10_The_Glacial_Crest_Furnace/1.148.Level_10_YouTube_Metadata.json: Copied (new)
<6>INFO  : 1.148.Level_10_The_Glacial_Crest_Furnace/prompt_info.json: Copied (new)
<6>INFO  : 1.148.Level_10_The_Glacial_Crest_Furnace/1.148.Level_10_The_Glacial_Crest_Furnace.mp4: Copied (new)
<6>INFO  : 1.148.Level_10_The_Glacial_Crest_Furnace/youtube_metadata.json: Copied (new)
<6>INFO  : 1.149.Level_10_Chrono-Fossil_Extractor/1.149.Level_10_Prompt.json: Copied (new)
<6>INFO  : 1.149.Level_10_Chrono-Fossil_Extractor/1.149.Level_10_YouTube_Metadata.json: Copied (new)
<6>INFO  : 1.149.Level_10_Chrono-Fossil_Extractor/1.149.Level_10_Chrono-Fossil_Extractor.mp4: Copied (new)
<6>INFO  : 1.149.Level_10_Chrono-Fossil_Extractor/prompt_info.json: Copied (new)
<6>INFO  : 
Transferred:   	  497.332 MiB / 2.226 GiB, 22%, 1.818 MiB/s, ETA 16m20s
Transferred:          210 / 1086, 19%
Elapsed time:     14m50.6s
Transferring:
 * 1.149.Level_10_Chrono-…/youtube_metadata.json:100% /877, 876/s, 0s
 * 1.150.Level_10_The_Alp…0.Level_10_Prompt.json:  0% /2.786Ki, 0/s, -
 * 1.150.Level_10_The_Alp…pine_Weather_Forge.mp4:  0% /9.222Mi, 0/s, -
 * 1.150.Level_10_The_Alp…_YouTube_Metadata.json:  0% /906, 0/s, -

<6>INFO  : 1.149.Level_10_Chrono-Fossil_Extractor/youtube_metadata.json: Copied (new)
<6>INFO  : 1.150.Level_10_The_Alpine_Weather_Forge/1.150.Level_10_Prompt.json: Copied (new)
<6>INFO  : 1.150.Level_10_The_Alpine_Weather_Forge/prompt_info.json: Copied (new)
<6>INFO  : 1.150.Level_10_The_Alpine_Weather_Forge/1.150.Level_10_YouTube_Metadata.json: Copied (new)
<6>INFO  : 1.150.Level_10_The_Alpine_Weather_Forge/1.150.Level_10_The_Alpine_Weather_Forge.mp4: Copied (new)
<6>INFO  : 1.151.Level_10_The_Cryo-Mantle_Sub-Glacial_Dredger/1.151.Level_10_Prompt.json: Copied (new)
<6>INFO  : 1.150.Level_10_The_Alpine_Weather_Forge/youtube_metadata.json: Copied (new)
<6>INFO  : 1.151.Level_10_The_Cryo-Mantle_Sub-Glacial_Dredger/1.151.Level_10_YouTube_Metadata.json: Copied (new)
<6>INFO  : 1.151.Level_10_The_Cryo-Mantle_Sub-Glacial_Dredger/1.151.Level_10_The_Cryo-Mantle_Sub-Glacial_Dredger.mp4: Copied (new)
<6>INFO  : 
Transferred:   	  519.942 MiB / 2.226 GiB, 23%, 1.869 MiB/s, ETA 15m41s
Transferred:          219 / 1086, 20%
Elapsed time:      15m0.6s
Transferring:
 * 1.151.Level_10_The_Cry…edger/prompt_info.json:  0% /2.828Ki, 0/s, -
 * 1.151.Level_10_The_Cry…/youtube_metadata.json:  0% /906, 0/s, -
 * 1.152.Level_10_Ice-Spi…Acoustic_Resonator.mp4:  0% /10.532Mi, 0/s, -
 * 1.152.Level_10_Ice-Spi…2.Level_10_Prompt.json:  0% /2.620Ki, 0/s, -

<6>INFO  : 
Transferred:   	  519.942 MiB / 2.226 GiB, 23%, 1003.595 KiB/s, ETA 29m55s
Transferred:          219 / 1086, 20%
Elapsed time:     15m10.6s
Transferring:
 * 1.151.Level_10_The_Cry…edger/prompt_info.json:  0% /2.828Ki, 0/s, -
 * 1.151.Level_10_The_Cry…/youtube_metadata.json:  0% /906, 0/s, -
 * 1.152.Level_10_Ice-Spi…Acoustic_Resonator.mp4:  0% /10.532Mi, 0/s, -
 * 1.152.Level_10_Ice-Spi…2.Level_10_Prompt.json:  0% /2.620Ki, 0/s, -

<6>INFO  : 
Transferred:   	  519.942 MiB / 2.226 GiB, 23%, 526.346 KiB/s, ETA 57m3s
Transferred:          219 / 1086, 20%
Elapsed time:     15m20.6s
Transferring:
 * 1.151.Level_10_The_Cry…edger/prompt_info.json:  0% /2.828Ki, 0/s, -
 * 1.151.Level_10_The_Cry…/youtube_metadata.json:  0% /906, 0/s, -
 * 1.152.Level_10_Ice-Spi…Acoustic_Resonator.mp4:  0% /10.532Mi, 0/s, -
 * 1.152.Level_10_Ice-Spi…2.Level_10_Prompt.json:  0% /2.620Ki, 0/s, -

<6>INFO  : 
Transferred:   	  519.942 MiB / 2.226 GiB, 23%, 276.047 KiB/s, ETA 1h48m47s
Transferred:          219 / 1086, 20%
Elapsed time:     15m30.6s
Transferring:
 * 1.151.Level_10_The_Cry…edger/prompt_info.json:  0% /2.828Ki, 0/s, -
 * 1.151.Level_10_The_Cry…/youtube_metadata.json:  0% /906, 0/s, -
 * 1.152.Level_10_Ice-Spi…Acoustic_Resonator.mp4:  0% /10.532Mi, 0/s, -
 * 1.152.Level_10_Ice-Spi…2.Level_10_Prompt.json:  0% /2.620Ki, 0/s, -

<6>INFO  : 
Transferred:   	  519.942 MiB / 2.226 GiB, 23%, 144.775 KiB/s, ETA 3h27m25s
Transferred:          219 / 1086, 20%
Elapsed time:     15m40.6s
Transferring:
 * 1.151.Level_10_The_Cry…edger/prompt_info.json:  0% /2.828Ki, 0/s, -
 * 1.151.Level_10_The_Cry…/youtube_metadata.json:  0% /906, 0/s, -
 * 1.152.Level_10_Ice-Spi…Acoustic_Resonator.mp4:  0% /10.532Mi, 0/s, -
 * 1.152.Level_10_Ice-Spi…2.Level_10_Prompt.json:  0% /2.620Ki, 0/s, -

<6>INFO  : 
Transferred:   	  530.480 MiB / 2.226 GiB, 23%, 75.929 KiB/s, ETA 6h33m7s
Transferred:          219 / 1086, 20%
Elapsed time:     15m50.6s
Transferring:
 * 1.151.Level_10_The_Cry…edger/prompt_info.json:100% /2.828Ki, 181/s, 0s
 * 1.151.Level_10_The_Cry…/youtube_metadata.json:100% /906, 56/s, 0s
 * 1.152.Level_10_Ice-Spi…Acoustic_Resonator.mp4:100% /10.532Mi, 674.037Ki/s, 0s
 * 1.152.Level_10_Ice-Spi…2.Level_10_Prompt.json:100% /2.620Ki, 167/s, 0s

<6>INFO  : 1.151.Level_10_The_Cryo-Mantle_Sub-Glacial_Dredger/youtube_metadata.json: Copied (new)
<6>INFO  : 1.151.Level_10_The_Cryo-Mantle_Sub-Glacial_Dredger/prompt_info.json: Copied (new)
<6>INFO  : 1.152.Level_10_Ice-Spire_Acoustic_Resonator/1.152.Level_10_Prompt.json: Copied (new)
<6>INFO  : 1.152.Level_10_Ice-Spire_Acoustic_Resonator/1.152.Level_10_Ice-Spire_Acoustic_Resonator.mp4: Copied (new)
<6>INFO  : 1.152.Level_10_Ice-Spire_Acoustic_Resonator/youtube_metadata.json: Copied (new)
<6>INFO  : 1.152.Level_10_Ice-Spire_Acoustic_Resonator/1.152.Level_10_YouTube_Metadata.json: Copied (new)
<6>INFO  : 1.152.Level_10_Ice-Spire_Acoustic_Resonator/prompt_info.json: Copied (new)
<6>INFO  : 1.153.Level_10_The_Continental_Calving_Arrester/1.153.Level_10_Prompt.json: Copied (new)
<6>INFO  : 1.153.Level_10_The_Continental_Calving_Arrester/1.153.Level_10_YouTube_Metadata.json: Copied (new)
<6>INFO  : 1.153.Level_10_The_Continental_Calving_Arrester/prompt_info.json: Copied (new)
<6>INFO  : 1.153.Level_10_The_Continental_Calving_Arrester/1.153.Level_10_The_Continental_Calving_Arrester.mp4: Copied (new)
<6>INFO  : 1.153.Level_10_The_Continental_Calving_Arrester/youtube_metadata.json: Copied (new)
<6>INFO  : 1.154.Level_10_Chrono-Ice_Stratum_Siphon/1.154.Level_10_YouTube_Metadata.json: Copied (new)
<6>INFO  : 1.154.Level_10_Chrono-Ice_Stratum_Siphon/1.154.Level_10_Prompt.json: Copied (new)
<6>INFO  : 
Transferred:   	  550.335 MiB / 2.226 GiB, 24%, 1.243 MiB/s, ETA 23m10s
Transferred:          233 / 1086, 21%
Elapsed time:      16m0.6s
Transferring:
 * 1.154.Level_10_Chrono-…Ice_Stratum_Siphon.mp4:100% /8.419Mi, 1.203Mi/s, 0s
 * 1.154.Level_10_Chrono-…iphon/prompt_info.json:  0% /2.651Ki, 0/s, -
 * 1.154.Level_10_Chrono-…/youtube_metadata.json:  0% /929, 0/s, -
 * 1.155.Level_10_The_Gla…5.Level_10_Prompt.json:  0% /2.735Ki, 0/s, -

<6>INFO  : 
Transferred:   	  550.335 MiB / 2.226 GiB, 24%, 667.738 KiB/s, ETA 44m11s
Transferred:          233 / 1086, 21%
Elapsed time:     16m10.6s
Transferring:
 * 1.154.Level_10_Chrono-…Ice_Stratum_Siphon.mp4:100% /8.419Mi, 505.145Ki/s, 0s
 * 1.154.Level_10_Chrono-…iphon/prompt_info.json:  0% /2.651Ki, 0/s, -
 * 1.154.Level_10_Chrono-…/youtube_metadata.json:  0% /929, 0/s, -
 * 1.155.Level_10_The_Gla…5.Level_10_Prompt.json:  0% /2.735Ki, 0/s, -

<6>INFO  : 
Transferred:   	  550.335 MiB / 2.226 GiB, 24%, 350.202 KiB/s, ETA 1h24m16s
Transferred:          233 / 1086, 21%
Elapsed time:     16m20.6s
Transferring:
 * 1.154.Level_10_Chrono-…Ice_Stratum_Siphon.mp4:100% /8.419Mi, 264.928Ki/s, 0s
 * 1.154.Level_10_Chrono-…iphon/prompt_info.json:  0% /2.651Ki, 0/s, -
 * 1.154.Level_10_Chrono-…/youtube_metadata.json:  0% /929, 0/s, -
 * 1.155.Level_10_The_Gla…5.Level_10_Prompt.json:  0% /2.735Ki, 0/s, -

<6>INFO  : 
Transferred:   	  550.335 MiB / 2.226 GiB, 24%, 183.667 KiB/s, ETA 2h40m40s
Transferred:          233 / 1086, 21%
Elapsed time:     16m30.6s
Transferring:
 * 1.154.Level_10_Chrono-…Ice_Stratum_Siphon.mp4:100% /8.419Mi, 138.944Ki/s, 0s
 * 1.154.Level_10_Chrono-…iphon/prompt_info.json:  0% /2.651Ki, 0/s, -
 * 1.154.Level_10_Chrono-…/youtube_metadata.json:  0% /929, 0/s, -
 * 1.155.Level_10_The_Gla…5.Level_10_Prompt.json:  0% /2.735Ki, 0/s, -

<6>INFO  : 
Transferred:   	  550.335 MiB / 2.226 GiB, 24%, 96.326 KiB/s, ETA 5h6m21s
Transferred:          233 / 1086, 21%
Elapsed time:     16m40.6s
Transferring:
 * 1.154.Level_10_Chrono-…Ice_Stratum_Siphon.mp4:100% /8.419Mi, 72.870Ki/s, 0s
 * 1.154.Level_10_Chrono-…iphon/prompt_info.json:  0% /2.651Ki, 0/s, -
 * 1.154.Level_10_Chrono-…/youtube_metadata.json:  0% /929, 0/s, -
 * 1.155.Level_10_The_Gla…5.Level_10_Prompt.json:  0% /2.735Ki, 0/s, -

<6>INFO  : 
Transferred:   	  550.335 MiB / 2.226 GiB, 24%, 50.519 KiB/s, ETA 9h44m9s
Transferred:          233 / 1086, 21%
Elapsed time:     16m50.6s
Transferring:
 * 1.154.Level_10_Chrono-…Ice_Stratum_Siphon.mp4:100% /8.419Mi, 38.218Ki/s, 0s
 * 1.154.Level_10_Chrono-…iphon/prompt_info.json:  0% /2.651Ki, 0/s, -
 * 1.154.Level_10_Chrono-…/youtube_metadata.json:  0% /929, 0/s, -
 * 1.155.Level_10_The_Gla…5.Level_10_Prompt.json:  0% /2.735Ki, 0/s, -

<6>INFO  : 
Transferred:   	  550.335 MiB / 2.226 GiB, 24%, 26.495 KiB/s, ETA 18h33m48s
Transferred:          233 / 1086, 21%
Elapsed time:      17m0.6s
Transferring:
 * 1.154.Level_10_Chrono-…Ice_Stratum_Siphon.mp4:100% /8.419Mi, 20.043Ki/s, 0s
 * 1.154.Level_10_Chrono-…iphon/prompt_info.json:  0% /2.651Ki, 0/s, -
 * 1.154.Level_10_Chrono-…/youtube_metadata.json:  0% /929, 0/s, -
 * 1.155.Level_10_The_Gla…5.Level_10_Prompt.json:  0% /2.735Ki, 0/s, -

<6>INFO  : 
Transferred:   	  550.335 MiB / 2.226 GiB, 24%, 13.896 KiB/s, ETA 1d11h23m43s
Transferred:          233 / 1086, 21%
Elapsed time:     17m10.6s
Transferring:
 * 1.154.Level_10_Chrono-…Ice_Stratum_Siphon.mp4:100% /8.419Mi, 10.512Ki/s, 0s
 * 1.154.Level_10_Chrono-…iphon/prompt_info.json:  0% /2.651Ki, 0/s, -
 * 1.154.Level_10_Chrono-…/youtube_metadata.json:  0% /929, 0/s, -
 * 1.155.Level_10_The_Gla…5.Level_10_Prompt.json:  0% /2.735Ki, 0/s, -

<6>INFO  : 
Transferred:   	  550.335 MiB / 2.226 GiB, 24%, 7.287 KiB/s, ETA 2d19h29m21s
Transferred:          233 / 1086, 21%
Elapsed time:     17m20.6s
Transferring:
 * 1.154.Level_10_Chrono-…Ice_Stratum_Siphon.mp4:100% /8.419Mi, 5.513Ki/s, 0s
 * 1.154.Level_10_Chrono-…iphon/prompt_info.json:  0% /2.651Ki, 0/s, -
 * 1.154.Level_10_Chrono-…/youtube_metadata.json:  0% /929, 0/s, -
 * 1.155.Level_10_The_Gla…5.Level_10_Prompt.json:  0% /2.735Ki, 0/s, -

<6>INFO  : 
Transferred:   	  550.335 MiB / 2.226 GiB, 24%, 3.821 KiB/s, ETA 5d8h41m
Transferred:          233 / 1086, 21%
Elapsed time:     17m30.6s
Transferring:
 * 1.154.Level_10_Chrono-…Ice_Stratum_Siphon.mp4:100% /8.419Mi, 2.891Ki/s, 0s
 * 1.154.Level_10_Chrono-…iphon/prompt_info.json:  0% /2.651Ki, 0/s, -
 * 1.154.Level_10_Chrono-…/youtube_metadata.json:  0% /929, 0/s, -
 * 1.155.Level_10_The_Gla…5.Level_10_Prompt.json:  0% /2.735Ki, 0/s, -

<6>INFO  : 
Transferred:   	  550.335 MiB / 2.226 GiB, 24%, 2.004 KiB/s, ETA 1w3d5h21m48s
Transferred:          233 / 1086, 21%
Elapsed time:     17m40.6s
Transferring:
 * 1.154.Level_10_Chrono-…Ice_Stratum_Siphon.mp4:100% /8.419Mi, 1.516Ki/s, 0s
 * 1.154.Level_10_Chrono-…iphon/prompt_info.json:  0% /2.651Ki, 0/s, -
 * 1.154.Level_10_Chrono-…/youtube_metadata.json:  0% /929, 0/s, -
 * 1.155.Level_10_The_Gla…5.Level_10_Prompt.json:  0% /2.735Ki, 0/s, -

<6>INFO  : 
Transferred:   	  550.335 MiB / 2.226 GiB, 24%, 1.051 KiB/s, ETA 2w5d11h50m22s
Transferred:          233 / 1086, 21%
Elapsed time:     17m50.6s
Transferring:
 * 1.154.Level_10_Chrono-…Ice_Stratum_Siphon.mp4:100% /8.419Mi, 814/s, 0s
 * 1.154.Level_10_Chrono-…iphon/prompt_info.json:  0% /2.651Ki, 0/s, -
 * 1.154.Level_10_Chrono-…/youtube_metadata.json:  0% /929, 0/s, -
 * 1.155.Level_10_The_Gla…5.Level_10_Prompt.json:  0% /2.735Ki, 0/s, -

<6>INFO  : 
Transferred:   	  550.335 MiB / 2.226 GiB, 24%, 564 B/s, ETA 5w2d4h2m23s
Transferred:          233 / 1086, 21%
Elapsed time:      18m0.6s
Transferring:
 * 1.154.Level_10_Chrono-…Ice_Stratum_Siphon.mp4:100% /8.419Mi, 427/s, 0s
 * 1.154.Level_10_Chrono-…iphon/prompt_info.json:  0% /2.651Ki, 0/s, -
 * 1.154.Level_10_Chrono-…/youtube_metadata.json:  0% /929, 0/s, -
 * 1.155.Level_10_The_Gla…5.Level_10_Prompt.json:  0% /2.735Ki, 0/s, -

<6>INFO  : 
Transferred:   	  550.335 MiB / 2.226 GiB, 24%, 296 B/s, ETA 10w20h52m17s
Transferred:          233 / 1086, 21%
Elapsed time:     18m10.6s
Transferring:
 * 1.154.Level_10_Chrono-…Ice_Stratum_Siphon.mp4:100% /8.419Mi, 224/s, 0s
 * 1.154.Level_10_Chrono-…iphon/prompt_info.json:  0% /2.651Ki, 0/s, -
 * 1.154.Level_10_Chrono-…/youtube_metadata.json:  0% /929, 0/s, -
 * 1.155.Level_10_The_Gla…5.Level_10_Prompt.json:  0% /2.735Ki, 0/s, -

<6>INFO  : 
Transferred:   	  550.335 MiB / 2.226 GiB, 24%, 155 B/s, ETA 19w2d3h5m16s
Transferred:          233 / 1086, 21%
Elapsed time:     18m20.6s
Transferring:
 * 1.154.Level_10_Chrono-…Ice_Stratum_Siphon.mp4:100% /8.419Mi, 117/s, 0s
 * 1.154.Level_10_Chrono-…iphon/prompt_info.json:  0% /2.651Ki, 0/s, -
 * 1.154.Level_10_Chrono-…/youtube_metadata.json:  0% /929, 0/s, -
 * 1.155.Level_10_The_Gla…5.Level_10_Prompt.json:  0% /2.735Ki, 0/s, -

<6>INFO  : 
Transferred:   	  550.335 MiB / 2.226 GiB, 24%, 81 B/s, ETA 36w5d15h39m54s
Transferred:          233 / 1086, 21%
Elapsed time:     18m30.6s
Transferring:
 * 1.154.Level_10_Chrono-…Ice_Stratum_Siphon.mp4:100% /8.419Mi, 61/s, 0s
 * 1.154.Level_10_Chrono-…iphon/prompt_info.json:  0% /2.651Ki, 0/s, -
 * 1.154.Level_10_Chrono-…/youtube_metadata.json:  0% /929, 0/s, -
 * 1.155.Level_10_The_Gla…5.Level_10_Prompt.json:  0% /2.735Ki, 0/s, -

<6>INFO  : 
Transferred:   	  550.335 MiB / 2.226 GiB, 24%, 42 B/s, ETA 1y18w6h31m35s
Transferred:          233 / 1086, 21%
Elapsed time:     18m40.6s
Transferring:
 * 1.154.Level_10_Chrono-…Ice_Stratum_Siphon.mp4:100% /8.419Mi, 32/s, 0s
 * 1.154.Level_10_Chrono-…iphon/prompt_info.json:  0% /2.651Ki, 0/s, -
 * 1.154.Level_10_Chrono-…/youtube_metadata.json:  0% /929, 0/s, -
 * 1.155.Level_10_The_Gla…5.Level_10_Prompt.json:  0% /2.735Ki, 0/s, -

<6>INFO  : 
Transferred:   	  550.335 MiB / 2.226 GiB, 24%, 22 B/s, ETA 2y29w3d17h14m55s
Transferred:          233 / 1086, 21%
Elapsed time:     18m50.6s
Transferring:
 * 1.154.Level_10_Chrono-…Ice_Stratum_Siphon.mp4:100% /8.419Mi, 16/s, 0s
 * 1.154.Level_10_Chrono-…iphon/prompt_info.json:  0% /2.651Ki, 0/s, -
 * 1.154.Level_10_Chrono-…/youtube_metadata.json:  0% /929, 0/s, -
 * 1.155.Level_10_The_Gla…5.Level_10_Prompt.json:  0% /2.735Ki, 0/s, -

<6>INFO  : 
Transferred:   	  550.335 MiB / 2.226 GiB, 24%, 11 B/s, ETA 4y46w4d1h28m39s
Transferred:          233 / 1086, 21%
Elapsed time:      19m0.6s
Transferring:
 * 1.154.Level_10_Chrono-…Ice_Stratum_Siphon.mp4:100% /8.419Mi, 8/s, 0s
 * 1.154.Level_10_Chrono-…iphon/prompt_info.json:  0% /2.651Ki, 0/s, -
 * 1.154.Level_10_Chrono-…/youtube_metadata.json:  0% /929, 0/s, -
 * 1.155.Level_10_The_Gla…5.Level_10_Prompt.json:  0% /2.735Ki, 0/s, -

<6>INFO  : 
Transferred:   	  550.335 MiB / 2.226 GiB, 24%, 6 B/s, ETA 9y17w1d12h31m21s
Transferred:          233 / 1086, 21%
Elapsed time:     19m10.6s
Transferring:
 * 1.154.Level_10_Chrono-…Ice_Stratum_Siphon.mp4:100% /8.419Mi, 4/s, 0s
 * 1.154.Level_10_Chrono-…iphon/prompt_info.json:  0% /2.651Ki, 0/s, -
 * 1.154.Level_10_Chrono-…/youtube_metadata.json:  0% /929, 0/s, -
 * 1.155.Level_10_The_Gla…5.Level_10_Prompt.json:  0% /2.735Ki, 0/s, -

<6>INFO  : 
Transferred:   	  550.335 MiB / 2.234 GiB, 24%, 3 B/s, ETA 17y45w4d23h56m48s
Transferred:          233 / 1086, 21%
Elapsed time:     19m20.6s
Transferring:
 * 1.154.Level_10_Chrono-…Ice_Stratum_Siphon.mp4:  0% /8.419Mi, 0/s, -
 * 1.154.Level_10_Chrono-…iphon/prompt_info.json:  0% /2.651Ki, 0/s, -
 * 1.154.Level_10_Chrono-…/youtube_metadata.json:  0% /929, 0/s, -
 * 1.155.Level_10_The_Gla…5.Level_10_Prompt.json:  0% /2.735Ki, 0/s, -

<6>INFO  : 
Transferred:   	  550.335 MiB / 2.234 GiB, 24%, 1 B/s, ETA 34y4w3d8h27m59s
Transferred:          233 / 1086, 21%
Elapsed time:     19m30.6s
Transferring:
 * 1.154.Level_10_Chrono-…Ice_Stratum_Siphon.mp4:  0% /8.419Mi, 0/s, -
 * 1.154.Level_10_Chrono-…iphon/prompt_info.json:  0% /2.651Ki, 0/s, -
 * 1.154.Level_10_Chrono-…/youtube_metadata.json:  0% /929, 0/s, -
 * 1.155.Level_10_The_Gla…5.Level_10_Prompt.json:  0% /2.735Ki, 0/s, -

<6>INFO  : 
Transferred:   	  550.335 MiB / 2.234 GiB, 24%, 0 B/s, ETA 64y51w5d4h38m22s
Transferred:          233 / 1086, 21%
Elapsed time:     19m40.6s
Transferring:
 * 1.154.Level_10_Chrono-…Ice_Stratum_Siphon.mp4:  0% /8.419Mi, 0/s, -
 * 1.154.Level_10_Chrono-…iphon/prompt_info.json:  0% /2.651Ki, 0/s, -
 * 1.154.Level_10_Chrono-…/youtube_metadata.json:  0% /929, 0/s, -
 * 1.155.Level_10_The_Gla…5.Level_10_Prompt.json:  0% /2.735Ki, 0/s, -

<6>INFO  : 1.154.Level_10_Chrono-Ice_Stratum_Siphon/prompt_info.json: Copied (new)
<6>INFO  : 1.155.Level_10_The_Glacial_Moraine_Maglev_Smelter/1.155.Level_10_Prompt.json: Copied (new)
<6>INFO  : 1.154.Level_10_Chrono-Ice_Stratum_Siphon/youtube_metadata.json: Copied (new)
<6>INFO  : 1.154.Level_10_Chrono-Ice_Stratum_Siphon/1.154.Level_10_Chrono-Ice_Stratum_Siphon.mp4: Copied (new)
<6>INFO  : 1.155.Level_10_The_Glacial_Moraine_Maglev_Smelter/1.155.Level_10_YouTube_Metadata.json: Copied (new)
<6>INFO  : 1.155.Level_10_The_Glacial_Moraine_Maglev_Smelter/prompt_info.json: Copied (new)
<6>INFO  : 1.155.Level_10_The_Glacial_Moraine_Maglev_Smelter/1.155.Level_10_The_Glacial_Moraine_Maglev_Smelter.mp4: Copied (new)
<6>INFO  : 1.155.Level_10_The_Glacial_Moraine_Maglev_Smelter/youtube_metadata.json: Copied (new)
<6>INFO  : 1.156.Level_10_Sub-Zero_Plasma_Ice-Cutter/1.156.Level_10_Prompt.json: Copied (new)
<6>INFO  : 1.156.Level_10_Sub-Zero_Plasma_Ice-Cutter/1.156.Level_10_YouTube_Metadata.json: Copied (new)
<6>INFO  : 1.156.Level_10_Sub-Zero_Plasma_Ice-Cutter/prompt_info.json: Copied (new)
<6>INFO  : 1.156.Level_10_Sub-Zero_Plasma_Ice-Cutter/1.156.Level_10_Sub-Zero_Plasma_Ice-Cutter.mp4: Copied (new)
<6>INFO  : 1.156.Level_10_Sub-Zero_Plasma_Ice-Cutter/youtube_metadata.json: Copied (new)
<6>INFO  : 1.157.Level_10_The_Permafrost_Thermal_Shield_Citadel/1.157.Level_10_Prompt.json: Copied (new)
<6>INFO  : 1.157.Level_10_The_Permafrost_Thermal_Shield_Citadel/1.157.Level_10_YouTube_Metadata.json: Copied (new)
<6>INFO  : 1.157.Level_10_The_Permafrost_Thermal_Shield_Citadel/prompt_info.json: Copied (new)
<6>INFO  : 1.157.Level_10_The_Permafrost_Thermal_Shield_Citadel/1.157.Level_10_The_Permafrost_Thermal_Shield_Citadel.mp4: Copied (new)
<6>INFO  : 
Transferred:   	  595.140 MiB / 2.234 GiB, 26%, 2.450 MiB/s, ETA 11m30s
Transferred:          250 / 1086, 23%
Elapsed time:     19m50.6s
Transferring:
 * 1.157.Level_10_The_Per…/youtube_metadata.json:100% /926, 0/s, -
 * 1.147.Level_10_The_Tec…7.Level_10_Prompt.json:100% /2.771Ki, 0/s, -
 * 1.147.Level_10_The_Tec…onic_Strata_Sifter.mp4:  0% /9.173Mi, 0/s, -
 * 1.147.Level_10_The_Tec…_YouTube_Metadata.json:  0% /889, 0/s, -

<6>INFO  : 1.157.Level_10_The_Permafrost_Thermal_Shield_Citadel/youtube_metadata.json: Copied (new)
<6>INFO  : 1.147.Level_10_The_Tectonic_Strata_Sifter/1.147.Level_10_Prompt.json: Copied (new)
<6>INFO  : 1.147.Level_10_The_Tectonic_Strata_Sifter/1.147.Level_10_YouTube_Metadata.json: Copied (new)
<6>INFO  : 1.147.Level_10_The_Tectonic_Strata_Sifter/prompt_info.json: Copied (new)
<6>INFO  : 1.147.Level_10_The_Tectonic_Strata_Sifter/1.147.Level_10_The_Tectonic_Strata_Sifter.mp4: Copied (new)
<6>INFO  : 1.147.Level_10_The_Tectonic_Strata_Sifter/youtube_metadata.json: Copied (new)
<6>INFO  : 1.159.Level_10_The_Polar_Bedrock_Tectonic_Pincer/1.159.Level_10_YouTube_Metadata.json: Copied (new)
<6>INFO  : 1.159.Level_10_The_Polar_Bedrock_Tectonic_Pincer/prompt_info.json: Copied (new)
<6>INFO  : 1.159.Level_10_The_Polar_Bedrock_Tectonic_Pincer/1.159.Level_10_Prompt.json: Copied (new)
<6>INFO  : 1.159.Level_10_The_Polar_Bedrock_Tectonic_Pincer/1.159.Level_10_The_Polar_Bedrock_Tectonic_Pincer.mp4: Copied (new)
<6>INFO  : 1.159.Level_10_The_Polar_Bedrock_Tectonic_Pincer/youtube_metadata.json: Copied (new)
<6>INFO  : 
Transferred:   	  625.903 MiB / 2.234 GiB, 27%, 2.583 MiB/s, ETA 10m43s
Transferred:          261 / 1086, 24%
Elapsed time:      20m0.6s
Transferring:
 * 1.160.Level_10_Atmosph…yo-Condenser_Spire.mp4:100% /9.901Mi, 1.414Mi/s, 0s
 * 1.160.Level_10_Atmosph…0.Level_10_Prompt.json:  0% /2.847Ki, 0/s, -
 * 1.160.Level_10_Atmosph…_YouTube_Metadata.json:  0% /926, 0/s, -
 * 1.160.Level_10_Atmosph…Spire/prompt_info.json:  0% /2.847Ki, 0/s, -

<6>INFO  : 
Transferred:   	  625.903 MiB / 2.234 GiB, 27%, 1.355 MiB/s, ETA 20m26s
Transferred:          261 / 1086, 24%
Elapsed time:     20m10.6s
Transferring:
 * 1.160.Level_10_Atmosph…yo-Condenser_Spire.mp4:100% /9.901Mi, 594.030Ki/s, 0s
 * 1.160.Level_10_Atmosph…0.Level_10_Prompt.json:  0% /2.847Ki, 0/s, -
 * 1.160.Level_10_Atmosph…_YouTube_Metadata.json:  0% /926, 0/s, -
 * 1.160.Level_10_Atmosph…Spire/prompt_info.json:  0% /2.847Ki, 0/s, -

<6>INFO  : 
Transferred:   	  625.903 MiB / 2.234 GiB, 27%, 727.516 KiB/s, ETA 38m59s
Transferred:          261 / 1086, 24%
Elapsed time:     20m20.6s
Transferring:
 * 1.160.Level_10_Atmosph…yo-Condenser_Spire.mp4:100% /9.901Mi, 311.545Ki/s, 0s
 * 1.160.Level_10_Atmosph…0.Level_10_Prompt.json:  0% /2.847Ki, 0/s, -
 * 1.160.Level_10_Atmosph…_YouTube_Metadata.json:  0% /926, 0/s, -
 * 1.160.Level_10_Atmosph…Spire/prompt_info.json:  0% /2.847Ki, 0/s, -

<6>INFO  : 
Transferred:   	  625.903 MiB / 2.234 GiB, 27%, 381.553 KiB/s, ETA 1h14m20s
Transferred:          261 / 1086, 24%
Elapsed time:     20m30.6s
Transferring:
 * 1.160.Level_10_Atmosph…yo-Condenser_Spire.mp4:100% /9.901Mi, 163.393Ki/s, 0s
 * 1.160.Level_10_Atmosph…0.Level_10_Prompt.json:  0% /2.847Ki, 0/s, -
 * 1.160.Level_10_Atmosph…_YouTube_Metadata.json:  0% /926, 0/s, -
 * 1.160.Level_10_Atmosph…Spire/prompt_info.json:  0% /2.847Ki, 0/s, -

<6>INFO  : 
Transferred:   	  625.903 MiB / 2.234 GiB, 27%, 200.109 KiB/s, ETA 2h21m44s
Transferred:          261 / 1086, 24%
Elapsed time:     20m40.6s
Transferring:
 * 1.160.Level_10_Atmosph…yo-Condenser_Spire.mp4:100% /9.901Mi, 85.693Ki/s, 0s
 * 1.160.Level_10_Atmosph…0.Level_10_Prompt.json:  0% /2.847Ki, 0/s, -
 * 1.160.Level_10_Atmosph…_YouTube_Metadata.json:  0% /926, 0/s, -
 * 1.160.Level_10_Atmosph…Spire/prompt_info.json:  0% /2.847Ki, 0/s, -

<6>INFO  : 1.160.Level_10_Atmospheric_Cryo-Condenser_Spire/1.160.Level_10_Prompt.json: Copied (new)
<6>INFO  : 1.160.Level_10_Atmospheric_Cryo-Condenser_Spire/prompt_info.json: Copied (new)
<6>INFO  : 1.160.Level_10_Atmospheric_Cryo-Condenser_Spire/1.160.Level_10_YouTube_Metadata.json: Copied (new)
<6>INFO  : 
Transferred:   	  625.909 MiB / 2.234 GiB, 27%, 105.336 KiB/s, ETA 4h29m16s
Transferred:          264 / 1086, 24%
Elapsed time:     20m50.6s
Transferring:
 * 1.160.Level_10_Atmosph…yo-Condenser_Spire.mp4:100% /9.901Mi, 44.942Ki/s, 0s
 * 1.160.Level_10_Atmosph…/youtube_metadata.json:  0% /926, 0/s, -
 * 1.161.Level_10_Sub-Zer…1.Level_10_Prompt.json:  0% /2.751Ki, 0/s, -
 * 1.161.Level_10_Sub-Zer…_Snowplow_Colossus.mp4:  0% /9.757Mi, 0/s, -

<6>INFO  : 1.160.Level_10_Atmospheric_Cryo-Condenser_Spire/youtube_metadata.json: Copied (new)
<6>INFO  : 1.161.Level_10_Sub-Zero_Snowplow_Colossus/1.161.Level_10_Prompt.json: Copied (new)
<6>INFO  : 
Transferred:   	  635.670 MiB / 2.234 GiB, 28%, 543.544 KiB/s, ETA 51m52s
Transferred:          266 / 1086, 24%
Elapsed time:      21m0.6s
Transferring:
 * 1.160.Level_10_Atmosph…yo-Condenser_Spire.mp4:100% /9.901Mi, 23.570Ki/s, 0s
 * 1.161.Level_10_Sub-Zer…_Snowplow_Colossus.mp4:100% /9.757Mi, 908.258Ki/s, 0s
 * 1.161.Level_10_Sub-Zer…_YouTube_Metadata.json:  0% /910, 0/s, -
 * 1.161.Level_10_Sub-Zer…ossus/prompt_info.json:  0% /2.751Ki, 0/s, -

<6>INFO  : 
Transferred:   	  635.670 MiB / 2.244 GiB, 28%, 285.098 KiB/s, ETA 1h39m30s
Transferred:          266 / 1086, 24%
Elapsed time:     21m10.6s
Transferring:
 * 1.160.Level_10_Atmosph…yo-Condenser_Spire.mp4:  0% /9.901Mi, 0/s, -
 * 1.161.Level_10_Sub-Zer…_Snowplow_Colossus.mp4:100% /9.757Mi, 452.208Ki/s, 0s
 * 1.161.Level_10_Sub-Zer…_YouTube_Metadata.json:  0% /910, 0/s, -
 * 1.161.Level_10_Sub-Zer…ossus/prompt_info.json:  0% /2.751Ki, 0/s, -

<6>INFO  : 
Transferred:   	  635.670 MiB / 2.244 GiB, 28%, 149.522 KiB/s, ETA 3h9m43s
Transferred:          266 / 1086, 24%
Elapsed time:     21m20.6s
Transferring:
 * 1.160.Level_10_Atmosph…yo-Condenser_Spire.mp4:  0% /9.901Mi, 0/s, -
 * 1.161.Level_10_Sub-Zer…_Snowplow_Colossus.mp4:100% /9.757Mi, 237.165Ki/s, 0s
 * 1.161.Level_10_Sub-Zer…_YouTube_Metadata.json:  0% /910, 0/s, -
 * 1.161.Level_10_Sub-Zer…ossus/prompt_info.json:  0% /2.751Ki, 0/s, -

<6>INFO  : 
Transferred:   	  635.670 MiB / 2.244 GiB, 28%, 78.418 KiB/s, ETA 6h1m44s
Transferred:          266 / 1086, 24%
Elapsed time:     21m30.6s
Transferring:
 * 1.160.Level_10_Atmosph…yo-Condenser_Spire.mp4:  0% /9.901Mi, 0/s, -
 * 1.161.Level_10_Sub-Zer…_Snowplow_Colossus.mp4:100% /9.757Mi, 124.384Ki/s, 0s
 * 1.161.Level_10_Sub-Zer…_YouTube_Metadata.json:  0% /910, 0/s, -
 * 1.161.Level_10_Sub-Zer…ossus/prompt_info.json:  0% /2.751Ki, 0/s, -

<6>INFO  : 
Transferred:   	  635.670 MiB / 2.244 GiB, 28%, 41.127 KiB/s, ETA 11h29m44s
Transferred:          266 / 1086, 24%
Elapsed time:     21m40.6s
Transferring:
 * 1.160.Level_10_Atmosph…yo-Condenser_Spire.mp4:  0% /9.901Mi, 0/s, -
 * 1.161.Level_10_Sub-Zer…_Snowplow_Colossus.mp4:100% /9.757Mi, 65.234Ki/s, 0s
 * 1.161.Level_10_Sub-Zer…_YouTube_Metadata.json:  0% /910, 0/s, -
 * 1.161.Level_10_Sub-Zer…ossus/prompt_info.json:  0% /2.751Ki, 0/s, -

<6>INFO  : 1.161.Level_10_Sub-Zero_Snowplow_Colossus/prompt_info.json: Copied (new)
<6>INFO  : 1.161.Level_10_Sub-Zero_Snowplow_Colossus/1.161.Level_10_YouTube_Metadata.json: Copied (new)
<6>INFO  : 
Transferred:   	  643.674 MiB / 2.244 GiB, 28%, 501.771 KiB/s, ETA 56m15s
Transferred:          268 / 1086, 25%
Elapsed time:     21m50.6s
Transferring:
 * 1.160.Level_10_Atmosph…yo-Condenser_Spire.mp4: 80% /9.901Mi, 480Ki/s, 4s
 * 1.161.Level_10_Sub-Zer…_Snowplow_Colossus.mp4:100% /9.757Mi, 34.212Ki/s, 0s
 * 1.161.Level_10_Sub-Zer…/youtube_metadata.json:  0% /910, 0/s, -
 * 1.162.Level_10_Aurora_…is_Polar_Resonator.mp4:  0% /8.745Mi, 0/s, -

<6>INFO  : 1.161.Level_10_Sub-Zero_Snowplow_Colossus/youtube_metadata.json: Copied (new)
<6>INFO  : 1.160.Level_10_Atmospheric_Cryo-Condenser_Spire/1.160.Level_10_Atmospheric_Cryo-Condenser_Spire.mp4: Copied (new)
<6>INFO  : 1.162.Level_10_Aurora_Borealis_Polar_Resonator/1.162.Level_10_YouTube_Metadata.json: Copied (new)
<6>INFO  : 
Transferred:   	  654.323 MiB / 2.253 GiB, 28%, 727.685 KiB/s, ETA 38m46s
Transferred:          271 / 1086, 25%
Elapsed time:      22m0.6s
Transferring:
 * 1.161.Level_10_Sub-Zer…_Snowplow_Colossus.mp4:  0% /9.757Mi, 0/s, -
 * 1.162.Level_10_Aurora_…is_Polar_Resonator.mp4:100% /8.745Mi, 746.218Ki/s, 0s
 * 1.162.Level_10_Aurora_…2.Level_10_Prompt.json:  0% /2.716Ki, 0/s, -
 * 1.162.Level_10_Aurora_…nator/prompt_info.json:  0% /2.716Ki, 0/s, -

<6>INFO  : 
Transferred:   	  654.323 MiB / 2.253 GiB, 28%, 381.642 KiB/s, ETA 1h13m55s
Transferred:          271 / 1086, 25%
Elapsed time:     22m10.6s
Transferring:
 * 1.161.Level_10_Sub-Zer…_Snowplow_Colossus.mp4:  0% /9.757Mi, 0/s, -
 * 1.162.Level_10_Aurora_…is_Polar_Resonator.mp4:100% /8.745Mi, 379.975Ki/s, 0s
 * 1.162.Level_10_Aurora_…2.Level_10_Prompt.json:  0% /2.716Ki, 0/s, -
 * 1.162.Level_10_Aurora_…nator/prompt_info.json:  0% /2.716Ki, 0/s, -

<6>INFO  : 
Transferred:   	  654.323 MiB / 2.253 GiB, 28%, 200.155 KiB/s, ETA 2h20m58s
Transferred:          271 / 1086, 25%
Elapsed time:     22m20.6s
Transferring:
 * 1.161.Level_10_Sub-Zer…_Snowplow_Colossus.mp4:  0% /9.757Mi, 0/s, -
 * 1.162.Level_10_Aurora_…is_Polar_Resonator.mp4:100% /8.745Mi, 199.281Ki/s, 0s
 * 1.162.Level_10_Aurora_…2.Level_10_Prompt.json:  0% /2.716Ki, 0/s, -
 * 1.162.Level_10_Aurora_…nator/prompt_info.json:  0% /2.716Ki, 0/s, -

<6>INFO  : 
Transferred:   	  654.323 MiB / 2.253 GiB, 28%, 104.974 KiB/s, ETA 4h28m47s
Transferred:          271 / 1086, 25%
Elapsed time:     22m30.6s
Transferring:
 * 1.161.Level_10_Sub-Zer…_Snowplow_Colossus.mp4:  0% /9.757Mi, 0/s, -
 * 1.162.Level_10_Aurora_…is_Polar_Resonator.mp4:100% /8.745Mi, 104.515Ki/s, 0s
 * 1.162.Level_10_Aurora_…2.Level_10_Prompt.json:  0% /2.716Ki, 0/s, -
 * 1.162.Level_10_Aurora_…nator/prompt_info.json:  0% /2.716Ki, 0/s, -

<6>INFO  : 
Transferred:   	  654.323 MiB / 2.253 GiB, 28%, 55.055 KiB/s, ETA 8h32m29s
Transferred:          271 / 1086, 25%
Elapsed time:     22m40.6s
Transferring:
 * 1.161.Level_10_Sub-Zer…_Snowplow_Colossus.mp4:  0% /9.757Mi, 0/s, -
 * 1.162.Level_10_Aurora_…is_Polar_Resonator.mp4:100% /8.745Mi, 54.813Ki/s, 0s
 * 1.162.Level_10_Aurora_…2.Level_10_Prompt.json:  0% /2.716Ki, 0/s, -
 * 1.162.Level_10_Aurora_…nator/prompt_info.json:  0% /2.716Ki, 0/s, -

<6>INFO  : 1.162.Level_10_Aurora_Borealis_Polar_Resonator/prompt_info.json: Copied (new)
<6>INFO  : 1.162.Level_10_Aurora_Borealis_Polar_Resonator/1.162.Level_10_Prompt.json: Copied (new)
<6>INFO  : 
Transferred:   	  662.329 MiB / 2.253 GiB, 29%, 29.213 KiB/s, ETA 16h1m9s
Transferred:          273 / 1086, 25%
Elapsed time:     22m50.6s
Transferring:
 * 1.161.Level_10_Sub-Zer…_Snowplow_Colossus.mp4: 81% /9.757Mi, 257.750Ki/s, 6s
 * 1.162.Level_10_Aurora_…is_Polar_Resonator.mp4:100% /8.745Mi, 28.747Ki/s, 0s
 * 1.162.Level_10_Aurora_…/youtube_metadata.json:  0% /903, 0/s, -
 * 1.163.Level_10_The_Tun…3.Level_10_Prompt.json:  0% /2.635Ki, 0/s, -

<6>INFO  : 
Transferred:   	  664.085 MiB / 2.253 GiB, 29%, 373.308 KiB/s, ETA 1h15m8s
Transferred:          273 / 1086, 25%
Elapsed time:      23m0.6s
Transferring:
 * 1.161.Level_10_Sub-Zer…_Snowplow_Colossus.mp4:100% /9.757Mi, 344.501Ki/s, 0s
 * 1.162.Level_10_Aurora_…is_Polar_Resonator.mp4:100% /8.745Mi, 15.076Ki/s, 0s
 * 1.162.Level_10_Aurora_…/youtube_metadata.json:  0% /903, 0/s, -
 * 1.163.Level_10_The_Tun…3.Level_10_Prompt.json:  0% /2.635Ki, 0/s, -

<6>INFO  : 
Transferred:   	  664.085 MiB / 2.253 GiB, 29%, 195.784 KiB/s, ETA 2h23m15s
Transferred:          273 / 1086, 25%
Elapsed time:     23m10.6s
Transferring:
 * 1.161.Level_10_Sub-Zer…_Snowplow_Colossus.mp4:100% /9.757Mi, 180.677Ki/s, 0s
 * 1.162.Level_10_Aurora_…is_Polar_Resonator.mp4:100% /8.745Mi, 7.907Ki/s, 0s
 * 1.162.Level_10_Aurora_…/youtube_metadata.json:  0% /903, 0/s, -
 * 1.163.Level_10_The_Tun…3.Level_10_Prompt.json:  0% /2.635Ki, 0/s, -

<6>INFO  : 
Transferred:   	  664.085 MiB / 2.253 GiB, 29%, 102.681 KiB/s, ETA 4h33m9s
Transferred:          273 / 1086, 25%
Elapsed time:     23m20.6s
Transferring:
 * 1.161.Level_10_Sub-Zer…_Snowplow_Colossus.mp4:100% /9.757Mi, 94.758Ki/s, 0s
 * 1.162.Level_10_Aurora_…is_Polar_Resonator.mp4:100% /8.745Mi, 4.146Ki/s, 0s
 * 1.162.Level_10_Aurora_…/youtube_metadata.json:  0% /903, 0/s, -
 * 1.163.Level_10_The_Tun…3.Level_10_Prompt.json:  0% /2.635Ki, 0/s, -

<6>INFO  : 
Transferred:   	  664.085 MiB / 2.253 GiB, 29%, 53.852 KiB/s, ETA 8h40m50s
Transferred:          273 / 1086, 25%
Elapsed time:     23m30.6s
Transferring:
 * 1.161.Level_10_Sub-Zer…_Snowplow_Colossus.mp4:100% /9.757Mi, 49.696Ki/s, 0s
 * 1.162.Level_10_Aurora_…is_Polar_Resonator.mp4:100% /8.745Mi, 2.175Ki/s, 0s
 * 1.162.Level_10_Aurora_…/youtube_metadata.json:  0% /903, 0/s, -
 * 1.163.Level_10_The_Tun…3.Level_10_Prompt.json:  0% /2.635Ki, 0/s, -

<6>INFO  : 
Transferred:   	  664.085 MiB / 2.253 GiB, 29%, 28.243 KiB/s, ETA 16h33m6s
Transferred:          273 / 1086, 25%
Elapsed time:     23m40.6s
Transferring:
 * 1.161.Level_10_Sub-Zer…_Snowplow_Colossus.mp4:100% /9.757Mi, 26.063Ki/s, 0s
 * 1.162.Level_10_Aurora_…is_Polar_Resonator.mp4:100% /8.745Mi, 1.141Ki/s, 0s
 * 1.162.Level_10_Aurora_…/youtube_metadata.json:  0% /903, 0/s, -
 * 1.163.Level_10_The_Tun…3.Level_10_Prompt.json:  0% /2.635Ki, 0/s, -

<6>INFO  : 
Transferred:   	  664.085 MiB / 2.253 GiB, 29%, 14.812 KiB/s, ETA 1d7h33m35s
Transferred:          273 / 1086, 25%
Elapsed time:     23m50.6s
Transferring:
 * 1.161.Level_10_Sub-Zer…_Snowplow_Colossus.mp4:100% /9.757Mi, 13.669Ki/s, 0s
 * 1.162.Level_10_Aurora_…is_Polar_Resonator.mp4:100% /8.745Mi, 612/s, 0s
 * 1.162.Level_10_Aurora_…/youtube_metadata.json:  0% /903, 0/s, -
 * 1.163.Level_10_The_Tun…3.Level_10_Prompt.json:  0% /2.635Ki, 0/s, -

<6>INFO  : 
Transferred:   	  664.089 MiB / 2.262 GiB, 29%, 7.908 KiB/s, ETA 2d11h25m32s
Transferred:          273 / 1086, 25%
Elapsed time:      24m0.6s
Transferring:
 * 1.161.Level_10_Sub-Zer…_Snowplow_Colossus.mp4:100% /9.757Mi, 7.169Ki/s, 0s
 * 1.162.Level_10_Aurora_…is_Polar_Resonator.mp4:  0% /8.745Mi, 0/s, -
 * 1.162.Level_10_Aurora_…/youtube_metadata.json:  0% /903, 0/s, -
 * 1.163.Level_10_The_Tun…3.Level_10_Prompt.json:  0% /2.635Ki, 0/s, -

<6>INFO  : 
Transferred:   	  664.089 MiB / 2.262 GiB, 29%, 4.147 KiB/s, ETA 4d17h18m30s
Transferred:          273 / 1086, 25%
Elapsed time:     24m10.6s
Transferring:
 * 1.161.Level_10_Sub-Zer…_Snowplow_Colossus.mp4:100% /9.757Mi, 3.760Ki/s, 0s
 * 1.162.Level_10_Aurora_…is_Polar_Resonator.mp4:  0% /8.745Mi, 0/s, -
 * 1.162.Level_10_Aurora_…/youtube_metadata.json:  0% /903, 0/s, -
 * 1.163.Level_10_The_Tun…3.Level_10_Prompt.json:  0% /2.635Ki, 0/s, -

<6>INFO  : 
Transferred:   	  664.089 MiB / 2.262 GiB, 29%, 2.175 KiB/s, ETA 1w2d2m51s
Transferred:          273 / 1086, 25%
Elapsed time:     24m20.6s
Transferring:
 * 1.161.Level_10_Sub-Zer…_Snowplow_Colossus.mp4:100% /9.757Mi, 1.972Ki/s, 0s
 * 1.162.Level_10_Aurora_…is_Polar_Resonator.mp4:  0% /8.745Mi, 0/s, -
 * 1.162.Level_10_Aurora_…/youtube_metadata.json:  0% /903, 0/s, -
 * 1.163.Level_10_The_Tun…3.Level_10_Prompt.json:  0% /2.635Ki, 0/s, -

<6>INFO  : 
Transferred:   	  664.089 MiB / 2.262 GiB, 29%, 1.141 KiB/s, ETA 2w3d3h56m32s
Transferred:          273 / 1086, 25%
Elapsed time:     24m30.6s
Transferring:
 * 1.161.Level_10_Sub-Zer…_Snowplow_Colossus.mp4:100% /9.757Mi, 1.034Ki/s, 0s
 * 1.162.Level_10_Aurora_…is_Polar_Resonator.mp4:  0% /8.745Mi, 0/s, -
 * 1.162.Level_10_Aurora_…/youtube_metadata.json:  0% /903, 0/s, -
 * 1.163.Level_10_The_Tun…3.Level_10_Prompt.json:  0% /2.635Ki, 0/s, -

<6>INFO  : 
Transferred:   	  664.089 MiB / 2.262 GiB, 29%, 612 B/s, ETA 4w4d17h27m34s
Transferred:          273 / 1086, 25%
Elapsed time:     24m40.6s
Transferring:
 * 1.161.Level_10_Sub-Zer…_Snowplow_Colossus.mp4:100% /9.757Mi, 555/s, 0s
 * 1.162.Level_10_Aurora_…is_Polar_Resonator.mp4:  0% /8.745Mi, 0/s, -
 * 1.162.Level_10_Aurora_…/youtube_metadata.json:  0% /903, 0/s, -
 * 1.163.Level_10_The_Tun…3.Level_10_Prompt.json:  0% /2.635Ki, 0/s, -

<6>INFO  : 
Transferred:   	  664.089 MiB / 2.262 GiB, 29%, 321 B/s, ETA 8w6d9h39m8s
Transferred:          273 / 1086, 25%
Elapsed time:     24m50.6s
Transferring:
 * 1.161.Level_10_Sub-Zer…_Snowplow_Colossus.mp4:100% /9.757Mi, 291/s, 0s
 * 1.162.Level_10_Aurora_…is_Polar_Resonator.mp4:  0% /8.745Mi, 0/s, -
 * 1.162.Level_10_Aurora_…/youtube_metadata.json:  0% /903, 0/s, -
 * 1.163.Level_10_The_Tun…3.Level_10_Prompt.json:  0% /2.635Ki, 0/s, -

<6>INFO  : 
Transferred:   	  664.089 MiB / 2.262 GiB, 29%, 168 B/s, ETA 16w6d23h36m21s
Transferred:          273 / 1086, 25%
Elapsed time:      25m0.6s
Transferring:
 * 1.161.Level_10_Sub-Zer…_Snowplow_Colossus.mp4:100% /9.757Mi, 152/s, 0s
 * 1.162.Level_10_Aurora_…is_Polar_Resonator.mp4:  0% /8.745Mi, 0/s, -
 * 1.162.Level_10_Aurora_…/youtube_metadata.json:  0% /903, 0/s, -
 * 1.163.Level_10_The_Tun…3.Level_10_Prompt.json:  0% /2.635Ki, 0/s, -

<6>INFO  : 
Transferred:   	  664.089 MiB / 2.262 GiB, 29%, 88 B/s, ETA 32w2d20h50m41s
Transferred:          273 / 1086, 25%
Elapsed time:     25m10.6s
Transferring:
 * 1.161.Level_10_Sub-Zer…_Snowplow_Colossus.mp4:100% /9.757Mi, 80/s, 0s
 * 1.162.Level_10_Aurora_…is_Polar_Resonator.mp4:  0% /8.745Mi, 0/s, -
 * 1.162.Level_10_Aurora_…/youtube_metadata.json:  0% /903, 0/s, -
 * 1.163.Level_10_The_Tun…3.Level_10_Prompt.json:  0% /2.635Ki, 0/s, -

<6>INFO  : 
Transferred:   	  664.089 MiB / 2.262 GiB, 29%, 46 B/s, ETA 1y9w4d13h48m8s
Transferred:          273 / 1086, 25%
Elapsed time:     25m20.6s
Transferring:
 * 1.161.Level_10_Sub-Zer…_Snowplow_Colossus.mp4:100% /9.757Mi, 42/s, 0s
 * 1.162.Level_10_Aurora_…is_Polar_Resonator.mp4:  0% /8.745Mi, 0/s, -
 * 1.162.Level_10_Aurora_…/youtube_metadata.json:  0% /903, 0/s, -
 * 1.163.Level_10_The_Tun…3.Level_10_Prompt.json:  0% /2.635Ki, 0/s, -

<6>INFO  : 
Transferred:   	  664.089 MiB / 2.262 GiB, 29%, 24 B/s, ETA 2y13w3d19h12m15s
Transferred:          273 / 1086, 25%
Elapsed time:     25m30.6s
Transferring:
 * 1.161.Level_10_Sub-Zer…_Snowplow_Colossus.mp4:100% /9.757Mi, 22/s, 0s
 * 1.162.Level_10_Aurora_…is_Polar_Resonator.mp4:  0% /8.745Mi, 0/s, -
 * 1.162.Level_10_Aurora_…/youtube_metadata.json:  0% /903, 0/s, -
 * 1.163.Level_10_The_Tun…3.Level_10_Prompt.json:  0% /2.635Ki, 0/s, -

<6>INFO  : 
Transferred:   	  664.089 MiB / 2.262 GiB, 29%, 12 B/s, ETA 4y16w15h56m22s
Transferred:          273 / 1086, 25%
Elapsed time:     25m40.6s
Transferring:
 * 1.161.Level_10_Sub-Zer…_Snowplow_Colossus.mp4:100% /9.757Mi, 11/s, 0s
 * 1.162.Level_10_Aurora_…is_Polar_Resonator.mp4:  0% /8.745Mi, 0/s, -
 * 1.162.Level_10_Aurora_…/youtube_metadata.json:  0% /903, 0/s, -
 * 1.163.Level_10_The_Tun…3.Level_10_Prompt.json:  0% /2.635Ki, 0/s, -

<6>INFO  : 
Transferred:   	  664.089 MiB / 2.262 GiB, 29%, 6 B/s, ETA 8y11w1d15h10m34s
Transferred:          273 / 1086, 25%
Elapsed time:     25m50.6s
Transferring:
 * 1.161.Level_10_Sub-Zer…_Snowplow_Colossus.mp4:100% /9.757Mi, 6/s, 0s
 * 1.162.Level_10_Aurora_…is_Polar_Resonator.mp4:  0% /8.745Mi, 0/s, -
 * 1.162.Level_10_Aurora_…/youtube_metadata.json:  0% /903, 0/s, -
 * 1.163.Level_10_The_Tun…3.Level_10_Prompt.json:  0% /2.635Ki, 0/s, -

<6>INFO  : 
Transferred:   	  664.089 MiB / 2.262 GiB, 29%, 3 B/s, ETA 15y34w4d13h21m12s
Transferred:          273 / 1086, 25%
Elapsed time:      26m0.6s
Transferring:
 * 1.161.Level_10_Sub-Zer…_Snowplow_Colossus.mp4:100% /9.757Mi, 3/s, 0s
 * 1.162.Level_10_Aurora_…is_Polar_Resonator.mp4:  0% /8.745Mi, 0/s, -
 * 1.162.Level_10_Aurora_…/youtube_metadata.json:  0% /903, 0/s, -
 * 1.163.Level_10_The_Tun…3.Level_10_Prompt.json:  0% /2.635Ki, 0/s, -

<6>INFO  : 
Transferred:   	  672.834 MiB / 2.262 GiB, 29%, 497.666 KiB/s, ETA 56m21s
Transferred:          273 / 1086, 25%
Elapsed time:     26m10.6s
Transferring:
 * 1.161.Level_10_Sub-Zer…_Snowplow_Colossus.mp4:100% /9.757Mi, 1/s, 0s
 * 1.162.Level_10_Aurora_…is_Polar_Resonator.mp4:100% /8.745Mi, 466.561Ki/s, 0s
 * 1.162.Level_10_Aurora_…/youtube_metadata.json:  0% /903, 0/s, -
 * 1.163.Level_10_The_Tun…3.Level_10_Prompt.json:  0% /2.635Ki, 0/s, -

<6>INFO  : 
Transferred:   	  672.834 MiB / 2.262 GiB, 29%, 261.006 KiB/s, ETA 1h47m27s
Transferred:          273 / 1086, 25%
Elapsed time:     26m20.6s
Transferring:
 * 1.161.Level_10_Sub-Zer…_Snowplow_Colossus.mp4:100% /9.757Mi, 0/s, 0s
 * 1.162.Level_10_Aurora_…is_Polar_Resonator.mp4:100% /8.745Mi, 244.692Ki/s, 0s
 * 1.162.Level_10_Aurora_…/youtube_metadata.json:  0% /903, 0/s, -
 * 1.163.Level_10_The_Tun…3.Level_10_Prompt.json:  0% /2.635Ki, 0/s, -

<6>INFO  : 
Transferred:   	  672.834 MiB / 2.262 GiB, 29%, 136.887 KiB/s, ETA 3h24m54s
Transferred:          273 / 1086, 25%
Elapsed time:     26m30.6s
Transferring:
 * 1.161.Level_10_Sub-Zer…_Snowplow_Colossus.mp4:100% /9.757Mi, 0/s, 0s
 * 1.162.Level_10_Aurora_…is_Polar_Resonator.mp4:100% /8.745Mi, 128.331Ki/s, 0s
 * 1.162.Level_10_Aurora_…/youtube_metadata.json:  0% /903, 0/s, -
 * 1.163.Level_10_The_Tun…3.Level_10_Prompt.json:  0% /2.635Ki, 0/s, -

<6>INFO  : 
Transferred:   	  672.834 MiB / 2.262 GiB, 29%, 71.792 KiB/s, ETA 6h30m41s
Transferred:          273 / 1086, 25%
Elapsed time:     26m40.6s
Transferring:
 * 1.161.Level_10_Sub-Zer…_Snowplow_Colossus.mp4:100% /9.757Mi, 0/s, 0s
 * 1.162.Level_10_Aurora_…is_Polar_Resonator.mp4:100% /8.745Mi, 67.305Ki/s, 0s
 * 1.162.Level_10_Aurora_…/youtube_metadata.json:  0% /903, 0/s, -
 * 1.163.Level_10_The_Tun…3.Level_10_Prompt.json:  0% /2.635Ki, 0/s, -

<6>INFO  : 1.162.Level_10_Aurora_Borealis_Polar_Resonator/youtube_metadata.json: Copied (new)
<6>INFO  : 1.163.Level_10_The_Tundra_Snow-Compacting_Leviathan/1.163.Level_10_Prompt.json: Copied (new)
<6>INFO  : 1.163.Level_10_The_Tundra_Snow-Compacting_Leviathan/1.163.Level_10_YouTube_Metadata.json: Copied (new)
<6>INFO  : 
Transferred:   	  696.392 MiB / 2.280 GiB, 30%, 997.868 KiB/s, ETA 28m1s
Transferred:          276 / 1086, 25%
Elapsed time:     26m50.6s
Transferring:
 * 1.161.Level_10_Sub-Zer…_Snowplow_Colossus.mp4:100% /9.757Mi, 2Mi/s, 0s
 * 1.162.Level_10_Aurora_…is_Polar_Resonator.mp4:  0% /8.745Mi, 0/s, -
 * 1.163.Level_10_The_Tun…mpacting_Leviathan.mp4:100% /13.794Mi, 2.299Mi/s, 0s
 * 1.163.Level_10_The_Tun…athan/prompt_info.json:100% /2.635Ki, 0/s, -

<6>INFO  : 1.161.Level_10_Sub-Zero_Snowplow_Colossus/1.161.Level_10_Sub-Zero_Snowplow_Colossus.mp4: Copied (new)
<6>INFO  : 1.163.Level_10_The_Tundra_Snow-Compacting_Leviathan/prompt_info.json: Copied (new)
<6>INFO  : 1.163.Level_10_The_Tundra_Snow-Compacting_Leviathan/1.163.Level_10_The_Tundra_Snow-Compacting_Leviathan.mp4: Copied (new)
<6>INFO  : 1.163.Level_10_The_Tundra_Snow-Compacting_Leviathan/youtube_metadata.json: Copied (new)
<6>INFO  : 1.162.Level_10_Aurora_Borealis_Polar_Resonator/1.162.Level_10_Aurora_Borealis_Polar_Resonator.mp4: Copied (new)
<6>INFO  : 1.164.Level_10_Geothermal_Snowfield_Melt-Canal_Dredger/1.164.Level_10_Prompt.json: Copied (new)
<6>INFO  : 1.164.Level_10_Geothermal_Snowfield_Melt-Canal_Dredger/1.164.Level_10_Geothermal_Snowfield_Melt-Canal_Dredger.mp4: Copied (new)
<6>INFO  : 1.164.Level_10_Geothermal_Snowfield_Melt-Canal_Dredger/1.164.Level_10_YouTube_Metadata.json: Copied (new)
<6>INFO  : 1.164.Level_10_Geothermal_Snowfield_Melt-Canal_Dredger/prompt_info.json: Copied (new)
<6>INFO  : 1.164.Level_10_Geothermal_Snowfield_Melt-Canal_Dredger/youtube_metadata.json: Copied (new)
<6>INFO  : 
Transferred:   	  717.438 MiB / 2.280 GiB, 31%, 1.624 MiB/s, ETA 16m36s
Transferred:          286 / 1086, 26%
Elapsed time:      27m0.6s
Transferring:
 * 1.165.Level_10_The_Pol…5.Level_10_Prompt.json:  0% /2.604Ki, 0/s, -
 * 1.165.Level_10_The_Pol…Laser_Beacon_Spire.mp4:  0% /9.886Mi, 0/s, -
 * 1.165.Level_10_The_Pol…_YouTube_Metadata.json:  0% /903, 0/s, -
 * 1.165.Level_10_The_Pol…Spire/prompt_info.json:  0% /2.604Ki, 0/s, -

<6>INFO  : 
Transferred:   	  717.438 MiB / 2.280 GiB, 31%, 872.087 KiB/s, ETA 31m39s
Transferred:          286 / 1086, 26%
Elapsed time:     27m10.6s
Transferring:
 * 1.165.Level_10_The_Pol…5.Level_10_Prompt.json:  0% /2.604Ki, 0/s, -
 * 1.165.Level_10_The_Pol…Laser_Beacon_Spire.mp4:  0% /9.886Mi, 0/s, -
 * 1.165.Level_10_The_Pol…_YouTube_Metadata.json:  0% /903, 0/s, -
 * 1.165.Level_10_The_Pol…Spire/prompt_info.json:  0% /2.604Ki, 0/s, -

<6>INFO  : 
Transferred:   	  717.438 MiB / 2.280 GiB, 31%, 457.375 KiB/s, ETA 1h21s
Transferred:          286 / 1086, 26%
Elapsed time:     27m20.6s
Transferring:
 * 1.165.Level_10_The_Pol…5.Level_10_Prompt.json:  0% /2.604Ki, 0/s, -
 * 1.165.Level_10_The_Pol…Laser_Beacon_Spire.mp4:  0% /9.886Mi, 0/s, -
 * 1.165.Level_10_The_Pol…_YouTube_Metadata.json:  0% /903, 0/s, -
 * 1.165.Level_10_The_Pol…Spire/prompt_info.json:  0% /2.604Ki, 0/s, -

<6>INFO  : 
Transferred:   	  717.438 MiB / 2.280 GiB, 31%, 239.875 KiB/s, ETA 1h55m4s
Transferred:          286 / 1086, 26%
Elapsed time:     27m30.6s
Transferring:
 * 1.165.Level_10_The_Pol…5.Level_10_Prompt.json:  0% /2.604Ki, 0/s, -
 * 1.165.Level_10_The_Pol…Laser_Beacon_Spire.mp4:  0% /9.886Mi, 0/s, -
 * 1.165.Level_10_The_Pol…_YouTube_Metadata.json:  0% /903, 0/s, -
 * 1.165.Level_10_The_Pol…Spire/prompt_info.json:  0% /2.604Ki, 0/s, -

<6>INFO  : 
Transferred:   	  717.438 MiB / 2.280 GiB, 31%, 125.805 KiB/s, ETA 3h39m24s
Transferred:          286 / 1086, 26%
Elapsed time:     27m40.6s
Transferring:
 * 1.165.Level_10_The_Pol…5.Level_10_Prompt.json:  0% /2.604Ki, 0/s, -
 * 1.165.Level_10_The_Pol…Laser_Beacon_Spire.mp4:  0% /9.886Mi, 0/s, -
 * 1.165.Level_10_The_Pol…_YouTube_Metadata.json:  0% /903, 0/s, -
 * 1.165.Level_10_The_Pol…Spire/prompt_info.json:  0% /2.604Ki, 0/s, -

<6>INFO  : 1.165.Level_10_The_Polar_Whiteout_Laser_Beacon_Spire/1.165.Level_10_Prompt.json: Copied (new)
<6>INFO  : 1.165.Level_10_The_Polar_Whiteout_Laser_Beacon_Spire/prompt_info.json: Copied (new)
<6>INFO  : 1.165.Level_10_The_Polar_Whiteout_Laser_Beacon_Spire/1.165.Level_10_The_Polar_Whiteout_Laser_Beacon_Spire.mp4: Copied (new)
<6>INFO  : 1.165.Level_10_The_Polar_Whiteout_Laser_Beacon_Spire/1.165.Level_10_YouTube_Metadata.json: Copied (new)
<6>INFO  : 1.165.Level_10_The_Polar_Whiteout_Laser_Beacon_Spire/youtube_metadata.json: Copied (new)
<6>INFO  : 
Transferred:   	  728.427 MiB / 2.280 GiB, 31%, 659.557 KiB/s, ETA 41m34s
Transferred:          291 / 1086, 27%
Elapsed time:     27m50.6s
Transferring:
 * 1.166.Level_10_Cryogen…Seed_Vault_Citadel.mp4: 11% /9.467Mi, 0/s, -
 * 1.166.Level_10_Cryogen…6.Level_10_Prompt.json:100% /2.737Ki, 0/s, -
 * 1.166.Level_10_Cryogen…_YouTube_Metadata.json:100% /888, 887/s, 0s
 * 1.166.Level_10_Cryogen…tadel/prompt_info.json:100% /2.737Ki, 0/s, -

<6>INFO  : 1.166.Level_10_Cryogenic_Snowfield_Seed_Vault_Citadel/1.166.Level_10_YouTube_Metadata.json: Copied (new)
<6>INFO  : 1.166.Level_10_Cryogenic_Snowfield_Seed_Vault_Citadel/1.166.Level_10_Prompt.json: Copied (new)
<6>INFO  : 1.166.Level_10_Cryogenic_Snowfield_Seed_Vault_Citadel/prompt_info.json: Copied (new)
<6>INFO  : 1.166.Level_10_Cryogenic_Snowfield_Seed_Vault_Citadel/1.166.Level_10_Cryogenic_Snowfield_Seed_Vault_Citadel.mp4: Copied (new)
<6>INFO  : 1.167.Level_10_The_Arctic_Snow-Sifting_Bio-Dome_Crawler/1.167.Level_10_Prompt.json: Copied (new)
<6>INFO  : 1.166.Level_10_Cryogenic_Snowfield_Seed_Vault_Citadel/youtube_metadata.json: Copied (new)
<6>INFO  : 1.167.Level_10_The_Arctic_Snow-Sifting_Bio-Dome_Crawler/1.167.Level_10_YouTube_Metadata.json: Copied (new)
<6>INFO  : 1.167.Level_10_The_Arctic_Snow-Sifting_Bio-Dome_Crawler/prompt_info.json: Copied (new)
<6>INFO  : 1.167.Level_10_The_Arctic_Snow-Sifting_Bio-Dome_Crawler/1.167.Level_10_The_Arctic_Snow-Sifting_Bio-Dome_Crawler.mp4: Copied (new)
<6>INFO  : 1.167.Level_10_The_Arctic_Snow-Sifting_Bio-Dome_Crawler/youtube_metadata.json: Copied (new)
<6>INFO  : 
Transferred:   	  762.456 MiB / 2.280 GiB, 33%, 1.812 MiB/s, ETA 14m27s
Transferred:          301 / 1086, 28%
Elapsed time:      28m0.6s
Transferring:
 * 1.168.Level_10_Atmosph…Directing_Turbines.mp4:100% /11.364Mi, 1.623Mi/s, 0s
 * 1.168.Level_10_Atmosph…8.Level_10_Prompt.json:  0% /2.661Ki, 0/s, -
 * 1.168.Level_10_Atmosph…_YouTube_Metadata.json:  0% /892, 0/s, -
 * 1.168.Level_10_Atmosph…bines/prompt_info.json:  0% /2.661Ki, 0/s, -

<6>INFO  : 
Transferred:   	  762.456 MiB / 2.280 GiB, 33%, 973.095 KiB/s, ETA 27m34s
Transferred:          301 / 1086, 28%
Elapsed time:     28m10.6s
Transferring:
 * 1.168.Level_10_Atmosph…Directing_Turbines.mp4:100% /11.364Mi, 681.819Ki/s, 0s
 * 1.168.Level_10_Atmosph…8.Level_10_Prompt.json:  0% /2.661Ki, 0/s, -
 * 1.168.Level_10_Atmosph…_YouTube_Metadata.json:  0% /892, 0/s, -
 * 1.168.Level_10_Atmosph…bines/prompt_info.json:  0% /2.661Ki, 0/s, -

<6>INFO  : 
Transferred:   	  762.456 MiB / 2.280 GiB, 33%, 510.350 KiB/s, ETA 52m34s
Transferred:          301 / 1086, 28%
Elapsed time:     28m20.6s
Transferring:
 * 1.168.Level_10_Atmosph…Directing_Turbines.mp4:100% /11.364Mi, 357.587Ki/s, 0s
 * 1.168.Level_10_Atmosph…8.Level_10_Prompt.json:  0% /2.661Ki, 0/s, -
 * 1.168.Level_10_Atmosph…_YouTube_Metadata.json:  0% /892, 0/s, -
 * 1.168.Level_10_Atmosph…bines/prompt_info.json:  0% /2.661Ki, 0/s, -

<6>INFO  : 
Transferred:   	  762.456 MiB / 2.280 GiB, 33%, 267.658 KiB/s, ETA 1h40m15s
Transferred:          301 / 1086, 28%
Elapsed time:     28m30.6s
Transferring:
 * 1.168.Level_10_Atmosph…Directing_Turbines.mp4:100% /11.364Mi, 187.540Ki/s, 0s
 * 1.168.Level_10_Atmosph…8.Level_10_Prompt.json:  0% /2.661Ki, 0/s, -
 * 1.168.Level_10_Atmosph…_YouTube_Metadata.json:  0% /892, 0/s, -
 * 1.168.Level_10_Atmosph…bines/prompt_info.json:  0% /2.661Ki, 0/s, -

<6>INFO  : 
Transferred:   	  762.456 MiB / 2.280 GiB, 33%, 140.376 KiB/s, ETA 3h11m9s
Transferred:          301 / 1086, 28%
Elapsed time:     28m40.6s
Transferring:
 * 1.168.Level_10_Atmosph…Directing_Turbines.mp4:100% /11.364Mi, 98.357Ki/s, 0s
 * 1.168.Level_10_Atmosph…8.Level_10_Prompt.json:  0% /2.661Ki, 0/s, -
 * 1.168.Level_10_Atmosph…_YouTube_Metadata.json:  0% /892, 0/s, -
 * 1.168.Level_10_Atmosph…bines/prompt_info.json:  0% /2.661Ki, 0/s, -

<6>INFO  : 1.168.Level_10_Atmospheric_Blizzard_Re-Directing_Turbines/1.168.Level_10_Prompt.json: Copied (new)
<6>INFO  : 1.168.Level_10_Atmospheric_Blizzard_Re-Directing_Turbines/1.168.Level_10_YouTube_Metadata.json: Copied (new)
<6>INFO  : 1.168.Level_10_Atmospheric_Blizzard_Re-Directing_Turbines/prompt_info.json: Copied (new)
<6>INFO  : 
Transferred:   	  762.462 MiB / 2.280 GiB, 33%, 73.984 KiB/s, ETA 6h2m42s
Transferred:          304 / 1086, 28%
Elapsed time:     28m50.6s
Transferring:
 * 1.168.Level_10_Atmosph…Directing_Turbines.mp4:100% /11.364Mi, 51.584Ki/s, 0s
 * 1.168.Level_10_Atmosph…/youtube_metadata.json:  0% /892, 0/s, -
 * 1.158.Level_10_Glacial…t_Sub-Hydro_Dynamo.mp4:  0% /8.701Mi, 0/s, -
 * 1.158.Level_10_Glacial…8.Level_10_Prompt.json:  0% /2.815Ki, 0/s, -

<6>INFO  : 1.168.Level_10_Atmospheric_Blizzard_Re-Directing_Turbines/youtube_metadata.json: Copied (new)
<6>INFO  : 1.158.Level_10_Glacial_Melt_Sub-Hydro_Dynamo/1.158.Level_10_Prompt.json: Copied (new)
<6>INFO  : 
Transferred:   	  771.169 MiB / 2.280 GiB, 33%, 474.026 KiB/s, ETA 56m17s
Transferred:          306 / 1086, 28%
Elapsed time:      29m0.6s
Transferring:
 * 1.168.Level_10_Atmosph…Directing_Turbines.mp4:100% /11.364Mi, 27.054Ki/s, 0s
 * 1.158.Level_10_Glacial…t_Sub-Hydro_Dynamo.mp4:100% /8.701Mi, 809.942Ki/s, 0s
 * 1.158.Level_10_Glacial…_YouTube_Metadata.json:  0% /914, 0/s, -
 * 1.158.Level_10_Glacial…ynamo/prompt_info.json:  0% /2.815Ki, 0/s, -

<6>INFO  : 
Transferred:   	  771.169 MiB / 2.280 GiB, 33%, 248.607 KiB/s, ETA 1h47m20s
Transferred:          306 / 1086, 28%
Elapsed time:     29m10.6s
Transferring:
 * 1.168.Level_10_Atmosph…Directing_Turbines.mp4:100% /11.364Mi, 14.188Ki/s, 0s
 * 1.158.Level_10_Glacial…t_Sub-Hydro_Dynamo.mp4:100% /8.701Mi, 403.258Ki/s, 0s
 * 1.158.Level_10_Glacial…_YouTube_Metadata.json:  0% /914, 0/s, -
 * 1.158.Level_10_Glacial…ynamo/prompt_info.json:  0% /2.815Ki, 0/s, -

<6>INFO  : 
Transferred:   	  771.169 MiB / 2.291 GiB, 33%, 130.385 KiB/s, ETA 3h26m9s
Transferred:          306 / 1086, 28%
Elapsed time:     29m20.6s
Transferring:
 * 1.168.Level_10_Atmosph…Directing_Turbines.mp4:  0% /11.364Mi, 0/s, -
 * 1.158.Level_10_Glacial…t_Sub-Hydro_Dynamo.mp4:100% /8.701Mi, 211.492Ki/s, 0s
 * 1.158.Level_10_Glacial…_YouTube_Metadata.json:  0% /914, 0/s, -
 * 1.158.Level_10_Glacial…ynamo/prompt_info.json:  0% /2.815Ki, 0/s, -

<6>INFO  : 
Transferred:   	  771.169 MiB / 2.291 GiB, 33%, 68.382 KiB/s, ETA 6h33m5s
Transferred:          306 / 1086, 28%
Elapsed time:     29m30.6s
Transferring:
 * 1.168.Level_10_Atmosph…Directing_Turbines.mp4:  0% /11.364Mi, 0/s, -
 * 1.158.Level_10_Glacial…t_Sub-Hydro_Dynamo.mp4:100% /8.701Mi, 110.919Ki/s, 0s
 * 1.158.Level_10_Glacial…_YouTube_Metadata.json:  0% /914, 0/s, -
 * 1.158.Level_10_Glacial…ynamo/prompt_info.json:  0% /2.815Ki, 0/s, -

<6>INFO  : 
Transferred:   	  771.169 MiB / 2.291 GiB, 33%, 35.863 KiB/s, ETA 12h29m31s
Transferred:          306 / 1086, 28%
Elapsed time:     29m40.6s
Transferring:
 * 1.168.Level_10_Atmosph…Directing_Turbines.mp4:  0% /11.364Mi, 0/s, -
 * 1.158.Level_10_Glacial…t_Sub-Hydro_Dynamo.mp4:100% /8.701Mi, 58.173Ki/s, 0s
 * 1.158.Level_10_Glacial…_YouTube_Metadata.json:  0% /914, 0/s, -
 * 1.158.Level_10_Glacial…ynamo/prompt_info.json:  0% /2.815Ki, 0/s, -

<6>INFO  : 1.158.Level_10_Glacial_Melt_Sub-Hydro_Dynamo/1.158.Level_10_YouTube_Metadata.json: Copied (new)
<6>INFO  : 
Transferred:   	  779.173 MiB / 2.291 GiB, 33%, 18.861 KiB/s, ETA 23h37m55s
Transferred:          307 / 1086, 28%
Elapsed time:     29m50.6s
Transferring:
 * 1.168.Level_10_Atmosph…Directing_Turbines.mp4: 70% /11.364Mi, 512.001Ki/s, 6s
 * 1.158.Level_10_Glacial…t_Sub-Hydro_Dynamo.mp4:100% /8.701Mi, 30.509Ki/s, 0s
 * 1.158.Level_10_Glacial…ynamo/prompt_info.json:100% /2.815Ki, 180/s, 0s
 * 1.158.Level_10_Glacial…/youtube_metadata.json:  0% /914, 0/s, -

<6>INFO  : 1.158.Level_10_Glacial_Melt_Sub-Hydro_Dynamo/prompt_info.json: Copied (new)
<6>INFO  : 1.158.Level_10_Glacial_Melt_Sub-Hydro_Dynamo/youtube_metadata.json: Copied (new)
<6>INFO  : 1.168.Level_10_Atmospheric_Blizzard_Re-Directing_Turbines/1.168.Level_10_Atmospheric_Blizzard_Re-Directing_Turbines.mp4: Copied (new)
<6>INFO  : 1.170.Level_10_The_Permafrost_Thermal_Well_Siphon/1.170.Level_10_Prompt.json: Copied (new)
<6>INFO  : 1.170.Level_10_The_Permafrost_Thermal_Well_Siphon/1.170.Level_10_YouTube_Metadata.json: Copied (new)
<6>INFO  : 
Transferred:   	  792.658 MiB / 2.300 GiB, 34%, 959.113 KiB/s, ETA 27m47s
Transferred:          312 / 1086, 29%
Elapsed time:      30m0.6s
Transferring:
 * 1.158.Level_10_Glacial…t_Sub-Hydro_Dynamo.mp4:  0% /8.701Mi, 0/s, -
 * 1.170.Level_10_The_Per…hermal_Well_Siphon.mp4:100% /10.116Mi, 1.264Mi/s, 0s
 * 1.170.Level_10_The_Per…iphon/prompt_info.json:  0% /2.713Ki, 0/s, -
 * 1.170.Level_10_The_Per…/youtube_metadata.json:  0% /908, 0/s, -

<6>INFO  : 
Transferred:   	  792.658 MiB / 2.300 GiB, 34%, 503.017 KiB/s, ETA 53m
Transferred:          312 / 1086, 29%
Elapsed time:     30m10.6s
Transferring:
 * 1.158.Level_10_Glacial…t_Sub-Hydro_Dynamo.mp4:  0% /8.701Mi, 0/s, -
 * 1.170.Level_10_The_Per…hermal_Well_Siphon.mp4:100% /10.116Mi, 569.019Ki/s, 0s
 * 1.170.Level_10_The_Per…iphon/prompt_info.json:  0% /2.713Ki, 0/s, -
 * 1.170.Level_10_The_Per…/youtube_metadata.json:  0% /908, 0/s, -

<6>INFO  : 
Transferred:   	  792.658 MiB / 2.300 GiB, 34%, 263.812 KiB/s, ETA 1h41m3s
Transferred:          312 / 1086, 29%
Elapsed time:     30m20.6s
Transferring:
 * 1.158.Level_10_Glacial…t_Sub-Hydro_Dynamo.mp4:  0% /8.701Mi, 0/s, -
 * 1.170.Level_10_The_Per…hermal_Well_Siphon.mp4:100% /10.116Mi, 298.428Ki/s, 0s
 * 1.170.Level_10_The_Per…iphon/prompt_info.json:  0% /2.713Ki, 0/s, -
 * 1.170.Level_10_The_Per…/youtube_metadata.json:  0% /908, 0/s, -

<6>INFO  : 
Transferred:   	  792.658 MiB / 2.300 GiB, 34%, 138.358 KiB/s, ETA 3h12m42s
Transferred:          312 / 1086, 29%
Elapsed time:     30m30.6s
Transferring:
 * 1.158.Level_10_Glacial…t_Sub-Hydro_Dynamo.mp4:  0% /8.701Mi, 0/s, -
 * 1.170.Level_10_The_Per…hermal_Well_Siphon.mp4:100% /10.116Mi, 156.513Ki/s, 0s
 * 1.170.Level_10_The_Per…iphon/prompt_info.json:  0% /2.713Ki, 0/s, -
 * 1.170.Level_10_The_Per…/youtube_metadata.json:  0% /908, 0/s, -

<6>INFO  : 
Transferred:   	  792.658 MiB / 2.300 GiB, 34%, 72.563 KiB/s, ETA 6h7m25s
Transferred:          312 / 1086, 29%
Elapsed time:     30m40.6s
Transferring:
 * 1.158.Level_10_Glacial…t_Sub-Hydro_Dynamo.mp4:  0% /8.701Mi, 0/s, -
 * 1.170.Level_10_The_Per…hermal_Well_Siphon.mp4:100% /10.116Mi, 82.085Ki/s, 0s
 * 1.170.Level_10_The_Per…iphon/prompt_info.json:  0% /2.713Ki, 0/s, -
 * 1.170.Level_10_The_Per…/youtube_metadata.json:  0% /908, 0/s, -

<6>INFO  : 1.170.Level_10_The_Permafrost_Thermal_Well_Siphon/prompt_info.json: Copied (new)
<6>INFO  : 1.170.Level_10_The_Permafrost_Thermal_Well_Siphon/youtube_metadata.json: Copied (new)
<6>INFO  : 
Transferred:   	  800.661 MiB / 2.300 GiB, 34%, 38.268 KiB/s, ETA 11h33m9s
Transferred:          314 / 1086, 29%
Elapsed time:     30m50.6s
Transferring:
 * 1.158.Level_10_Glacial…t_Sub-Hydro_Dynamo.mp4: 91% /8.701Mi, 0/s, -
 * 1.170.Level_10_The_Per…hermal_Well_Siphon.mp4:100% /10.116Mi, 43.050Ki/s, 0s
 * 1.171.Level_10_The_Cal…1.Level_10_Prompt.json:  0% /2.723Ki, 0/s, -
 * 1.171.Level_10_The_Cal…Magma_Siphon_Titan.mp4:  0% /10.669Mi, 0/s, -

<6>INFO  : 1.158.Level_10_Glacial_Melt_Sub-Hydro_Dynamo/1.158.Level_10_Glacial_Melt_Sub-Hydro_Dynamo.mp4: Copied (new)
<6>INFO  : 1.171.Level_10_The_Caldera_Magma_Siphon_Titan/1.171.Level_10_Prompt.json: Copied (new)
<6>INFO  : 
Transferred:   	  812.034 MiB / 2.310 GiB, 34%, 873.327 KiB/s, ETA 30m20s
Transferred:          316 / 1086, 29%
Elapsed time:      31m0.6s
Transferring:
 * 1.170.Level_10_The_Per…hermal_Well_Siphon.mp4:  0% /10.116Mi, 0/s, -
 * 1.171.Level_10_The_Cal…Magma_Siphon_Titan.mp4:100% /10.669Mi, 993.149Ki/s, 0s
 * 1.171.Level_10_The_Cal…_YouTube_Metadata.json:  0% /866, 0/s, -
 * 1.171.Level_10_The_Cal…Titan/prompt_info.json:  0% /2.723Ki, 0/s, -

<6>INFO  : 
Transferred:   	  812.034 MiB / 2.310 GiB, 34%, 458.025 KiB/s, ETA 57m51s
Transferred:          316 / 1086, 29%
Elapsed time:     31m10.6s
Transferring:
 * 1.170.Level_10_The_Per…hermal_Well_Siphon.mp4:  0% /10.116Mi, 0/s, -
 * 1.171.Level_10_The_Cal…Magma_Siphon_Titan.mp4:100% /10.669Mi, 494.474Ki/s, 0s
 * 1.171.Level_10_The_Cal…_YouTube_Metadata.json:  0% /866, 0/s, -
 * 1.171.Level_10_The_Cal…Titan/prompt_info.json:  0% /2.723Ki, 0/s, -

<6>INFO  : 
Transferred:   	  812.034 MiB / 2.310 GiB, 34%, 240.216 KiB/s, ETA 1h50m20s
Transferred:          316 / 1086, 29%
Elapsed time:     31m20.6s
Transferring:
 * 1.170.Level_10_The_Per…hermal_Well_Siphon.mp4:  0% /10.116Mi, 0/s, -
 * 1.171.Level_10_The_Cal…Magma_Siphon_Titan.mp4:100% /10.669Mi, 259.332Ki/s, 0s
 * 1.171.Level_10_The_Cal…_YouTube_Metadata.json:  0% /866, 0/s, -
 * 1.171.Level_10_The_Cal…Titan/prompt_info.json:  0% /2.723Ki, 0/s, -

<6>INFO  : 
Transferred:   	  812.034 MiB / 2.310 GiB, 34%, 125.983 KiB/s, ETA 3h30m22s
Transferred:          316 / 1086, 29%
Elapsed time:     31m30.6s
Transferring:
 * 1.170.Level_10_The_Per…hermal_Well_Siphon.mp4:  0% /10.116Mi, 0/s, -
 * 1.171.Level_10_The_Cal…Magma_Siphon_Titan.mp4:100% /10.669Mi, 136.009Ki/s, 0s
 * 1.171.Level_10_The_Cal…_YouTube_Metadata.json:  0% /866, 0/s, -
 * 1.171.Level_10_The_Cal…Titan/prompt_info.json:  0% /2.723Ki, 0/s, -

<6>INFO  : 
Transferred:   	  812.034 MiB / 2.310 GiB, 34%, 66.073 KiB/s, ETA 6h41m7s
Transferred:          316 / 1086, 29%
Elapsed time:     31m40.6s
Transferring:
 * 1.170.Level_10_The_Per…hermal_Well_Siphon.mp4:  0% /10.116Mi, 0/s, -
 * 1.171.Level_10_The_Cal…Magma_Siphon_Titan.mp4:100% /10.669Mi, 71.331Ki/s, 0s
 * 1.171.Level_10_The_Cal…_YouTube_Metadata.json:  0% /866, 0/s, -
 * 1.171.Level_10_The_Cal…Titan/prompt_info.json:  0% /2.723Ki, 0/s, -

<6>INFO  : 1.171.Level_10_The_Caldera_Magma_Siphon_Titan/prompt_info.json: Copied (new)
<6>INFO  : 1.171.Level_10_The_Caldera_Magma_Siphon_Titan/1.171.Level_10_YouTube_Metadata.json: Copied (new)
<6>INFO  : 
Transferred:   	  820.037 MiB / 2.310 GiB, 35%, 546.862 KiB/s, ETA 48m12s
Transferred:          318 / 1086, 29%
Elapsed time:     31m50.6s
Transferring:
 * 1.170.Level_10_The_Per…hermal_Well_Siphon.mp4: 79% /10.116Mi, 511.999Ki/s, 4s
 * 1.171.Level_10_The_Cal…Magma_Siphon_Titan.mp4:100% /10.669Mi, 37.410Ki/s, 0s
 * 1.171.Level_10_The_Cal…/youtube_metadata.json:  0% /866, 0/s, -
 * 1.172.Level_10_Sub-Vol…2.Level_10_Prompt.json:  0% /2.779Ki, 0/s, -

<6>INFO  : 1.171.Level_10_The_Caldera_Magma_Siphon_Titan/youtube_metadata.json: Copied (new)
<6>INFO  : 1.170.Level_10_The_Permafrost_Thermal_Well_Siphon/1.170.Level_10_The_Permafrost_Thermal_Well_Siphon.mp4: Copied (new)
<6>INFO  : 1.172.Level_10_Sub-Volcanic_Obsidian_Mantle_Borer/1.172.Level_10_Prompt.json: Copied (new)
<6>INFO  : 
Transferred:   	  822.160 MiB / 2.320 GiB, 35%, 367.977 KiB/s, ETA 1h12m3s
Transferred:          321 / 1086, 30%
Elapsed time:      32m0.6s
Transferring:
 * 1.171.Level_10_The_Cal…Magma_Siphon_Titan.mp4:  0% /10.669Mi, 0/s, -
 * 1.172.Level_10_Sub-Vol…idian_Mantle_Borer.mp4:  0% /14.497Mi, 0/s, -
 * 1.172.Level_10_Sub-Vol…_YouTube_Metadata.json:  0% /857, 0/s, -
 * 1.172.Level_10_Sub-Vol…Borer/prompt_info.json:  0% /2.779Ki, 0/s, -

<6>INFO  : 
Transferred:   	  822.160 MiB / 2.320 GiB, 35%, 192.989 KiB/s, ETA 2h17m23s
Transferred:          321 / 1086, 30%
Elapsed time:     32m10.6s
Transferring:
 * 1.171.Level_10_The_Cal…Magma_Siphon_Titan.mp4:  0% /10.669Mi, 0/s, -
 * 1.172.Level_10_Sub-Vol…idian_Mantle_Borer.mp4:  0% /14.497Mi, 0/s, -
 * 1.172.Level_10_Sub-Vol…_YouTube_Metadata.json:  0% /857, 0/s, -
 * 1.172.Level_10_Sub-Vol…Borer/prompt_info.json:  0% /2.779Ki, 0/s, -

<6>INFO  : 
Transferred:   	  822.160 MiB / 2.320 GiB, 35%, 101.215 KiB/s, ETA 4h21m57s
Transferred:          321 / 1086, 30%
Elapsed time:     32m20.6s
Transferring:
 * 1.171.Level_10_The_Cal…Magma_Siphon_Titan.mp4:  0% /10.669Mi, 0/s, -
 * 1.172.Level_10_Sub-Vol…idian_Mantle_Borer.mp4:  0% /14.497Mi, 0/s, -
 * 1.172.Level_10_Sub-Vol…_YouTube_Metadata.json:  0% /857, 0/s, -
 * 1.172.Level_10_Sub-Vol…Borer/prompt_info.json:  0% /2.779Ki, 0/s, -

<6>INFO  : 
Transferred:   	  822.160 MiB / 2.320 GiB, 35%, 53.083 KiB/s, ETA 8h19m28s
Transferred:          321 / 1086, 30%
Elapsed time:     32m30.6s
Transferring:
 * 1.171.Level_10_The_Cal…Magma_Siphon_Titan.mp4:  0% /10.669Mi, 0/s, -
 * 1.172.Level_10_Sub-Vol…idian_Mantle_Borer.mp4:  0% /14.497Mi, 0/s, -
 * 1.172.Level_10_Sub-Vol…_YouTube_Metadata.json:  0% /857, 0/s, -
 * 1.172.Level_10_Sub-Vol…Borer/prompt_info.json:  0% /2.779Ki, 0/s, -

<6>INFO  : 
Transferred:   	  822.160 MiB / 2.320 GiB, 35%, 27.840 KiB/s, ETA 15h52m21s
Transferred:          321 / 1086, 30%
Elapsed time:     32m40.6s
Transferring:
 * 1.171.Level_10_The_Cal…Magma_Siphon_Titan.mp4:  0% /10.669Mi, 0/s, -
 * 1.172.Level_10_Sub-Vol…idian_Mantle_Borer.mp4:  0% /14.497Mi, 0/s, -
 * 1.172.Level_10_Sub-Vol…_YouTube_Metadata.json:  0% /857, 0/s, -
 * 1.172.Level_10_Sub-Vol…Borer/prompt_info.json:  0% /2.779Ki, 0/s, -

<6>INFO  : 1.172.Level_10_Sub-Volcanic_Obsidian_Mantle_Borer/prompt_info.json: Copied (new)
<6>INFO  : 1.172.Level_10_Sub-Volcanic_Obsidian_Mantle_Borer/1.172.Level_10_YouTube_Metadata.json: Copied (new)
<6>INFO  : 1.172.Level_10_Sub-Volcanic_Obsidian_Mantle_Borer/1.172.Level_10_Sub-Volcanic_Obsidian_Mantle_Borer.mp4: Copied (new)
<6>INFO  : 1.171.Level_10_The_Caldera_Magma_Siphon_Titan/1.171.Level_10_The_Caldera_Magma_Siphon_Titan.mp4: Copied (new)
<6>INFO  : 1.172.Level_10_Sub-Volcanic_Obsidian_Mantle_Borer/youtube_metadata.json: Copied (new)
<6>INFO  : 1.173.Level_10_The_Pyroclastic_Ash-Sequestration_Vacuum_Spire/1.173.Level_10_Prompt.json: Copied (new)
<6>INFO  : 1.173.Level_10_The_Pyroclastic_Ash-Sequestration_Vacuum_Spire/1.173.Level_10_YouTube_Metadata.json: Copied (new)
<6>INFO  : 1.173.Level_10_The_Pyroclastic_Ash-Sequestration_Vacuum_Spire/1.173.Level_10_The_Pyroclastic_Ash-Sequestration_Vacuum_Spire.mp4: Copied (new)
<6>INFO  : 1.173.Level_10_The_Pyroclastic_Ash-Sequestration_Vacuum_Spire/youtube_metadata.json: Copied (new)
<6>INFO  : 1.173.Level_10_The_Pyroclastic_Ash-Sequestration_Vacuum_Spire/prompt_info.json: Copied (new)
<6>INFO  : 1.174.Level_10_Volcanic_Lava-Channeling_Canal_Leviathan/1.174.Level_10_Prompt.json: Copied (new)
<6>INFO  : 1.174.Level_10_Volcanic_Lava-Channeling_Canal_Leviathan/1.174.Level_10_YouTube_Metadata.json: Copied (new)
<6>INFO  : 1.174.Level_10_Volcanic_Lava-Channeling_Canal_Leviathan/prompt_info.json: Copied (new)
<6>INFO  : 1.174.Level_10_Volcanic_Lava-Channeling_Canal_Leviathan/1.174.Level_10_Volcanic_Lava-Channeling_Canal_Leviathan.mp4: Copied (new)
<6>INFO  : 1.174.Level_10_Volcanic_Lava-Channeling_Canal_Leviathan/youtube_metadata.json: Copied (new)
<6>INFO  : 1.175.Level_10_The_Supervolcano_Pressure_Relief_Citadel/1.175.Level_10_Prompt.json: Copied (new)
<6>INFO  : 1.175.Level_10_The_Supervolcano_Pressure_Relief_Citadel/1.175.Level_10_YouTube_Metadata.json: Copied (new)
<6>INFO  : 
Transferred:   	  884.497 MiB / 2.320 GiB, 37%, 2.563 MiB/s, ETA 9m41s
Transferred:          338 / 1086, 31%
Elapsed time:     32m50.6s
Transferring:
 * 1.175.Level_10_The_Sup…ure_Relief_Citadel.mp4:100% /13.801Mi, 8.000Mi/s, 0s
 * 1.175.Level_10_The_Sup…tadel/prompt_info.json:100% /2.704Ki, 0/s, -
 * 1.175.Level_10_The_Sup…/youtube_metadata.json:100% /891, 0/s, -
 * 1.176.Level_10_Geother…ed_Diamond_Foundry.mp4:  0% /10.911Mi, 0/s, -

<6>INFO  : 1.175.Level_10_The_Supervolcano_Pressure_Relief_Citadel/prompt_info.json: Copied (new)
<6>INFO  : 1.175.Level_10_The_Supervolcano_Pressure_Relief_Citadel/1.175.Level_10_The_Supervolcano_Pressure_Relief_Citadel.mp4: Copied (new)
<6>INFO  : 1.175.Level_10_The_Supervolcano_Pressure_Relief_Citadel/youtube_metadata.json: Copied (new)
<6>INFO  : 1.176.Level_10_Geothermal_Lava-Forged_Diamond_Foundry/1.176.Level_10_Prompt.json: Copied (new)
<6>INFO  : 1.176.Level_10_Geothermal_Lava-Forged_Diamond_Foundry/1.176.Level_10_YouTube_Metadata.json: Copied (new)
<6>INFO  : 1.176.Level_10_Geothermal_Lava-Forged_Diamond_Foundry/prompt_info.json: Copied (new)
<6>INFO  : 1.176.Level_10_Geothermal_Lava-Forged_Diamond_Foundry/1.176.Level_10_Geothermal_Lava-Forged_Diamond_Foundry.mp4: Copied (new)
<6>INFO  : 1.177.Level_10_The_Volcanic_Pyro-Plasma_Generator_Ark/1.177.Level_10_Prompt.json: Copied (new)
<6>INFO  : 1.176.Level_10_Geothermal_Lava-Forged_Diamond_Foundry/youtube_metadata.json: Copied (new)
<6>INFO  : 
Transferred:   	  909.690 MiB / 2.320 GiB, 38%, 2.998 MiB/s, ETA 8m9s
Transferred:          347 / 1086, 32%
Elapsed time:      33m0.6s
Transferring:
 * 1.177.Level_10_The_Vol…asma_Generator_Ark.mp4:100% /14.267Mi, 1.783Mi/s, 0s
 * 1.177.Level_10_The_Vol…_YouTube_Metadata.json:  0% /866, 0/s, -
 * 1.177.Level_10_The_Vol…r_Ark/prompt_info.json:  0% /2.724Ki, 0/s, -
 * 1.177.Level_10_The_Vol…/youtube_metadata.json:  0% /866, 0/s, -

<6>INFO  : 
Transferred:   	  909.690 MiB / 2.320 GiB, 38%, 1.572 MiB/s, ETA 15m32s
Transferred:          347 / 1086, 32%
Elapsed time:     33m10.6s
Transferring:
 * 1.177.Level_10_The_Vol…asma_Generator_Ark.mp4:100% /14.267Mi, 802.535Ki/s, 0s
 * 1.177.Level_10_The_Vol…_YouTube_Metadata.json:  0% /866, 0/s, -
 * 1.177.Level_10_The_Vol…r_Ark/prompt_info.json:  0% /2.724Ki, 0/s, -
 * 1.177.Level_10_The_Vol…/youtube_metadata.json:  0% /866, 0/s, -

<6>INFO  : 
Transferred:   	  909.690 MiB / 2.320 GiB, 38%, 844.424 KiB/s, ETA 29m37s
Transferred:          347 / 1086, 32%
Elapsed time:     33m20.6s
Transferring:
 * 1.177.Level_10_The_Vol…asma_Generator_Ark.mp4:100% /14.267Mi, 420.897Ki/s, 0s
 * 1.177.Level_10_The_Vol…_YouTube_Metadata.json:  0% /866, 0/s, -
 * 1.177.Level_10_The_Vol…r_Ark/prompt_info.json:  0% /2.724Ki, 0/s, -
 * 1.177.Level_10_The_Vol…/youtube_metadata.json:  0% /866, 0/s, -

<6>INFO  : 
Transferred:   	  909.690 MiB / 2.320 GiB, 38%, 442.866 KiB/s, ETA 56m29s
Transferred:          347 / 1086, 32%
Elapsed time:     33m30.6s
Transferring:
 * 1.177.Level_10_The_Vol…asma_Generator_Ark.mp4:100% /14.267Mi, 220.744Ki/s, 0s
 * 1.177.Level_10_The_Vol…_YouTube_Metadata.json:  0% /866, 0/s, -
 * 1.177.Level_10_The_Vol…r_Ark/prompt_info.json:  0% /2.724Ki, 0/s, -
 * 1.177.Level_10_The_Vol…/youtube_metadata.json:  0% /866, 0/s, -

<6>INFO  : 
Transferred:   	  909.690 MiB / 2.320 GiB, 38%, 232.266 KiB/s, ETA 1h47m43s
Transferred:          347 / 1086, 32%
Elapsed time:     33m40.6s
Transferring:
 * 1.177.Level_10_The_Vol…asma_Generator_Ark.mp4:100% /14.267Mi, 115.771Ki/s, 0s
 * 1.177.Level_10_The_Vol…_YouTube_Metadata.json:  0% /866, 0/s, -
 * 1.177.Level_10_The_Vol…r_Ark/prompt_info.json:  0% /2.724Ki, 0/s, -
 * 1.177.Level_10_The_Vol…/youtube_metadata.json:  0% /866, 0/s, -

<6>INFO  : 
Transferred:   	  909.690 MiB / 2.320 GiB, 38%, 121.814 KiB/s, ETA 3h25m23s
Transferred:          347 / 1086, 32%
Elapsed time:     33m50.6s
Transferring:
 * 1.177.Level_10_The_Vol…asma_Generator_Ark.mp4:100% /14.267Mi, 60.717Ki/s, 0s
 * 1.177.Level_10_The_Vol…_YouTube_Metadata.json:  0% /866, 0/s, -
 * 1.177.Level_10_The_Vol…r_Ark/prompt_info.json:  0% /2.724Ki, 0/s, -
 * 1.177.Level_10_The_Vol…/youtube_metadata.json:  0% /866, 0/s, -

<6>INFO  : 1.177.Level_10_The_Volcanic_Pyro-Plasma_Generator_Ark/1.177.Level_10_YouTube_Metadata.json: Copied (new)
<6>INFO  : 1.177.Level_10_The_Volcanic_Pyro-Plasma_Generator_Ark/youtube_metadata.json: Copied (new)
<6>INFO  : 1.177.Level_10_The_Volcanic_Pyro-Plasma_Generator_Ark/prompt_info.json: Copied (new)
<6>INFO  : 
Transferred:   	  909.695 MiB / 2.320 GiB, 38%, 64.051 KiB/s, ETA 6h30m37s
Transferred:          350 / 1086, 32%
Elapsed time:      34m0.6s
Transferring:
 * 1.177.Level_10_The_Vol…asma_Generator_Ark.mp4:100% /14.267Mi, 31.844Ki/s, 0s
 * 1.178.Level_10_Stratos…8.Level_10_Prompt.json:  0% /2.701Ki, 0/s, -
 * 1.178.Level_10_Stratos…Dispersal_Turbines.mp4:  0% /12.357Mi, 0/s, -
 * 1.178.Level_10_Stratos…_YouTube_Metadata.json:  0% /870, 0/s, -

<6>INFO  : 
Transferred:   	  909.695 MiB / 2.320 GiB, 38%, 33.592 KiB/s, ETA 12h24m48s
Transferred:          350 / 1086, 32%
Elapsed time:     34m10.6s
Transferring:
 * 1.177.Level_10_The_Vol…asma_Generator_Ark.mp4:100% /14.267Mi, 16.700Ki/s, 0s
 * 1.178.Level_10_Stratos…8.Level_10_Prompt.json:  0% /2.701Ki, 0/s, -
 * 1.178.Level_10_Stratos…Dispersal_Turbines.mp4:  0% /12.357Mi, 0/s, -
 * 1.178.Level_10_Stratos…_YouTube_Metadata.json:  0% /870, 0/s, -

<6>INFO  : 
Transferred:   	  909.695 MiB / 2.320 GiB, 38%, 17.617 KiB/s, ETA 23h40m7s
Transferred:          350 / 1086, 32%
Elapsed time:     34m20.6s
Transferring:
 * 1.177.Level_10_The_Vol…asma_Generator_Ark.mp4:100% /14.267Mi, 8.759Ki/s, 0s
 * 1.178.Level_10_Stratos…8.Level_10_Prompt.json:  0% /2.701Ki, 0/s, -
 * 1.178.Level_10_Stratos…Dispersal_Turbines.mp4:  0% /12.357Mi, 0/s, -
 * 1.178.Level_10_Stratos…_YouTube_Metadata.json:  0% /870, 0/s, -

<6>INFO  : 
Transferred:   	  909.695 MiB / 2.320 GiB, 38%, 9.239 KiB/s, ETA 1d21h7m47s
Transferred:          350 / 1086, 32%
Elapsed time:     34m30.6s
Transferring:
 * 1.177.Level_10_The_Vol…asma_Generator_Ark.mp4:100% /14.267Mi, 4.593Ki/s, 0s
 * 1.178.Level_10_Stratos…8.Level_10_Prompt.json:  0% /2.701Ki, 0/s, -
 * 1.178.Level_10_Stratos…Dispersal_Turbines.mp4:  0% /12.357Mi, 0/s, -
 * 1.178.Level_10_Stratos…_YouTube_Metadata.json:  0% /870, 0/s, -

<6>INFO  : 
Transferred:   	  909.695 MiB / 2.320 GiB, 38%, 4.846 KiB/s, ETA 3d14h3m
Transferred:          350 / 1086, 32%
Elapsed time:     34m40.6s
Transferring:
 * 1.177.Level_10_The_Vol…asma_Generator_Ark.mp4:100% /14.267Mi, 2.409Ki/s, 0s
 * 1.178.Level_10_Stratos…8.Level_10_Prompt.json:  0% /2.701Ki, 0/s, -
 * 1.178.Level_10_Stratos…Dispersal_Turbines.mp4:  0% /12.357Mi, 0/s, -
 * 1.178.Level_10_Stratos…_YouTube_Metadata.json:  0% /870, 0/s, -

<6>INFO  : 
Transferred:   	  909.695 MiB / 2.320 GiB, 38%, 2.541 KiB/s, ETA 6d20h4m25s
Transferred:          350 / 1086, 32%
Elapsed time:     34m50.6s
Transferring:
 * 1.177.Level_10_The_Vol…asma_Generator_Ark.mp4:100% /14.267Mi, 1.263Ki/s, 0s
 * 1.178.Level_10_Stratos…8.Level_10_Prompt.json:  0% /2.701Ki, 0/s, -
 * 1.178.Level_10_Stratos…Dispersal_Turbines.mp4:  0% /12.357Mi, 0/s, -
 * 1.178.Level_10_Stratos…_YouTube_Metadata.json:  0% /870, 0/s, -

<6>INFO  : 
Transferred:   	  909.697 MiB / 2.334 GiB, 38%, 1.332 KiB/s, ETA 1w6d3h53m14s
Transferred:          350 / 1086, 32%
Elapsed time:      35m0.6s
Transferring:
 * 1.177.Level_10_The_Vol…asma_Generator_Ark.mp4:  0% /14.267Mi, 0/s, -
 * 1.178.Level_10_Stratos…8.Level_10_Prompt.json:  0% /2.701Ki, 0/s, -
 * 1.178.Level_10_Stratos…Dispersal_Turbines.mp4:  0% /12.357Mi, 0/s, -
 * 1.178.Level_10_Stratos…_YouTube_Metadata.json:  0% /870, 0/s, -

<6>INFO  : 
Transferred:   	  909.697 MiB / 2.334 GiB, 38%, 812 B/s, ETA 3w1d2h37m19s
Transferred:          350 / 1086, 32%
Elapsed time:     35m10.6s
Transferring:
 * 1.177.Level_10_The_Vol…asma_Generator_Ark.mp4:  0% /14.267Mi, 0/s, -
 * 1.178.Level_10_Stratos…8.Level_10_Prompt.json:  0% /2.701Ki, 0/s, -
 * 1.178.Level_10_Stratos…Dispersal_Turbines.mp4:  0% /12.357Mi, 0/s, -
 * 1.178.Level_10_Stratos…_YouTube_Metadata.json:  0% /870, 0/s, -

<6>INFO  : 
Transferred:   	  909.697 MiB / 2.334 GiB, 38%, 426 B/s, ETA 6w3h44m54s
Transferred:          350 / 1086, 32%
Elapsed time:     35m20.6s
Transferring:
 * 1.177.Level_10_The_Vol…asma_Generator_Ark.mp4:  0% /14.267Mi, 0/s, -
 * 1.178.Level_10_Stratos…8.Level_10_Prompt.json:  0% /2.701Ki, 0/s, -
 * 1.178.Level_10_Stratos…Dispersal_Turbines.mp4:  0% /12.357Mi, 0/s, -
 * 1.178.Level_10_Stratos…_YouTube_Metadata.json:  0% /870, 0/s, -

<6>INFO  : 
Transferred:   	  909.697 MiB / 2.334 GiB, 38%, 223 B/s, ETA 11w3d9h7m20s
Transferred:          350 / 1086, 32%
Elapsed time:     35m30.6s
Transferring:
 * 1.177.Level_10_The_Vol…asma_Generator_Ark.mp4:  0% /14.267Mi, 0/s, -
 * 1.178.Level_10_Stratos…8.Level_10_Prompt.json:  0% /2.701Ki, 0/s, -
 * 1.178.Level_10_Stratos…Dispersal_Turbines.mp4:  0% /12.357Mi, 0/s, -
 * 1.178.Level_10_Stratos…_YouTube_Metadata.json:  0% /870, 0/s, -

<6>INFO  : 
Transferred:   	  909.697 MiB / 2.334 GiB, 38%, 117 B/s, ETA 21w6d6h17m56s
Transferred:          350 / 1086, 32%
Elapsed time:     35m40.6s
Transferring:
 * 1.177.Level_10_The_Vol…asma_Generator_Ark.mp4:  0% /14.267Mi, 0/s, -
 * 1.178.Level_10_Stratos…8.Level_10_Prompt.json:  0% /2.701Ki, 0/s, -
 * 1.178.Level_10_Stratos…Dispersal_Turbines.mp4:  0% /12.357Mi, 0/s, -
 * 1.178.Level_10_Stratos…_YouTube_Metadata.json:  0% /870, 0/s, -

<6>INFO  : 
Transferred:   	  909.697 MiB / 2.334 GiB, 38%, 61 B/s, ETA 41w5d5h29m28s
Transferred:          350 / 1086, 32%
Elapsed time:     35m50.6s
Transferring:
 * 1.177.Level_10_The_Vol…asma_Generator_Ark.mp4:  0% /14.267Mi, 0/s, -
 * 1.178.Level_10_Stratos…8.Level_10_Prompt.json:  0% /2.701Ki, 0/s, -
 * 1.178.Level_10_Stratos…Dispersal_Turbines.mp4:  0% /12.357Mi, 0/s, -
 * 1.178.Level_10_Stratos…_YouTube_Metadata.json:  0% /870, 0/s, -

<6>INFO  : 1.178.Level_10_Stratospheric_Ash-Cloud_Dispersal_Turbines/1.178.Level_10_Prompt.json: Copied (new)
<6>INFO  : 1.178.Level_10_Stratospheric_Ash-Cloud_Dispersal_Turbines/1.178.Level_10_YouTube_Metadata.json: Copied (new)
<6>INFO  : 1.177.Level_10_The_Volcanic_Pyro-Plasma_Generator_Ark/1.177.Level_10_The_Volcanic_Pyro-Plasma_Generator_Ark.mp4: Copied (new)
<6>INFO  : 1.178.Level_10_Stratospheric_Ash-Cloud_Dispersal_Turbines/1.178.Level_10_Stratospheric_Ash-Cloud_Dispersal_Turbines.mp4: Copied (new)
<6>INFO  : 1.178.Level_10_Stratospheric_Ash-Cloud_Dispersal_Turbines/youtube_metadata.json: Copied (new)
<6>INFO  : 1.178.Level_10_Stratospheric_Ash-Cloud_Dispersal_Turbines/prompt_info.json: Copied (new)
<6>INFO  : 
Transferred:   	  936.335 MiB / 2.334 GiB, 39%, 1.071 MiB/s, ETA 22m36s
Transferred:          356 / 1086, 33%
Elapsed time:      36m0.6s
Transferring:
 * 1.179.Level_10_Sub-Cal…9.Level_10_Prompt.json:  0% /2.755Ki, 0/s, -
 * 1.179.Level_10_Sub-Cal…lev_Siphon_Shuttle.mp4:  0% /15.718Mi, 0/s, -
 * 1.179.Level_10_Sub-Cal…_YouTube_Metadata.json:  0% /874, 0/s, -
 * 1.179.Level_10_Sub-Cal…uttle/prompt_info.json:  0% /2.755Ki, 0/s, -

<6>INFO  : 
Transferred:   	  944.335 MiB / 2.334 GiB, 40%, 946.135 KiB/s, ETA 26m4s
Transferred:          356 / 1086, 33%
Elapsed time:     36m10.6s
Transferring:
 * 1.179.Level_10_Sub-Cal…9.Level_10_Prompt.json:  0% /2.755Ki, 0/s, -
 * 1.179.Level_10_Sub-Cal…lev_Siphon_Shuttle.mp4: 50% /15.718Mi, 512Ki/s, 15s
 * 1.179.Level_10_Sub-Cal…_YouTube_Metadata.json:  0% /874, 0/s, -
 * 1.179.Level_10_Sub-Cal…uttle/prompt_info.json:  0% /2.755Ki, 0/s, -

<6>INFO  : 
Transferred:   	  952.052 MiB / 2.334 GiB, 40%, 831.553 KiB/s, ETA 29m30s
Transferred:          356 / 1086, 33%
Elapsed time:     36m20.6s
Transferring:
 * 1.179.Level_10_Sub-Cal…9.Level_10_Prompt.json:  0% /2.755Ki, 0/s, -
 * 1.179.Level_10_Sub-Cal…lev_Siphon_Shuttle.mp4:100% /15.718Mi, 603.866Ki/s, 0s
 * 1.179.Level_10_Sub-Cal…_YouTube_Metadata.json:  0% /874, 0/s, -
 * 1.179.Level_10_Sub-Cal…uttle/prompt_info.json:  0% /2.755Ki, 0/s, -

<6>INFO  : 
Transferred:   	  952.052 MiB / 2.334 GiB, 40%, 436.116 KiB/s, ETA 56m16s
Transferred:          356 / 1086, 33%
Elapsed time:     36m30.6s
Transferring:
 * 1.179.Level_10_Sub-Cal…9.Level_10_Prompt.json:  0% /2.755Ki, 0/s, -
 * 1.179.Level_10_Sub-Cal…lev_Siphon_Shuttle.mp4:100% /15.718Mi, 316.703Ki/s, 0s
 * 1.179.Level_10_Sub-Cal…_YouTube_Metadata.json:  0% /874, 0/s, -
 * 1.179.Level_10_Sub-Cal…uttle/prompt_info.json:  0% /2.755Ki, 0/s, -

<6>INFO  : 
Transferred:   	  952.052 MiB / 2.334 GiB, 40%, 228.726 KiB/s, ETA 1h47m17s
Transferred:          356 / 1086, 33%
Elapsed time:     36m40.6s
Transferring:
 * 1.179.Level_10_Sub-Cal…9.Level_10_Prompt.json:  0% /2.755Ki, 0/s, -
 * 1.179.Level_10_Sub-Cal…lev_Siphon_Shuttle.mp4:100% /15.718Mi, 166.099Ki/s, 0s
 * 1.179.Level_10_Sub-Cal…_YouTube_Metadata.json:  0% /874, 0/s, -
 * 1.179.Level_10_Sub-Cal…uttle/prompt_info.json:  0% /2.755Ki, 0/s, -

<6>INFO  : 1.179.Level_10_Sub-Caldera_Magma_Maglev_Siphon_Shuttle/1.179.Level_10_YouTube_Metadata.json: Copied (new)
<6>INFO  : 1.179.Level_10_Sub-Caldera_Magma_Maglev_Siphon_Shuttle/1.179.Level_10_Prompt.json: Copied (new)
<6>INFO  : 1.179.Level_10_Sub-Caldera_Magma_Maglev_Siphon_Shuttle/prompt_info.json: Copied (new)
<6>INFO  : 
Transferred:   	  952.059 MiB / 2.334 GiB, 40%, 120.307 KiB/s, ETA 3h23m58s
Transferred:          359 / 1086, 33%
Elapsed time:     36m50.6s
Transferring:
 * 1.179.Level_10_Sub-Cal…lev_Siphon_Shuttle.mp4:100% /15.718Mi, 87.111Ki/s, 0s
 * 1.179.Level_10_Sub-Cal…/youtube_metadata.json:  0% /874, 0/s, -
 * 1.169.Level_10_Superco…9.Level_10_Prompt.json:  0% /2.744Ki, 0/s, -
 * 1.169.Level_10_Superco…_Monorail_Fortress.mp4:  0% /13.297Mi, 0/s, -

<6>INFO  : 1.169.Level_10_Superconducting_Snowfield_Monorail_Fortress/1.169.Level_10_Prompt.json: Copied (new)
<6>INFO  : 1.179.Level_10_Sub-Caldera_Magma_Maglev_Siphon_Shuttle/youtube_metadata.json: Copied (new)
<6>INFO  : 1.169.Level_10_Superconducting_Snowfield_Monorail_Fortress/1.169.Level_10_YouTube_Metadata.json: Copied (new)
<6>INFO  : 1.169.Level_10_Superconducting_Snowfield_Monorail_Fortress/prompt_info.json: Copied (new)
<6>INFO  : 1.169.Level_10_Superconducting_Snowfield_Monorail_Fortress/1.169.Level_10_Superconducting_Snowfield_Monorail_Fortress.mp4: Copied (new)
<6>INFO  : 
Transferred:   	  965.363 MiB / 2.349 GiB, 40%, 634.778 KiB/s, ETA 38m43s
Transferred:          364 / 1086, 34%
Elapsed time:      37m0.6s
Transferring:
 * 1.179.Level_10_Sub-Cal…lev_Siphon_Shuttle.mp4:  0% /15.718Mi, 0/s, -
 * 1.169.Level_10_Superco…/youtube_metadata.json:  0% /904, 0/s, -
 * 1.181.Level_10_The_Shi…1.Level_10_Prompt.json:  0% /2.680Ki, 0/s, -
 * 1.181.Level_10_The_Shi…Dune_Terra-Crawler.mp4:  0% /11.552Mi, 0/s, -

<6>INFO  : 
Transferred:   	  965.363 MiB / 2.349 GiB, 40%, 332.916 KiB/s, ETA 1h13m50s
Transferred:          364 / 1086, 34%
Elapsed time:     37m10.6s
Transferring:
 * 1.179.Level_10_Sub-Cal…lev_Siphon_Shuttle.mp4:  0% /15.718Mi, 0/s, -
 * 1.169.Level_10_Superco…/youtube_metadata.json:  0% /904, 0/s, -
 * 1.181.Level_10_The_Shi…1.Level_10_Prompt.json:  0% /2.680Ki, 0/s, -
 * 1.181.Level_10_The_Shi…Dune_Terra-Crawler.mp4:  0% /11.552Mi, 0/s, -

<6>INFO  : 
Transferred:   	  965.363 MiB / 2.349 GiB, 40%, 174.601 KiB/s, ETA 2h20m47s
Transferred:          364 / 1086, 34%
Elapsed time:     37m20.6s
Transferring:
 * 1.179.Level_10_Sub-Cal…lev_Siphon_Shuttle.mp4:  0% /15.718Mi, 0/s, -
 * 1.169.Level_10_Superco…/youtube_metadata.json:  0% /904, 0/s, -
 * 1.181.Level_10_The_Shi…1.Level_10_Prompt.json:  0% /2.680Ki, 0/s, -
 * 1.181.Level_10_The_Shi…Dune_Terra-Crawler.mp4:  0% /11.552Mi, 0/s, -

<6>INFO  : 
Transferred:   	  965.363 MiB / 2.349 GiB, 40%, 91.571 KiB/s, ETA 4h28m26s
Transferred:          364 / 1086, 34%
Elapsed time:     37m30.6s
Transferring:
 * 1.179.Level_10_Sub-Cal…lev_Siphon_Shuttle.mp4:  0% /15.718Mi, 0/s, -
 * 1.169.Level_10_Superco…/youtube_metadata.json:  0% /904, 0/s, -
 * 1.181.Level_10_The_Shi…1.Level_10_Prompt.json:  0% /2.680Ki, 0/s, -
 * 1.181.Level_10_The_Shi…Dune_Terra-Crawler.mp4:  0% /11.552Mi, 0/s, -

<6>INFO  : 
Transferred:   	  965.363 MiB / 2.349 GiB, 40%, 48.025 KiB/s, ETA 8h31m50s
Transferred:          364 / 1086, 34%
Elapsed time:     37m40.6s
Transferring:
 * 1.179.Level_10_Sub-Cal…lev_Siphon_Shuttle.mp4:  0% /15.718Mi, 0/s, -
 * 1.169.Level_10_Superco…/youtube_metadata.json:  0% /904, 0/s, -
 * 1.181.Level_10_The_Shi…1.Level_10_Prompt.json:  0% /2.680Ki, 0/s, -
 * 1.181.Level_10_The_Shi…Dune_Terra-Crawler.mp4:  0% /11.552Mi, 0/s, -

<6>INFO  : 1.169.Level_10_Superconducting_Snowfield_Monorail_Fortress/youtube_metadata.json: Copied (new)
<6>INFO  : 1.181.Level_10_The_Shifting_Dune_Terra-Crawler/1.181.Level_10_Prompt.json: Copied (new)
<6>INFO  : 1.181.Level_10_The_Shifting_Dune_Terra-Crawler/1.181.Level_10_The_Shifting_Dune_Terra-Crawler.mp4: Copied (new)
<6>INFO  : 1.181.Level_10_The_Shifting_Dune_Terra-Crawler/prompt_info.json: Copied (new)
<6>INFO  : 1.181.Level_10_The_Shifting_Dune_Terra-Crawler/1.181.Level_10_YouTube_Metadata.json: Copied (new)
<6>INFO  : 1.179.Level_10_Sub-Caldera_Magma_Maglev_Siphon_Shuttle/1.179.Level_10_Sub-Caldera_Magma_Maglev_Siphon_Shuttle.mp4: Copied (new)
<6>INFO  : 1.182.Level_10_Singing_Sand_Acoustic_Resonator/1.182.Level_10_Prompt.json: Copied (new)
<6>INFO  : 1.181.Level_10_The_Shifting_Dune_Terra-Crawler/youtube_metadata.json: Copied (new)
<6>INFO  : 1.182.Level_10_Singing_Sand_Acoustic_Resonator/1.182.Level_10_YouTube_Metadata.json: Copied (new)
<6>INFO  : 1.182.Level_10_Singing_Sand_Acoustic_Resonator/1.182.Level_10_Singing_Sand_Acoustic_Resonator.mp4: Copied (new)
<6>INFO  : 1.182.Level_10_Singing_Sand_Acoustic_Resonator/prompt_info.json: Copied (new)
<6>INFO  : 1.182.Level_10_Singing_Sand_Acoustic_Resonator/youtube_metadata.json: Copied (new)
<6>INFO  : 1.183.Level_10_Sub-Dune_Aquifer_Siphon_Citadel/1.183.Level_10_Prompt.json: Copied (new)
<6>INFO  : 1.183.Level_10_Sub-Dune_Aquifer_Siphon_Citadel/1.183.Level_10_YouTube_Metadata.json: Copied (new)
<6>INFO  : 1.183.Level_10_Sub-Dune_Aquifer_Siphon_Citadel/prompt_info.json: Copied (new)
<6>INFO  : 
Transferred:   	 1016.124 MiB / 2.349 GiB, 42%, 2.800 MiB/s, ETA 8m16s
Transferred:          379 / 1086, 35%
Elapsed time:     37m50.6s
Transferring:
 * 1.183.Level_10_Sub-Dun…fer_Siphon_Citadel.mp4:100% /11.853Mi, 11.853Mi/s, 0s
 * 1.183.Level_10_Sub-Dun…/youtube_metadata.json:100% /864, 0/s, -
 * 1.184.Level_10_Solar-V…4.Level_10_Prompt.json:  0% /2.715Ki, 0/s, -
 * 1.184.Level_10_Solar-V…une_Pavement_Train.mp4:  0% /10.874Mi, 0/s, -

<6>INFO  : 1.183.Level_10_Sub-Dune_Aquifer_Siphon_Citadel/1.183.Level_10_Sub-Dune_Aquifer_Siphon_Citadel.mp4: Copied (new)
<6>INFO  : 1.183.Level_10_Sub-Dune_Aquifer_Siphon_Citadel/youtube_metadata.json: Copied (new)
<6>INFO  : 1.184.Level_10_Solar-Vitrified_Glass_Dune_Pavement_Train/1.184.Level_10_Prompt.json: Copied (new)
<6>INFO  : 1.184.Level_10_Solar-Vitrified_Glass_Dune_Pavement_Train/1.184.Level_10_YouTube_Metadata.json: Copied (new)
<6>INFO  : 1.184.Level_10_Solar-Vitrified_Glass_Dune_Pavement_Train/prompt_info.json: Copied (new)
<6>INFO  : 1.184.Level_10_Solar-Vitrified_Glass_Dune_Pavement_Train/1.184.Level_10_Solar-Vitrified_Glass_Dune_Pavement_Train.mp4: Copied (new)
<6>INFO  : 1.184.Level_10_Solar-Vitrified_Glass_Dune_Pavement_Train/youtube_metadata.json: Copied (new)
<6>INFO  : 1.121.Level_10_The_Seed_Moon/1.121.Level_10_Prompt.json: Copied (new)
<6>INFO  : 1.121.Level_10_The_Seed_Moon/1.121.Level_10_YouTube_Metadata.json: Copied (new)
<6>INFO  : 1.121.Level_10_The_Seed_Moon/prompt_info.json: Copied (new)
<6>INFO  : 1.121.Level_10_The_Seed_Moon/youtube_metadata.json: Copied (new)
<6>INFO  : 
Transferred:   	    1.011 GiB / 2.349 GiB, 43%, 2.207 MiB/s, ETA 10m20s
Transferred:          390 / 1086, 36%
Elapsed time:      38m0.6s
Transferring:
 * 1.121.Level_10_The_See…l_10_The_Seed_Moon.mp4:100% /8.338Mi, 1.042Mi/s, 0s
 * 1.185.Level_10_The_Dun…5.Level_10_Prompt.json:  0% /2.718Ki, 0/s, -
 * 1.185.Level_10_The_Dun…arnessing_Behemoth.mp4:  0% /11.490Mi, 0/s, -
 * 1.185.Level_10_The_Dun…_YouTube_Metadata.json:  0% /837, 0/s, -

<6>INFO  : 
Transferred:   	    1.011 GiB / 2.349 GiB, 43%, 1.158 MiB/s, ETA 19m43s
Transferred:          390 / 1086, 36%
Elapsed time:     38m10.6s
Transferring:
 * 1.121.Level_10_The_See…l_10_The_Seed_Moon.mp4:100% /8.338Mi, 468.997Ki/s, 0s
 * 1.185.Level_10_The_Dun…5.Level_10_Prompt.json:  0% /2.718Ki, 0/s, -
 * 1.185.Level_10_The_Dun…arnessing_Behemoth.mp4:  0% /11.490Mi, 0/s, -
 * 1.185.Level_10_The_Dun…_YouTube_Metadata.json:  0% /837, 0/s, -

<6>INFO  : 
Transferred:   	    1.011 GiB / 2.349 GiB, 43%, 621.695 KiB/s, ETA 37m37s
Transferred:          390 / 1086, 36%
Elapsed time:     38m20.6s
Transferring:
 * 1.121.Level_10_The_See…l_10_The_Seed_Moon.mp4:100% /8.338Mi, 245.971Ki/s, 0s
 * 1.185.Level_10_The_Dun…5.Level_10_Prompt.json:  0% /2.718Ki, 0/s, -
 * 1.185.Level_10_The_Dun…arnessing_Behemoth.mp4:  0% /11.490Mi, 0/s, -
 * 1.185.Level_10_The_Dun…_YouTube_Metadata.json:  0% /837, 0/s, -

<6>INFO  : 
Transferred:   	    1.011 GiB / 2.349 GiB, 43%, 326.055 KiB/s, ETA 1h11m43s
Transferred:          390 / 1086, 36%
Elapsed time:     38m30.6s
Transferring:
 * 1.121.Level_10_The_See…l_10_The_Seed_Moon.mp4:100% /8.338Mi, 129.002Ki/s, 0s
 * 1.185.Level_10_The_Dun…5.Level_10_Prompt.json:  0% /2.718Ki, 0/s, -
 * 1.185.Level_10_The_Dun…arnessing_Behemoth.mp4:  0% /11.490Mi, 0/s, -
 * 1.185.Level_10_The_Dun…_YouTube_Metadata.json:  0% /837, 0/s, -

<6>INFO  : 
Transferred:   	    1.011 GiB / 2.349 GiB, 43%, 171.002 KiB/s, ETA 2h16m45s
Transferred:          390 / 1086, 36%
Elapsed time:     38m40.6s
Transferring:
 * 1.121.Level_10_The_See…l_10_The_Seed_Moon.mp4:100% /8.338Mi, 67.656Ki/s, 0s
 * 1.185.Level_10_The_Dun…5.Level_10_Prompt.json:  0% /2.718Ki, 0/s, -
 * 1.185.Level_10_The_Dun…arnessing_Behemoth.mp4:  0% /11.490Mi, 0/s, -
 * 1.185.Level_10_The_Dun…_YouTube_Metadata.json:  0% /837, 0/s, -

<6>INFO  : 
Transferred:   	    1.011 GiB / 2.349 GiB, 43%, 89.684 KiB/s, ETA 4h20m46s
Transferred:          390 / 1086, 36%
Elapsed time:     38m50.6s
Transferring:
 * 1.121.Level_10_The_See…l_10_The_Seed_Moon.mp4:100% /8.338Mi, 35.482Ki/s, 0s
 * 1.185.Level_10_The_Dun…5.Level_10_Prompt.json:  0% /2.718Ki, 0/s, -
 * 1.185.Level_10_The_Dun…arnessing_Behemoth.mp4:  0% /11.490Mi, 0/s, -
 * 1.185.Level_10_The_Dun…_YouTube_Metadata.json:  0% /837, 0/s, -

<6>INFO  : 
Transferred:   	    1.011 GiB / 2.349 GiB, 43%, 47.035 KiB/s, ETA 8h17m13s
Transferred:          390 / 1086, 36%
Elapsed time:      39m0.6s
Transferring:
 * 1.121.Level_10_The_See…l_10_The_Seed_Moon.mp4:100% /8.338Mi, 18.609Ki/s, 0s
 * 1.185.Level_10_The_Dun…5.Level_10_Prompt.json:  0% /2.718Ki, 0/s, -
 * 1.185.Level_10_The_Dun…arnessing_Behemoth.mp4:  0% /11.490Mi, 0/s, -
 * 1.185.Level_10_The_Dun…_YouTube_Metadata.json:  0% /837, 0/s, -

<6>INFO  : 
Transferred:   	    1.011 GiB / 2.349 GiB, 43%, 24.668 KiB/s, ETA 15h48m3s
Transferred:          390 / 1086, 36%
Elapsed time:     39m10.6s
Transferring:
 * 1.121.Level_10_The_See…l_10_The_Seed_Moon.mp4:100% /8.338Mi, 9.760Ki/s, 0s
 * 1.185.Level_10_The_Dun…5.Level_10_Prompt.json:  0% /2.718Ki, 0/s, -
 * 1.185.Level_10_The_Dun…arnessing_Behemoth.mp4:  0% /11.490Mi, 0/s, -
 * 1.185.Level_10_The_Dun…_YouTube_Metadata.json:  0% /837, 0/s, -

<6>INFO  : 
Transferred:   	    1.011 GiB / 2.349 GiB, 43%, 12.938 KiB/s, ETA 1d6h7m41s
Transferred:          390 / 1086, 36%
Elapsed time:     39m20.6s
Transferring:
 * 1.121.Level_10_The_See…l_10_The_Seed_Moon.mp4:100% /8.338Mi, 5.118Ki/s, 0s
 * 1.185.Level_10_The_Dun…5.Level_10_Prompt.json:  0% /2.718Ki, 0/s, -
 * 1.185.Level_10_The_Dun…arnessing_Behemoth.mp4:  0% /11.490Mi, 0/s, -
 * 1.185.Level_10_The_Dun…_YouTube_Metadata.json:  0% /837, 0/s, -

<6>INFO  : 
Transferred:   	    1.011 GiB / 2.349 GiB, 43%, 6.785 KiB/s, ETA 2d9h26m45s
Transferred:          390 / 1086, 36%
Elapsed time:     39m30.6s
Transferring:
 * 1.121.Level_10_The_See…l_10_The_Seed_Moon.mp4:100% /8.338Mi, 2.684Ki/s, 0s
 * 1.185.Level_10_The_Dun…5.Level_10_Prompt.json:  0% /2.718Ki, 0/s, -
 * 1.185.Level_10_The_Dun…arnessing_Behemoth.mp4:  0% /11.490Mi, 0/s, -
 * 1.185.Level_10_The_Dun…_YouTube_Metadata.json:  0% /837, 0/s, -

<6>INFO  : 
Transferred:   	    1.011 GiB / 2.349 GiB, 43%, 3.559 KiB/s, ETA 4d13h31m59s
Transferred:          390 / 1086, 36%
Elapsed time:     39m40.6s
Transferring:
 * 1.121.Level_10_The_See…l_10_The_Seed_Moon.mp4:100% /8.338Mi, 1.407Ki/s, 0s
 * 1.185.Level_10_The_Dun…5.Level_10_Prompt.json:  0% /2.718Ki, 0/s, -
 * 1.185.Level_10_The_Dun…arnessing_Behemoth.mp4:  0% /11.490Mi, 0/s, -
 * 1.185.Level_10_The_Dun…_YouTube_Metadata.json:  0% /837, 0/s, -

<6>INFO  : 1.185.Level_10_The_Dune-Surfing_Wind-Harnessing_Behemoth/1.185.Level_10_Prompt.json: Copied (new)
<6>INFO  : 1.185.Level_10_The_Dune-Surfing_Wind-Harnessing_Behemoth/1.185.Level_10_YouTube_Metadata.json: Copied (new)
<6>INFO  : 1.121.Level_10_The_Seed_Moon/1.121.Level_10_The_Seed_Moon.mp4: Copied (new)
<6>INFO  : 1.185.Level_10_The_Dune-Surfing_Wind-Harnessing_Behemoth/1.185.Level_10_The_Dune-Surfing_Wind-Harnessing_Behemoth.mp4: Copied (new)
<6>INFO  : 1.185.Level_10_The_Dune-Surfing_Wind-Harnessing_Behemoth/prompt_info.json: Copied (new)
<6>INFO  : 1.185.Level_10_The_Dune-Surfing_Wind-Harnessing_Behemoth/youtube_metadata.json: Copied (new)
<6>INFO  : 1.187.Level_10_Sub-Sand_Micro-Climate_Biodome_Ark/1.187.Level_10_Prompt.json: Copied (new)
<6>INFO  : 
Transferred:   	    1.043 GiB / 2.357 GiB, 44%, 1.164 MiB/s, ETA 19m16s
Transferred:          397 / 1086, 37%
Elapsed time:     39m50.6s
Transferring:
 * 1.187.Level_10_Sub-San…limate_Biodome_Ark.mp4:100% /13.065Mi, 13.063Mi/s, 0s
 * 1.187.Level_10_Sub-San…_YouTube_Metadata.json:100% /852, 851/s, 0s
 * 1.187.Level_10_Sub-San…e_Ark/prompt_info.json:100% /2.728Ki, 2.727Ki/s, 0s
 * 1.187.Level_10_Sub-San…/youtube_metadata.json:  0% /852, 0/s, -

<6>INFO  : 1.187.Level_10_Sub-Sand_Micro-Climate_Biodome_Ark/prompt_info.json: Copied (new)
<6>INFO  : 1.187.Level_10_Sub-Sand_Micro-Climate_Biodome_Ark/1.187.Level_10_YouTube_Metadata.json: Copied (new)
<6>INFO  : 1.187.Level_10_Sub-Sand_Micro-Climate_Biodome_Ark/1.187.Level_10_Sub-Sand_Micro-Climate_Biodome_Ark.mp4: Copied (new)
<6>INFO  : 1.187.Level_10_Sub-Sand_Micro-Climate_Biodome_Ark/youtube_metadata.json: Copied (new)
<6>INFO  : 1.186.Level_10_Atmospheric_Sandstorm_Electrostatic_Scrubber/1.186.Level_10_YouTube_Metadata.json: Copied (new)
<6>INFO  : 1.186.Level_10_Atmospheric_Sandstorm_Electrostatic_Scrubber/1.186.Level_10_Atmospheric_Sandstorm_Electrostatic_Scrubber.mp4: Copied (new)
<6>INFO  : 1.186.Level_10_Atmospheric_Sandstorm_Electrostatic_Scrubber/prompt_info.json: Copied (new)
<6>INFO  : 1.186.Level_10_Atmospheric_Sandstorm_Electrostatic_Scrubber/1.186.Level_10_Prompt.json: Copied (new)
<6>INFO  : 1.186.Level_10_Atmospheric_Sandstorm_Electrostatic_Scrubber/youtube_metadata.json: Copied (new)
<6>INFO  : 1.188.Level_10_Dune-Anchoring_Geothermal_Root_Spire/1.188.Level_10_YouTube_Metadata.json: Copied (new)
<6>INFO  : 1.188.Level_10_Dune-Anchoring_Geothermal_Root_Spire/1.188.Level_10_Prompt.json: Copied (new)
<6>INFO  : 1.188.Level_10_Dune-Anchoring_Geothermal_Root_Spire/prompt_info.json: Copied (new)
<6>INFO  : 
Transferred:   	    1.064 GiB / 2.357 GiB, 45%, 1.940 MiB/s, ETA 11m22s
Transferred:          409 / 1086, 38%
Elapsed time:      40m0.6s
Transferring:
 * 1.188.Level_10_Dune-An…thermal_Root_Spire.mp4:100% /10.262Mi, 1.466Mi/s, 0s
 * 1.188.Level_10_Dune-An…/youtube_metadata.json:  0% /849, 0/s, -
 * 1.189.Level_10_Superso…9.Level_10_Prompt.json:  0% /2.745Ki, 0/s, -
 * 1.189.Level_10_Superso…ube_Maglev_Express.mp4:  0% /9.966Mi, 0/s, -

<6>INFO  : 
Transferred:   	    1.064 GiB / 2.357 GiB, 45%, 1.018 MiB/s, ETA 21m41s
Transferred:          409 / 1086, 38%
Elapsed time:     40m10.6s
Transferring:
 * 1.188.Level_10_Dune-An…thermal_Root_Spire.mp4:100% /10.262Mi, 615.708Ki/s, 0s
 * 1.188.Level_10_Dune-An…/youtube_metadata.json:  0% /849, 0/s, -
 * 1.189.Level_10_Superso…9.Level_10_Prompt.json:  0% /2.745Ki, 0/s, -
 * 1.189.Level_10_Superso…ube_Maglev_Express.mp4:  0% /9.966Mi, 0/s, -

<6>INFO  : 
Transferred:   	    1.064 GiB / 2.357 GiB, 45%, 546.484 KiB/s, ETA 41m21s
Transferred:          409 / 1086, 38%
Elapsed time:     40m20.6s
Transferring:
 * 1.188.Level_10_Dune-An…thermal_Root_Spire.mp4:100% /10.262Mi, 322.914Ki/s, 0s
 * 1.188.Level_10_Dune-An…/youtube_metadata.json:  0% /849, 0/s, -
 * 1.189.Level_10_Superso…9.Level_10_Prompt.json:  0% /2.745Ki, 0/s, -
 * 1.189.Level_10_Superso…ube_Maglev_Express.mp4:  0% /9.966Mi, 0/s, -

<6>INFO  : 
Transferred:   	    1.064 GiB / 2.357 GiB, 45%, 286.609 KiB/s, ETA 1h18m51s
Transferred:          409 / 1086, 38%
Elapsed time:     40m30.6s
Transferring:
 * 1.188.Level_10_Dune-An…thermal_Root_Spire.mp4:100% /10.262Mi, 169.355Ki/s, 0s
 * 1.188.Level_10_Dune-An…/youtube_metadata.json:  0% /849, 0/s, -
 * 1.189.Level_10_Superso…9.Level_10_Prompt.json:  0% /2.745Ki, 0/s, -
 * 1.189.Level_10_Superso…ube_Maglev_Express.mp4:  0% /9.966Mi, 0/s, -

<6>INFO  : 
Transferred:   	    1.064 GiB / 2.357 GiB, 45%, 150.314 KiB/s, ETA 2h30m20s
Transferred:          409 / 1086, 38%
Elapsed time:     40m40.6s
Transferring:
 * 1.188.Level_10_Dune-An…thermal_Root_Spire.mp4:100% /10.262Mi, 88.820Ki/s, 0s
 * 1.188.Level_10_Dune-An…/youtube_metadata.json:  0% /849, 0/s, -
 * 1.189.Level_10_Superso…9.Level_10_Prompt.json:  0% /2.745Ki, 0/s, -
 * 1.189.Level_10_Superso…ube_Maglev_Express.mp4:  0% /9.966Mi, 0/s, -

<6>INFO  : 
Transferred:   	    1.064 GiB / 2.357 GiB, 45%, 78.834 KiB/s, ETA 4h46m40s
Transferred:          409 / 1086, 38%
Elapsed time:     40m50.6s
Transferring:
 * 1.188.Level_10_Dune-An…thermal_Root_Spire.mp4:100% /10.262Mi, 46.582Ki/s, 0s
 * 1.188.Level_10_Dune-An…/youtube_metadata.json:  0% /849, 0/s, -
 * 1.189.Level_10_Superso…9.Level_10_Prompt.json:  0% /2.745Ki, 0/s, -
 * 1.189.Level_10_Superso…ube_Maglev_Express.mp4:  0% /9.966Mi, 0/s, -

<6>INFO  : 
Transferred:   	    1.064 GiB / 2.357 GiB, 45%, 41.345 KiB/s, ETA 9h6m35s
Transferred:          409 / 1086, 38%
Elapsed time:      41m0.6s
Transferring:
 * 1.188.Level_10_Dune-An…thermal_Root_Spire.mp4:100% /10.262Mi, 24.431Ki/s, 0s
 * 1.188.Level_10_Dune-An…/youtube_metadata.json:  0% /849, 0/s, -
 * 1.189.Level_10_Superso…9.Level_10_Prompt.json:  0% /2.745Ki, 0/s, -
 * 1.189.Level_10_Superso…ube_Maglev_Express.mp4:  0% /9.966Mi, 0/s, -

<6>INFO  : 
Transferred:   	    1.064 GiB / 2.357 GiB, 45%, 21.684 KiB/s, ETA 17h22m12s
Transferred:          409 / 1086, 38%
Elapsed time:     41m10.6s
Transferring:
 * 1.188.Level_10_Dune-An…thermal_Root_Spire.mp4:100% /10.262Mi, 12.812Ki/s, 0s
 * 1.188.Level_10_Dune-An…/youtube_metadata.json:  0% /849, 0/s, -
 * 1.189.Level_10_Superso…9.Level_10_Prompt.json:  0% /2.745Ki, 0/s, -
 * 1.189.Level_10_Superso…ube_Maglev_Express.mp4:  0% /9.966Mi, 0/s, -

<6>INFO  : 
Transferred:   	    1.064 GiB / 2.357 GiB, 45%, 11.372 KiB/s, ETA 1d9h7m11s
Transferred:          409 / 1086, 38%
Elapsed time:     41m20.6s
Transferring:
 * 1.188.Level_10_Dune-An…thermal_Root_Spire.mp4:100% /10.262Mi, 6.720Ki/s, 0s
 * 1.188.Level_10_Dune-An…/youtube_metadata.json:  0% /849, 0/s, -
 * 1.189.Level_10_Superso…9.Level_10_Prompt.json:  0% /2.745Ki, 0/s, -
 * 1.189.Level_10_Superso…ube_Maglev_Express.mp4:  0% /9.966Mi, 0/s, -

<6>INFO  : 
Transferred:   	    1.064 GiB / 2.357 GiB, 45%, 5.964 KiB/s, ETA 2d15h9m2s
Transferred:          409 / 1086, 38%
Elapsed time:     41m30.6s
Transferring:
 * 1.188.Level_10_Dune-An…thermal_Root_Spire.mp4:100% /10.262Mi, 3.523Ki/s, 0s
 * 1.188.Level_10_Dune-An…/youtube_metadata.json:  0% /849, 0/s, -
 * 1.189.Level_10_Superso…9.Level_10_Prompt.json:  0% /2.745Ki, 0/s, -
 * 1.189.Level_10_Superso…ube_Maglev_Express.mp4:  0% /9.966Mi, 0/s, -

<6>INFO  : 
Transferred:   	    1.064 GiB / 2.357 GiB, 45%, 3.128 KiB/s, ETA 5d24m37s
Transferred:          409 / 1086, 38%
Elapsed time:     41m40.6s
Transferring:
 * 1.188.Level_10_Dune-An…thermal_Root_Spire.mp4:100% /10.262Mi, 1.848Ki/s, 0s
 * 1.188.Level_10_Dune-An…/youtube_metadata.json:  0% /849, 0/s, -
 * 1.189.Level_10_Superso…9.Level_10_Prompt.json:  0% /2.745Ki, 0/s, -
 * 1.189.Level_10_Superso…ube_Maglev_Express.mp4:  0% /9.966Mi, 0/s, -

<6>INFO  : 
Transferred:   	    1.064 GiB / 2.357 GiB, 45%, 1.640 KiB/s, ETA 1w2d13h35m21s
Transferred:          409 / 1086, 38%
Elapsed time:     41m50.6s
Transferring:
 * 1.188.Level_10_Dune-An…thermal_Root_Spire.mp4:100% /10.262Mi, 992/s, 0s
 * 1.188.Level_10_Dune-An…/youtube_metadata.json:  0% /849, 0/s, -
 * 1.189.Level_10_Superso…9.Level_10_Prompt.json:  0% /2.745Ki, 0/s, -
 * 1.189.Level_10_Superso…ube_Maglev_Express.mp4:  0% /9.966Mi, 0/s, -

<6>INFO  : 
Transferred:   	    1.064 GiB / 2.357 GiB, 45%, 881 B/s, ETA 2w4d5h45m46s
Transferred:          409 / 1086, 38%
Elapsed time:      42m0.6s
Transferring:
 * 1.188.Level_10_Dune-An…thermal_Root_Spire.mp4:100% /10.262Mi, 520/s, 0s
 * 1.188.Level_10_Dune-An…/youtube_metadata.json:  0% /849, 0/s, -
 * 1.189.Level_10_Superso…9.Level_10_Prompt.json:  0% /2.745Ki, 0/s, -
 * 1.189.Level_10_Superso…ube_Maglev_Express.mp4:  0% /9.966Mi, 0/s, -

<6>INFO  : 
Transferred:   	    1.064 GiB / 2.357 GiB, 45%, 581 B/s, ETA 3w6d15h26m7s
Transferred:          409 / 1086, 38%
Elapsed time:     42m10.6s
Transferring:
 * 1.188.Level_10_Dune-An…thermal_Root_Spire.mp4:100% /10.262Mi, 273/s, 0s
 * 1.188.Level_10_Dune-An…/youtube_metadata.json:  0% /849, 0/s, -
 * 1.189.Level_10_Superso…9.Level_10_Prompt.json:  0% /2.745Ki, 0/s, -
 * 1.189.Level_10_Superso…ube_Maglev_Express.mp4:  0% /9.966Mi, 0/s, -

<6>INFO  : 
Transferred:   	    1.064 GiB / 2.357 GiB, 45%, 304 B/s, ETA 7w3d16h59m10s
Transferred:          409 / 1086, 38%
Elapsed time:     42m20.6s
Transferring:
 * 1.188.Level_10_Dune-An…thermal_Root_Spire.mp4:100% /10.262Mi, 143/s, 0s
 * 1.188.Level_10_Dune-An…/youtube_metadata.json:  0% /849, 0/s, -
 * 1.189.Level_10_Superso…9.Level_10_Prompt.json:  0% /2.745Ki, 0/s, -
 * 1.189.Level_10_Superso…ube_Maglev_Express.mp4:  0% /9.966Mi, 0/s, -

<6>INFO  : 
Transferred:   	    1.064 GiB / 2.357 GiB, 45%, 159 B/s, ETA 14w2d11h58m35s
Transferred:          409 / 1086, 38%
Elapsed time:     42m30.6s
Transferring:
 * 1.188.Level_10_Dune-An…thermal_Root_Spire.mp4:100% /10.262Mi, 75/s, 0s
 * 1.188.Level_10_Dune-An…/youtube_metadata.json:  0% /849, 0/s, -
 * 1.189.Level_10_Superso…9.Level_10_Prompt.json:  0% /2.745Ki, 0/s, -
 * 1.189.Level_10_Superso…ube_Maglev_Express.mp4:  0% /9.966Mi, 0/s, -

<6>INFO  : 
Transferred:   	    1.064 GiB / 2.357 GiB, 45%, 83 B/s, ETA 27w2d14h58m1s
Transferred:          409 / 1086, 38%
Elapsed time:     42m40.6s
Transferring:
 * 1.188.Level_10_Dune-An…thermal_Root_Spire.mp4:100% /10.262Mi, 39/s, 0s
 * 1.188.Level_10_Dune-An…/youtube_metadata.json:  0% /849, 0/s, -
 * 1.189.Level_10_Superso…9.Level_10_Prompt.json:  0% /2.745Ki, 0/s, -
 * 1.189.Level_10_Superso…ube_Maglev_Express.mp4:  0% /9.966Mi, 0/s, -

<6>INFO  : 
Transferred:   	    1.064 GiB / 2.357 GiB, 45%, 43 B/s, ETA 1y8h56m56s
Transferred:          409 / 1086, 38%
Elapsed time:     42m50.6s
Transferring:
 * 1.188.Level_10_Dune-An…thermal_Root_Spire.mp4:100% /10.262Mi, 20/s, 0s
 * 1.188.Level_10_Dune-An…/youtube_metadata.json:  0% /849, 0/s, -
 * 1.189.Level_10_Superso…9.Level_10_Prompt.json:  0% /2.745Ki, 0/s, -
 * 1.189.Level_10_Superso…ube_Maglev_Express.mp4:  0% /9.966Mi, 0/s, -

<6>INFO  : 1.188.Level_10_Dune-Anchoring_Geothermal_Root_Spire/youtube_metadata.json: Copied (new)
<6>INFO  : 1.189.Level_10_Supersonic_Sand-Tube_Maglev_Express/1.189.Level_10_Prompt.json: Copied (new)
<6>INFO  : 
Transferred:   	    1.074 GiB / 2.367 GiB, 45%, 468.159 KiB/s, ETA 48m17s
Transferred:          411 / 1086, 38%
Elapsed time:      43m0.6s
Transferring:
 * 1.188.Level_10_Dune-An…thermal_Root_Spire.mp4:  0% /10.262Mi, 0/s, -
 * 1.189.Level_10_Superso…ube_Maglev_Express.mp4:100% /9.966Mi, 444.817Ki/s, 0s
 * 1.189.Level_10_Superso…_YouTube_Metadata.json:  0% /856, 0/s, -
 * 1.189.Level_10_Superso…press/prompt_info.json:  0% /2.745Ki, 0/s, -

<6>INFO  : 
Transferred:   	    1.074 GiB / 2.367 GiB, 45%, 245.531 KiB/s, ETA 1h32m3s
Transferred:          411 / 1086, 38%
Elapsed time:     43m10.6s
Transferring:
 * 1.188.Level_10_Dune-An…thermal_Root_Spire.mp4:  0% /10.262Mi, 0/s, -
 * 1.189.Level_10_Superso…ube_Maglev_Express.mp4:100% /9.966Mi, 233.289Ki/s, 0s
 * 1.189.Level_10_Superso…_YouTube_Metadata.json:  0% /856, 0/s, -
 * 1.189.Level_10_Superso…press/prompt_info.json:  0% /2.745Ki, 0/s, -

<6>INFO  : 
Transferred:   	    1.074 GiB / 2.367 GiB, 45%, 128.771 KiB/s, ETA 2h55m32s
Transferred:          411 / 1086, 38%
Elapsed time:     43m20.6s
Transferring:
 * 1.188.Level_10_Dune-An…thermal_Root_Spire.mp4:  0% /10.262Mi, 0/s, -
 * 1.189.Level_10_Superso…ube_Maglev_Express.mp4:100% /9.966Mi, 122.351Ki/s, 0s
 * 1.189.Level_10_Superso…_YouTube_Metadata.json:  0% /856, 0/s, -
 * 1.189.Level_10_Superso…press/prompt_info.json:  0% /2.745Ki, 0/s, -

<6>INFO  : 
Transferred:   	    1.074 GiB / 2.367 GiB, 45%, 67.535 KiB/s, ETA 5h34m42s
Transferred:          411 / 1086, 38%
Elapsed time:     43m30.6s
Transferring:
 * 1.188.Level_10_Dune-An…thermal_Root_Spire.mp4:  0% /10.262Mi, 0/s, -
 * 1.189.Level_10_Superso…ube_Maglev_Express.mp4:100% /9.966Mi, 64.168Ki/s, 0s
 * 1.189.Level_10_Superso…_YouTube_Metadata.json:  0% /856, 0/s, -
 * 1.189.Level_10_Superso…press/prompt_info.json:  0% /2.745Ki, 0/s, -

<6>INFO  : 
Transferred:   	    1.074 GiB / 2.367 GiB, 45%, 35.419 KiB/s, ETA 10h38m11s
Transferred:          411 / 1086, 38%
Elapsed time:     43m40.6s
Transferring:
 * 1.188.Level_10_Dune-An…thermal_Root_Spire.mp4:  0% /10.262Mi, 0/s, -
 * 1.189.Level_10_Superso…ube_Maglev_Express.mp4:100% /9.966Mi, 33.653Ki/s, 0s
 * 1.189.Level_10_Superso…_YouTube_Metadata.json:  0% /856, 0/s, -
 * 1.189.Level_10_Superso…press/prompt_info.json:  0% /2.745Ki, 0/s, -

<6>INFO  : 1.189.Level_10_Supersonic_Sand-Tube_Maglev_Express/prompt_info.json: Copied (new)
<6>INFO  : 1.189.Level_10_Supersonic_Sand-Tube_Maglev_Express/1.189.Level_10_YouTube_Metadata.json: Copied (new)
<6>INFO  : 1.188.Level_10_Dune-Anchoring_Geothermal_Root_Spire/1.188.Level_10_Dune-Anchoring_Geothermal_Root_Spire.mp4: Copied (new)
<6>INFO  : 
Transferred:   	    1.084 GiB / 2.367 GiB, 46%, 595.976 KiB/s, ETA 37m38s
Transferred:          414 / 1086, 38%
Elapsed time:     43m50.6s
Transferring:
 * 1.189.Level_10_Superso…ube_Maglev_Express.mp4:100% /9.966Mi, 17.649Ki/s, 0s
 * 1.189.Level_10_Superso…/youtube_metadata.json:  0% /856, 0/s, -
 * 1.190.Level_10_The_Des…0.Level_10_Prompt.json:  0% /2.726Ki, 0/s, -
 * 1.190.Level_10_The_Des…re_Core_God-Engine.mp4:  0% /10.835Mi, 0/s, -

<6>INFO  : 1.189.Level_10_Supersonic_Sand-Tube_Maglev_Express/youtube_metadata.json: Copied (new)
<6>INFO  : 1.190.Level_10_The_Desert_Dune_Biosphere_Core_God-Engine/1.190.Level_10_Prompt.json: Copied (new)
<6>INFO  : 1.190.Level_10_The_Desert_Dune_Biosphere_Core_God-Engine/1.190.Level_10_YouTube_Metadata.json: Copied (new)
<6>INFO  : 1.190.Level_10_The_Desert_Dune_Biosphere_Core_God-Engine/prompt_info.json: Copied (new)
<6>INFO  : 1.190.Level_10_The_Desert_Dune_Biosphere_Core_God-Engine/1.190.Level_10_The_Desert_Dune_Biosphere_Core_God-Engine.mp4: Copied (new)
<6>INFO  : 
Transferred:   	    1.114 GiB / 2.377 GiB, 47%, 1.728 MiB/s, ETA 12m28s
Transferred:          419 / 1086, 39%
Elapsed time:      44m0.6s
Transferring:
 * 1.189.Level_10_Superso…ube_Maglev_Express.mp4:100% /9.966Mi, 1.246Mi/s, 0s
 * 1.190.Level_10_The_Des…/youtube_metadata.json:  0% /862, 0/s, -
 * 1.122.Level_10_Prairie…irie_Planet_Engine.mp4:100% /9.823Mi, 1.403Mi/s, 0s
 * 1.122.Level_10_Prairie…2.Level_10_Prompt.json:  0% /2.134Ki, 0/s, -

<6>INFO  : 
Transferred:   	    1.114 GiB / 2.377 GiB, 47%, 927.976 KiB/s, ETA 23m47s
Transferred:          419 / 1086, 39%
Elapsed time:     44m10.6s
Transferring:
 * 1.189.Level_10_Superso…ube_Maglev_Express.mp4:100% /9.966Mi, 560.595Ki/s, 0s
 * 1.190.Level_10_The_Des…/youtube_metadata.json:  0% /862, 0/s, -
 * 1.122.Level_10_Prairie…irie_Planet_Engine.mp4:100% /9.823Mi, 589.366Ki/s, 0s
 * 1.122.Level_10_Prairie…2.Level_10_Prompt.json:  0% /2.134Ki, 0/s, -

<6>INFO  : 
Transferred:   	    1.114 GiB / 2.377 GiB, 47%, 486.727 KiB/s, ETA 45m21s
Transferred:          419 / 1086, 39%
Elapsed time:     44m20.6s
Transferring:
 * 1.189.Level_10_Superso…ube_Maglev_Express.mp4:100% /9.966Mi, 294.010Ki/s, 0s
 * 1.190.Level_10_The_Des…/youtube_metadata.json:  0% /862, 0/s, -
 * 1.122.Level_10_Prairie…irie_Planet_Engine.mp4:100% /9.823Mi, 309.099Ki/s, 0s
 * 1.122.Level_10_Prairie…2.Level_10_Prompt.json:  0% /2.134Ki, 0/s, -

<6>INFO  : 
Transferred:   	    1.114 GiB / 2.377 GiB, 47%, 255.269 KiB/s, ETA 1h26m28s
Transferred:          419 / 1086, 39%
Elapsed time:     44m30.6s
Transferring:
 * 1.189.Level_10_Superso…ube_Maglev_Express.mp4:100% /9.966Mi, 154.196Ki/s, 0s
 * 1.190.Level_10_The_Des…/youtube_metadata.json:  0% /862, 0/s, -
 * 1.122.Level_10_Prairie…irie_Planet_Engine.mp4:100% /9.823Mi, 162.110Ki/s, 0s
 * 1.122.Level_10_Prairie…2.Level_10_Prompt.json:  0% /2.134Ki, 0/s, -

<6>INFO  : 
Transferred:   	    1.114 GiB / 2.377 GiB, 47%, 133.878 KiB/s, ETA 2h44m53s
Transferred:          419 / 1086, 39%
Elapsed time:     44m40.6s
Transferring:
 * 1.189.Level_10_Superso…ube_Maglev_Express.mp4:100% /9.966Mi, 80.869Ki/s, 0s
 * 1.190.Level_10_The_Des…/youtube_metadata.json:  0% /862, 0/s, -
 * 1.122.Level_10_Prairie…irie_Planet_Engine.mp4:100% /9.823Mi, 85.021Ki/s, 0s
 * 1.122.Level_10_Prairie…2.Level_10_Prompt.json:  0% /2.134Ki, 0/s, -

<6>INFO  : 1.122.Level_10_Prairie_Planet_Engine/1.122.Level_10_Prompt.json: Copied (new)
<6>INFO  : 
Transferred:   	    1.114 GiB / 2.377 GiB, 47%, 70.347 KiB/s, ETA 5h13m49s
Transferred:          420 / 1086, 39%
Elapsed time:     44m50.6s
Transferring:
 * 1.189.Level_10_Superso…ube_Maglev_Express.mp4:100% /9.966Mi, 42.413Ki/s, 0s
 * 1.190.Level_10_The_Des…/youtube_metadata.json:  0% /862, 0/s, -
 * 1.122.Level_10_Prairie…irie_Planet_Engine.mp4:100% /9.823Mi, 44.590Ki/s, 0s
 * 1.122.Level_10_Prairie…_YouTube_Metadata.json:  0% /1.659Ki, 0/s, -

<6>INFO  : 1.190.Level_10_The_Desert_Dune_Biosphere_Core_God-Engine/youtube_metadata.json: Copied (new)
<6>INFO  : 1.122.Level_10_Prairie_Planet_Engine/1.122.Level_10_YouTube_Metadata.json: Copied (new)
<6>INFO  : 1.122.Level_10_Prairie_Planet_Engine/prompt_info.json: Copied (new)
<6>INFO  : 
Transferred:   	    1.114 GiB / 2.397 GiB, 46%, 37.168 KiB/s, ETA 10h3m2s
Transferred:          423 / 1086, 39%
Elapsed time:      45m0.6s
Transferring:
 * 1.189.Level_10_Superso…ube_Maglev_Express.mp4:  0% /9.966Mi, 0/s, -
 * 1.122.Level_10_Prairie…irie_Planet_Engine.mp4:  0% /9.823Mi, 0/s, -
 * 1.122.Level_10_Prairie…/youtube_metadata.json:  0% /1.659Ki, 0/s, -
 * 1.180.Level_10_The_Man…0.Level_10_Prompt.json:  0% /2.781Ki, 0/s, -

<6>INFO  : 
Transferred:   	    1.114 GiB / 2.397 GiB, 46%, 19.493 KiB/s, ETA 19h9m49s
Transferred:          423 / 1086, 39%
Elapsed time:     45m10.6s
Transferring:
 * 1.189.Level_10_Superso…ube_Maglev_Express.mp4:  0% /9.966Mi, 0/s, -
 * 1.122.Level_10_Prairie…irie_Planet_Engine.mp4:  0% /9.823Mi, 0/s, -
 * 1.122.Level_10_Prairie…/youtube_metadata.json:  0% /1.659Ki, 0/s, -
 * 1.180.Level_10_The_Man…0.Level_10_Prompt.json:  0% /2.781Ki, 0/s, -

<6>INFO  : 
Transferred:   	    1.114 GiB / 2.397 GiB, 46%, 10.223 KiB/s, ETA 1d12h32m24s
Transferred:          423 / 1086, 39%
Elapsed time:     45m20.6s
Transferring:
 * 1.189.Level_10_Superso…ube_Maglev_Express.mp4:  0% /9.966Mi, 0/s, -
 * 1.122.Level_10_Prairie…irie_Planet_Engine.mp4:  0% /9.823Mi, 0/s, -
 * 1.122.Level_10_Prairie…/youtube_metadata.json:  0% /1.659Ki, 0/s, -
 * 1.180.Level_10_The_Man…0.Level_10_Prompt.json:  0% /2.781Ki, 0/s, -

<6>INFO  : 
Transferred:   	    1.114 GiB / 2.397 GiB, 46%, 5.361 KiB/s, ETA 2d21h40m17s
Transferred:          423 / 1086, 39%
Elapsed time:     45m30.6s
Transferring:
 * 1.189.Level_10_Superso…ube_Maglev_Express.mp4:  0% /9.966Mi, 0/s, -
 * 1.122.Level_10_Prairie…irie_Planet_Engine.mp4:  0% /9.823Mi, 0/s, -
 * 1.122.Level_10_Prairie…/youtube_metadata.json:  0% /1.659Ki, 0/s, -
 * 1.180.Level_10_The_Man…0.Level_10_Prompt.json:  0% /2.781Ki, 0/s, -

<6>INFO  : 
Transferred:   	    1.114 GiB / 2.397 GiB, 46%, 2.812 KiB/s, ETA 5d12h50m40s
Transferred:          423 / 1086, 39%
Elapsed time:     45m40.6s
Transferring:
 * 1.189.Level_10_Superso…ube_Maglev_Express.mp4:  0% /9.966Mi, 0/s, -
 * 1.122.Level_10_Prairie…irie_Planet_Engine.mp4:  0% /9.823Mi, 0/s, -
 * 1.122.Level_10_Prairie…/youtube_metadata.json:  0% /1.659Ki, 0/s, -
 * 1.180.Level_10_The_Man…0.Level_10_Prompt.json:  0% /2.781Ki, 0/s, -

<6>INFO  : 
Transferred:   	    1.114 GiB / 2.397 GiB, 46%, 1.475 KiB/s, ETA 1w3d13h17m50s
Transferred:          423 / 1086, 39%
Elapsed time:     45m50.6s
Transferring:
 * 1.189.Level_10_Superso…ube_Maglev_Express.mp4:  0% /9.966Mi, 0/s, -
 * 1.122.Level_10_Prairie…irie_Planet_Engine.mp4:  0% /9.823Mi, 0/s, -
 * 1.122.Level_10_Prairie…/youtube_metadata.json:  0% /1.659Ki, 0/s, -
 * 1.180.Level_10_The_Man…0.Level_10_Prompt.json:  0% /2.781Ki, 0/s, -

<6>INFO  : 
Transferred:   	    1.114 GiB / 2.397 GiB, 46%, 792 B/s, ETA 2w6d2h58m2s
Transferred:          423 / 1086, 39%
Elapsed time:      46m0.6s
Transferring:
 * 1.189.Level_10_Superso…ube_Maglev_Express.mp4:  0% /9.966Mi, 0/s, -
 * 1.122.Level_10_Prairie…irie_Planet_Engine.mp4:  0% /9.823Mi, 0/s, -
 * 1.122.Level_10_Prairie…/youtube_metadata.json:  0% /1.659Ki, 0/s, -
 * 1.180.Level_10_The_Man…0.Level_10_Prompt.json:  0% /2.781Ki, 0/s, -

<6>INFO  : 
Transferred:   	    1.114 GiB / 2.397 GiB, 46%, 415 B/s, ETA 5w3d8h53m3s
Transferred:          423 / 1086, 39%
Elapsed time:     46m10.6s
Transferring:
 * 1.189.Level_10_Superso…ube_Maglev_Express.mp4:  0% /9.966Mi, 0/s, -
 * 1.122.Level_10_Prairie…irie_Planet_Engine.mp4:  0% /9.823Mi, 0/s, -
 * 1.122.Level_10_Prairie…/youtube_metadata.json:  0% /1.659Ki, 0/s, -
 * 1.180.Level_10_The_Man…0.Level_10_Prompt.json:  0% /2.781Ki, 0/s, -

<6>INFO  : 
Transferred:   	    1.114 GiB / 2.397 GiB, 46%, 217 B/s, ETA 10w3d3h52m11s
Transferred:          423 / 1086, 39%
Elapsed time:     46m20.6s
Transferring:
 * 1.189.Level_10_Superso…ube_Maglev_Express.mp4:  0% /9.966Mi, 0/s, -
 * 1.122.Level_10_Prairie…irie_Planet_Engine.mp4:  0% /9.823Mi, 0/s, -
 * 1.122.Level_10_Prairie…/youtube_metadata.json:  0% /1.659Ki, 0/s, -
 * 1.180.Level_10_The_Man…0.Level_10_Prompt.json:  0% /2.781Ki, 0/s, -

<6>INFO  : 
Transferred:   	    1.114 GiB / 2.397 GiB, 46%, 114 B/s, ETA 19w6d11h57m17s
Transferred:          423 / 1086, 39%
Elapsed time:     46m30.6s
Transferring:
 * 1.189.Level_10_Superso…ube_Maglev_Express.mp4:  0% /9.966Mi, 0/s, -
 * 1.122.Level_10_Prairie…irie_Planet_Engine.mp4:  0% /9.823Mi, 0/s, -
 * 1.122.Level_10_Prairie…/youtube_metadata.json:  0% /1.659Ki, 0/s, -
 * 1.180.Level_10_The_Man…0.Level_10_Prompt.json:  0% /2.781Ki, 0/s, -

<6>INFO  : 
Transferred:   	    1.114 GiB / 2.397 GiB, 46%, 59 B/s, ETA 37w6d23h37m1s
Transferred:          423 / 1086, 39%
Elapsed time:     46m40.6s
Transferring:
 * 1.189.Level_10_Superso…ube_Maglev_Express.mp4:  0% /9.966Mi, 0/s, -
 * 1.122.Level_10_Prairie…irie_Planet_Engine.mp4:  0% /9.823Mi, 0/s, -
 * 1.122.Level_10_Prairie…/youtube_metadata.json:  0% /1.659Ki, 0/s, -
 * 1.180.Level_10_The_Man…0.Level_10_Prompt.json:  0% /2.781Ki, 0/s, -

<6>INFO  : 
Transferred:   	    1.114 GiB / 2.397 GiB, 46%, 31 B/s, ETA 1y20w2d3h46m44s
Transferred:          423 / 1086, 39%
Elapsed time:     46m50.6s
Transferring:
 * 1.189.Level_10_Superso…ube_Maglev_Express.mp4:  0% /9.966Mi, 0/s, -
 * 1.122.Level_10_Prairie…irie_Planet_Engine.mp4:  0% /9.823Mi, 0/s, -
 * 1.122.Level_10_Prairie…/youtube_metadata.json:  0% /1.659Ki, 0/s, -
 * 1.180.Level_10_The_Man…0.Level_10_Prompt.json:  0% /2.781Ki, 0/s, -

<6>INFO  : 1.180.Level_10_The_Mantle_Volcanic_Core_God-Engine/1.180.Level_10_Prompt.json: Copied (new)
<6>INFO  : 1.122.Level_10_Prairie_Planet_Engine/youtube_metadata.json: Copied (new)
<6>INFO  : 1.189.Level_10_Supersonic_Sand-Tube_Maglev_Express/1.189.Level_10_Supersonic_Sand-Tube_Maglev_Express.mp4: Copied (new)
<6>INFO  : 
Transferred:   	    1.132 GiB / 2.397 GiB, 47%, 809.733 KiB/s, ETA 27m18s
Transferred:          426 / 1086, 39%
Elapsed time:      47m0.6s
Transferring:
 * 1.122.Level_10_Prairie…irie_Planet_Engine.mp4: 81% /9.823Mi, 349.165Ki/s, 5s
 * 1.180.Level_10_The_Man…ic_Core_God-Engine.mp4:  0% /16.749Mi, 0/s, -
 * 1.180.Level_10_The_Man…_YouTube_Metadata.json:  0% /857, 0/s, -
 * 1.180.Level_10_The_Man…ngine/prompt_info.json:  0% /2.781Ki, 0/s, -

<6>INFO  : 
Transferred:   	    1.132 GiB / 2.397 GiB, 47%, 424.673 KiB/s, ETA 52m3s
Transferred:          426 / 1086, 39%
Elapsed time:     47m10.6s
Transferring:
 * 1.122.Level_10_Prairie…irie_Planet_Engine.mp4: 81% /9.823Mi, 183.123Ki/s, 10s
 * 1.180.Level_10_The_Man…ic_Core_God-Engine.mp4:  0% /16.749Mi, 0/s, -
 * 1.180.Level_10_The_Man…_YouTube_Metadata.json:  0% /857, 0/s, -
 * 1.180.Level_10_The_Man…ngine/prompt_info.json:  0% /2.781Ki, 0/s, -

<6>INFO  : 
Transferred:   	    1.132 GiB / 2.397 GiB, 47%, 222.724 KiB/s, ETA 1h39m15s
Transferred:          426 / 1086, 39%
Elapsed time:     47m20.6s
Transferring:
 * 1.122.Level_10_Prairie…irie_Planet_Engine.mp4: 81% /9.823Mi, 96.041Ki/s, 19s
 * 1.180.Level_10_The_Man…ic_Core_God-Engine.mp4:  0% /16.749Mi, 0/s, -
 * 1.180.Level_10_The_Man…_YouTube_Metadata.json:  0% /857, 0/s, -
 * 1.180.Level_10_The_Man…ngine/prompt_info.json:  0% /2.781Ki, 0/s, -

<6>INFO  : 
Transferred:   	    1.132 GiB / 2.397 GiB, 47%, 116.810 KiB/s, ETA 3h9m15s
Transferred:          426 / 1086, 39%
Elapsed time:     47m30.6s
Transferring:
 * 1.122.Level_10_Prairie…irie_Planet_Engine.mp4: 81% /9.823Mi, 50.369Ki/s, 37s
 * 1.180.Level_10_The_Man…ic_Core_God-Engine.mp4:  0% /16.749Mi, 0/s, -
 * 1.180.Level_10_The_Man…_YouTube_Metadata.json:  0% /857, 0/s, -
 * 1.180.Level_10_The_Man…ngine/prompt_info.json:  0% /2.781Ki, 0/s, -

<6>INFO  : 1.122.Level_10_Prairie_Planet_Engine/1.122.Level_10_Prairie_Planet_Engine.mp4: Copied (new)
<6>INFO  : 1.180.Level_10_The_Mantle_Volcanic_Core_God-Engine/prompt_info.json: Copied (new)
<6>INFO  : 1.180.Level_10_The_Mantle_Volcanic_Core_God-Engine/1.180.Level_10_YouTube_Metadata.json: Copied (new)
<6>INFO  : 1.180.Level_10_The_Mantle_Volcanic_Core_God-Engine/1.180.Level_10_The_Mantle_Volcanic_Core_God-Engine.mp4: Copied (new)
<6>INFO  : 
Transferred:   	    1.157 GiB / 2.397 GiB, 48%, 1.198 MiB/s, ETA 17m39s
Transferred:          430 / 1086, 40%
Elapsed time:     47m40.6s
Transferring:
 * 1.180.Level_10_The_Man…/youtube_metadata.json:100% /857, 856/s, 0s
 * 1.123.Level_10_The_Dun…3.Level_10_Prompt.json:100% /2.455Ki, 2.454Ki/s, 0s
 * 1.123.Level_10_The_Dun…ing_Sand_Leviathan.mp4: 59% /12.632Mi, 0/s, -
 * 1.123.Level_10_The_Dun…_YouTube_Metadata.json:100% /1.591Ki, 0/s, -

<6>INFO  : 1.180.Level_10_The_Mantle_Volcanic_Core_God-Engine/youtube_metadata.json: Copied (new)
<6>INFO  : 1.123.Level_10_The_Dune-Swallowing_Sand_Leviathan/1.123.Level_10_Prompt.json: Copied (new)
<6>INFO  : 1.123.Level_10_The_Dune-Swallowing_Sand_Leviathan/1.123.Level_10_YouTube_Metadata.json: Copied (new)
<6>INFO  : 1.123.Level_10_The_Dune-Swallowing_Sand_Leviathan/prompt_info.json: Copied (new)
<6>INFO  : 1.123.Level_10_The_Dune-Swallowing_Sand_Leviathan/youtube_metadata.json: Copied (new)
<6>INFO  : 1.194.Level_10_Volcanic_Island_Magma_Siphon_Conduit/1.194.Level_10_Prompt.json: Copied (new)
<6>INFO  : 1.194.Level_10_Volcanic_Island_Magma_Siphon_Conduit/1.194.Level_10_YouTube_Metadata.json: Copied (new)
<6>INFO  : 1.194.Level_10_Volcanic_Island_Magma_Siphon_Conduit/1.194.Level_10_Volcanic_Island_Magma_Siphon_Conduit.mp4: Copied (new)
<6>INFO  : 1.194.Level_10_Volcanic_Island_Magma_Siphon_Conduit/prompt_info.json: Copied (new)
<6>INFO  : 1.194.Level_10_Volcanic_Island_Magma_Siphon_Conduit/youtube_metadata.json: Copied (new)
<6>INFO  : 1.195.Level_10_The_Island-Propelling_Oceanic_Hydro-Thruster/1.195.Level_10_Prompt.json: Copied (new)
<6>INFO  : 1.195.Level_10_The_Island-Propelling_Oceanic_Hydro-Thruster/1.195.Level_10_YouTube_Metadata.json: Copied (new)
<6>INFO  : 1.195.Level_10_The_Island-Propelling_Oceanic_Hydro-Thruster/1.195.Level_10_The_Island-Propelling_Oceanic_Hydro-Thruster.mp4: Copied (new)
<6>INFO  : 1.195.Level_10_The_Island-Propelling_Oceanic_Hydro-Thruster/prompt_info.json: Copied (new)
<6>INFO  : 1.195.Level_10_The_Island-Propelling_Oceanic_Hydro-Thruster/youtube_metadata.json: Copied (new)
<6>INFO  : 1.196.Level_10_Island_Mantle-Turning_Engine/1.196.Level_10_Prompt.json: Copied (new)
<6>INFO  : 1.196.Level_10_Island_Mantle-Turning_Engine/1.196.Level_10_YouTube_Metadata.json: Copied (new)
<6>INFO  : 1.196.Level_10_Island_Mantle-Turning_Engine/1.196.Level_10_Island_Mantle-Turning_Engine.mp4: Copied (new)
<6>INFO  : 1.196.Level_10_Island_Mantle-Turning_Engine/youtube_metadata.json: Copied (new)
<6>INFO  : 1.196.Level_10_Island_Mantle-Turning_Engine/prompt_info.json: Copied (new)
<6>INFO  : 1.197.Level_10_Archipelago_Tidal_Ram/1.197.Level_10_Prompt.json: Copied (new)
<6>INFO  : 1.197.Level_10_Archipelago_Tidal_Ram/1.197.Level_10_YouTube_Metadata.json: Copied (new)
<6>INFO  : 1.197.Level_10_Archipelago_Tidal_Ram/1.197.Level_10_Archipelago_Tidal_Ram.mp4: Copied (new)
<6>INFO  : 1.197.Level_10_Archipelago_Tidal_Ram/prompt_info.json: Copied (new)
<6>INFO  : 
Transferred:   	    1.205 GiB / 2.397 GiB, 50%, 2.911 MiB/s, ETA 6m59s
Transferred:          454 / 1086, 42%
Elapsed time:     47m50.6s
Transferring:
 * 1.123.Level_10_The_Dun…ing_Sand_Leviathan.mp4: 63% /12.632Mi, 744.726Ki/s, 6s
 * 1.197.Level_10_Archipe…/youtube_metadata.json:100% /1.591Ki, 1.590Ki/s, 0s
 * 1.212.Level_10_Ocean_T…Ocean_Trench_Winch.mp4:100% /7.249Mi, 7.247Mi/s, 0s
 * 1.212.Level_10_Ocean_T…2.Level_10_Prompt.json:100% /3.024Ki, 0/s, -

<6>INFO  : 1.197.Level_10_Archipelago_Tidal_Ram/youtube_metadata.json: Copied (new)
<6>INFO  : 1.212.Level_10_Ocean_Trench_Winch/1.212.Level_10_Prompt.json: Copied (new)
<6>INFO  : 1.212.Level_10_Ocean_Trench_Winch/1.212.Level_10_Ocean_Trench_Winch.mp4: Copied (new)
<6>INFO  : 1.212.Level_10_Ocean_Trench_Winch/1.212.Level_10_YouTube_Metadata.json: Copied (new)
<6>INFO  : 1.212.Level_10_Ocean_Trench_Winch/prompt_info.json: Copied (new)
<6>INFO  : 1.212.Level_10_Ocean_Trench_Winch/youtube_metadata.json: Copied (new)
<6>INFO  : 1.213.Level_10_Ocean_Current_Braid_Engine/1.213.Level_10_Prompt.json: Copied (new)
<6>INFO  : 1.213.Level_10_Ocean_Current_Braid_Engine/1.213.Level_10_YouTube_Metadata.json: Copied (new)
<6>INFO  : 1.213.Level_10_Ocean_Current_Braid_Engine/1.213.Level_10_Ocean_Current_Braid_Engine.mp4: Copied (new)
<6>INFO  : 1.213.Level_10_Ocean_Current_Braid_Engine/youtube_metadata.json: Copied (new)
<6>INFO  : 1.213.Level_10_Ocean_Current_Braid_Engine/prompt_info.json: Copied (new)
<6>INFO  : 1.226.Level_10_Cyclone_Spear/1.226.Level_10_YouTube_Metadata.json: Copied (new)
<6>INFO  : 1.226.Level_10_Cyclone_Spear/1.226.Level_10_Cyclone_Spear.mp4: Copied (new)
<6>INFO  : 
Transferred:   	    1.226 GiB / 2.397 GiB, 51%, 2.750 MiB/s, ETA 7m15s
Transferred:          467 / 1086, 43%
Elapsed time:      48m0.6s
Transferring:
 * 1.123.Level_10_The_Dun…ing_Sand_Leviathan.mp4:100% /12.632Mi, 599.771Ki/s, 0s
 * 1.226.Level_10_Cyclone…6.Level_10_Prompt.json:  0% /2.872Ki, 0/s, -
 * 1.226.Level_10_Cyclone_Spear/prompt_info.json:  0% /2.872Ki, 0/s, -
 * 1.226.Level_10_Cyclone…/youtube_metadata.json:  0% /1.459Ki, 0/s, -

<6>INFO  : 
Transferred:   	    1.226 GiB / 2.397 GiB, 51%, 1.442 MiB/s, ETA 13m50s
Transferred:          467 / 1086, 43%
Elapsed time:     48m10.6s
Transferring:
 * 1.123.Level_10_The_Dun…ing_Sand_Leviathan.mp4:100% /12.632Mi, 314.556Ki/s, 0s
 * 1.226.Level_10_Cyclone…6.Level_10_Prompt.json:  0% /2.872Ki, 0/s, -
 * 1.226.Level_10_Cyclone_Spear/prompt_info.json:  0% /2.872Ki, 0/s, -
 * 1.226.Level_10_Cyclone…/youtube_metadata.json:  0% /1.459Ki, 0/s, -

<6>INFO  : 
Transferred:   	    1.226 GiB / 2.397 GiB, 51%, 774.575 KiB/s, ETA 26m23s
Transferred:          467 / 1086, 43%
Elapsed time:     48m20.6s
Transferring:
 * 1.123.Level_10_The_Dun…ing_Sand_Leviathan.mp4:100% /12.632Mi, 164.972Ki/s, 0s
 * 1.226.Level_10_Cyclone…6.Level_10_Prompt.json:  0% /2.872Ki, 0/s, -
 * 1.226.Level_10_Cyclone_Spear/prompt_info.json:  0% /2.872Ki, 0/s, -
 * 1.226.Level_10_Cyclone…/youtube_metadata.json:  0% /1.459Ki, 0/s, -

<6>INFO  : 
Transferred:   	    1.226 GiB / 2.397 GiB, 51%, 406.233 KiB/s, ETA 50m20s
Transferred:          467 / 1086, 43%
Elapsed time:     48m30.6s
Transferring:
 * 1.123.Level_10_The_Dun…ing_Sand_Leviathan.mp4:100% /12.632Mi, 86.521Ki/s, 0s
 * 1.226.Level_10_Cyclone…6.Level_10_Prompt.json:  0% /2.872Ki, 0/s, -
 * 1.226.Level_10_Cyclone_Spear/prompt_info.json:  0% /2.872Ki, 0/s, -
 * 1.226.Level_10_Cyclone…/youtube_metadata.json:  0% /1.459Ki, 0/s, -

<6>INFO  : 
Transferred:   	    1.226 GiB / 2.397 GiB, 51%, 213.054 KiB/s, ETA 1h35m58s
Transferred:          467 / 1086, 43%
Elapsed time:     48m40.6s
Transferring:
 * 1.123.Level_10_The_Dun…ing_Sand_Leviathan.mp4:100% /12.632Mi, 45.377Ki/s, 0s
 * 1.226.Level_10_Cyclone…6.Level_10_Prompt.json:  0% /2.872Ki, 0/s, -
 * 1.226.Level_10_Cyclone_Spear/prompt_info.json:  0% /2.872Ki, 0/s, -
 * 1.226.Level_10_Cyclone…/youtube_metadata.json:  0% /1.459Ki, 0/s, -

<6>INFO  : 1.226.Level_10_Cyclone_Spear/youtube_metadata.json: Copied (new)
<6>INFO  : 1.226.Level_10_Cyclone_Spear/1.226.Level_10_Prompt.json: Copied (new)
<6>INFO  : 1.226.Level_10_Cyclone_Spear/prompt_info.json: Copied (new)
<6>INFO  : 1.227.Level_10_Thunder_Hammer/1.227.Level_10_Prompt.json: Copied (new)
<6>INFO  : 1.227.Level_10_Thunder_Hammer/1.227.Level_10_YouTube_Metadata.json: Copied (new)
<6>INFO  : 
Transferred:   	    1.226 GiB / 2.397 GiB, 51%, 112.374 KiB/s, ETA 3h1m57s
Transferred:          472 / 1086, 43%
Elapsed time:     48m50.6s
Transferring:
 * 1.123.Level_10_The_Dun…ing_Sand_Leviathan.mp4:100% /12.632Mi, 23.798Ki/s, 0s
 * 1.227.Level_10_Thunder…_10_Thunder_Hammer.mp4:  0% /9.345Mi, 0/s, -
 * 1.227.Level_10_Thunder…ammer/prompt_info.json:  0% /2.814Ki, 0/s, -
 * 1.227.Level_10_Thunder…/youtube_metadata.json:  0% /1.432Ki, 0/s, -

<6>INFO  : 1.227.Level_10_Thunder_Hammer/prompt_info.json: Copied (new)
<6>INFO  : 1.227.Level_10_Thunder_Hammer/youtube_metadata.json: Copied (new)
<6>INFO  : 1.227.Level_10_Thunder_Hammer/1.227.Level_10_Thunder_Hammer.mp4: Copied (new)
<6>INFO  : 1.123.Level_10_The_Dune-Swallowing_Sand_Leviathan/1.123.Level_10_The_Dune-Swallowing_Sand_Leviathan.mp4: Copied (new)
<6>INFO  : 1.235.Level_10_Atmospheric_Tidal_Engine/1.235.Level_10_Prompt.json: Copied (new)
<6>INFO  : 1.235.Level_10_Atmospheric_Tidal_Engine/1.235.Level_10_YouTube_Metadata.json: Copied (new)
<6>INFO  : 
Transferred:   	    1.261 GiB / 2.422 GiB, 52%, 1.635 MiB/s, ETA 12m7s
Transferred:          478 / 1086, 44%
Elapsed time:      49m0.6s
Transferring:
 * 1.235.Level_10_Atmosph…heric_Tidal_Engine.mp4:  0% /6.755Mi, 0/s, -
 * 1.235.Level_10_Atmosph…ngine/prompt_info.json:  0% /2.845Ki, 0/s, -
 * 1.235.Level_10_Atmosph…/youtube_metadata.json:  0% /878, 0/s, -
 * 1.236.Level_10_Tidal_W…6.Level_10_Prompt.json:  0% /2.669Ki, 0/s, -

<6>INFO  : 
Transferred:   	    1.261 GiB / 2.422 GiB, 52%, 878.157 KiB/s, ETA 23m6s
Transferred:          478 / 1086, 44%
Elapsed time:     49m10.6s
Transferring:
 * 1.235.Level_10_Atmosph…heric_Tidal_Engine.mp4:  0% /6.755Mi, 0/s, -
 * 1.235.Level_10_Atmosph…ngine/prompt_info.json:  0% /2.845Ki, 0/s, -
 * 1.235.Level_10_Atmosph…/youtube_metadata.json:  0% /878, 0/s, -
 * 1.236.Level_10_Tidal_W…6.Level_10_Prompt.json:  0% /2.669Ki, 0/s, -

<6>INFO  : 
Transferred:   	    1.261 GiB / 2.422 GiB, 52%, 460.559 KiB/s, ETA 44m3s
Transferred:          478 / 1086, 44%
Elapsed time:     49m20.6s
Transferring:
 * 1.235.Level_10_Atmosph…heric_Tidal_Engine.mp4:  0% /6.755Mi, 0/s, -
 * 1.235.Level_10_Atmosph…ngine/prompt_info.json:  0% /2.845Ki, 0/s, -
 * 1.235.Level_10_Atmosph…/youtube_metadata.json:  0% /878, 0/s, -
 * 1.236.Level_10_Tidal_W…6.Level_10_Prompt.json:  0% /2.669Ki, 0/s, -

<6>INFO  : 
Transferred:   	    1.261 GiB / 2.422 GiB, 52%, 241.545 KiB/s, ETA 1h23m59s
Transferred:          478 / 1086, 44%
Elapsed time:     49m30.6s
Transferring:
 * 1.235.Level_10_Atmosph…heric_Tidal_Engine.mp4:  0% /6.755Mi, 0/s, -
 * 1.235.Level_10_Atmosph…ngine/prompt_info.json:  0% /2.845Ki, 0/s, -
 * 1.235.Level_10_Atmosph…/youtube_metadata.json:  0% /878, 0/s, -
 * 1.236.Level_10_Tidal_W…6.Level_10_Prompt.json:  0% /2.669Ki, 0/s, -

<6>INFO  : 
Transferred:   	    1.261 GiB / 2.422 GiB, 52%, 126.681 KiB/s, ETA 2h40m9s
Transferred:          478 / 1086, 44%
Elapsed time:     49m40.6s
Transferring:
 * 1.235.Level_10_Atmosph…heric_Tidal_Engine.mp4:  0% /6.755Mi, 0/s, -
 * 1.235.Level_10_Atmosph…ngine/prompt_info.json:  0% /2.845Ki, 0/s, -
 * 1.235.Level_10_Atmosph…/youtube_metadata.json:  0% /878, 0/s, -
 * 1.236.Level_10_Tidal_W…6.Level_10_Prompt.json:  0% /2.669Ki, 0/s, -

<6>INFO  : 1.235.Level_10_Atmospheric_Tidal_Engine/prompt_info.json: Copied (new)
<6>INFO  : 1.236.Level_10_Tidal_Web_Loom/1.236.Level_10_Prompt.json: Copied (new)
<6>INFO  : 1.235.Level_10_Atmospheric_Tidal_Engine/youtube_metadata.json: Copied (new)
<6>INFO  : 1.235.Level_10_Atmospheric_Tidal_Engine/1.235.Level_10_Atmospheric_Tidal_Engine.mp4: Copied (new)
<6>INFO  : 1.236.Level_10_Tidal_Web_Loom/1.236.Level_10_YouTube_Metadata.json: Copied (new)
<6>INFO  : 1.236.Level_10_Tidal_Web_Loom/prompt_info.json: Copied (new)
<6>INFO  : 1.236.Level_10_Tidal_Web_Loom/youtube_metadata.json: Copied (new)
<6>INFO  : 1.236.Level_10_Tidal_Web_Loom/1.236.Level_10_Tidal_Web_Loom.mp4: Copied (new)
<6>INFO  : 
Transferred:   	    1.285 GiB / 2.422 GiB, 53%, 1.020 MiB/s, ETA 19m1s
Transferred:          486 / 1086, 45%
Elapsed time:     49m50.6s
Transferring:
 * 1.191.Level_10_The_Flo…1.Level_10_Prompt.json:100% /2.706Ki, 2.705Ki/s, 0s
 * 1.191.Level_10_The_Flo…rraforming_Dredger.mp4: 65% /12.141Mi, 7.996Mi/s, 0s
 * 1.191.Level_10_The_Flo…_YouTube_Metadata.json:100% /855, 854/s, 0s
 * 1.191.Level_10_The_Flo…edger/prompt_info.json:100% /2.706Ki, 0/s, -

<6>INFO  : 1.191.Level_10_The_Floating_Atoll_Terraforming_Dredger/1.191.Level_10_Prompt.json: Copied (new)
<6>INFO  : 1.191.Level_10_The_Floating_Atoll_Terraforming_Dredger/prompt_info.json: Copied (new)
<6>INFO  : 1.191.Level_10_The_Floating_Atoll_Terraforming_Dredger/1.191.Level_10_YouTube_Metadata.json: Copied (new)
<6>INFO  : 1.191.Level_10_The_Floating_Atoll_Terraforming_Dredger/1.191.Level_10_The_Floating_Atoll_Terraforming_Dredger.mp4: Copied (new)
<6>INFO  : 1.191.Level_10_The_Floating_Atoll_Terraforming_Dredger/youtube_metadata.json: Copied (new)
<6>INFO  : 1.124.Level_10_Solar_Mirage_Energy_Tower/1.124.Level_10_Prompt.json: Copied (new)
<6>INFO  : 1.124.Level_10_Solar_Mirage_Energy_Tower/1.124.Level_10_YouTube_Metadata.json: Copied (new)
<6>INFO  : 1.124.Level_10_Solar_Mirage_Energy_Tower/prompt_info.json: Copied (new)
<6>INFO  : 1.124.Level_10_Solar_Mirage_Energy_Tower/1.124.Level_10_Solar_Mirage_Energy_Tower.mp4: Copied (new)
<6>INFO  : 1.124.Level_10_Solar_Mirage_Energy_Tower/youtube_metadata.json: Copied (new)
<6>INFO  : 1.192.Level_10_Sub-Oceanic_Island_Anchor_Pylon/1.192.Level_10_Prompt.json: Copied (new)
<6>INFO  : 1.192.Level_10_Sub-Oceanic_Island_Anchor_Pylon/1.192.Level_10_YouTube_Metadata.json: Copied (new)
<6>INFO  : 1.192.Level_10_Sub-Oceanic_Island_Anchor_Pylon/1.192.Level_10_Sub-Oceanic_Island_Anchor_Pylon.mp4: Copied (new)
<6>INFO  : 1.192.Level_10_Sub-Oceanic_Island_Anchor_Pylon/youtube_metadata.json: Copied (new)
<6>INFO  : 
Transferred:   	    1.316 GiB / 2.429 GiB, 54%, 2.166 MiB/s, ETA 8m46s
Transferred:          500 / 1086, 46%
Elapsed time:      50m0.6s
Transferring:
 * 1.192.Level_10_Sub-Oce…Pylon/prompt_info.json:  0% /2.702Ki, 0/s, -
 * 1.250.Level_10_Fallsho…_Atmospheric_Forge.mp4:  0% /7.439Mi, 0/s, -
 * 1.250.Level_10_Fallsho…0.Level_10_Prompt.json:  0% /2.846Ki, 0/s, -
 * 1.250.Level_10_Fallsho…_YouTube_Metadata.json:  0% /1.684Ki, 0/s, -

<6>INFO  : 
Transferred:   	    1.316 GiB / 2.429 GiB, 54%, 1.136 MiB/s, ETA 16m43s
Transferred:          500 / 1086, 46%
Elapsed time:     50m10.6s
Transferring:
 * 1.192.Level_10_Sub-Oce…Pylon/prompt_info.json:  0% /2.702Ki, 0/s, -
 * 1.250.Level_10_Fallsho…_Atmospheric_Forge.mp4:  0% /7.439Mi, 0/s, -
 * 1.250.Level_10_Fallsho…0.Level_10_Prompt.json:  0% /2.846Ki, 0/s, -
 * 1.250.Level_10_Fallsho…_YouTube_Metadata.json:  0% /1.684Ki, 0/s, -

<6>INFO  : 
Transferred:   	    1.316 GiB / 2.429 GiB, 54%, 610.146 KiB/s, ETA 31m53s
Transferred:          500 / 1086, 46%
Elapsed time:     50m20.6s
Transferring:
 * 1.192.Level_10_Sub-Oce…Pylon/prompt_info.json:  0% /2.702Ki, 0/s, -
 * 1.250.Level_10_Fallsho…_Atmospheric_Forge.mp4:  0% /7.439Mi, 0/s, -
 * 1.250.Level_10_Fallsho…0.Level_10_Prompt.json:  0% /2.846Ki, 0/s, -
 * 1.250.Level_10_Fallsho…_YouTube_Metadata.json:  0% /1.684Ki, 0/s, -

<6>INFO  : 
Transferred:   	    1.316 GiB / 2.429 GiB, 54%, 319.997 KiB/s, ETA 1h47s
Transferred:          500 / 1086, 46%
Elapsed time:     50m30.6s
Transferring:
 * 1.192.Level_10_Sub-Oce…Pylon/prompt_info.json:  0% /2.702Ki, 0/s, -
 * 1.250.Level_10_Fallsho…_Atmospheric_Forge.mp4:  0% /7.439Mi, 0/s, -
 * 1.250.Level_10_Fallsho…0.Level_10_Prompt.json:  0% /2.846Ki, 0/s, -
 * 1.250.Level_10_Fallsho…_YouTube_Metadata.json:  0% /1.684Ki, 0/s, -

<6>INFO  : 
Transferred:   	    1.316 GiB / 2.429 GiB, 54%, 167.825 KiB/s, ETA 1h55m55s
Transferred:          500 / 1086, 46%
Elapsed time:     50m40.6s
Transferring:
 * 1.192.Level_10_Sub-Oce…Pylon/prompt_info.json:  0% /2.702Ki, 0/s, -
 * 1.250.Level_10_Fallsho…_Atmospheric_Forge.mp4:  0% /7.439Mi, 0/s, -
 * 1.250.Level_10_Fallsho…0.Level_10_Prompt.json:  0% /2.846Ki, 0/s, -
 * 1.250.Level_10_Fallsho…_YouTube_Metadata.json:  0% /1.684Ki, 0/s, -

<6>INFO  : 1.250.Level_10_Fallshock_Atmospheric_Forge/1.250.Level_10_YouTube_Metadata.json: Copied (new)
<6>INFO  : 1.192.Level_10_Sub-Oceanic_Island_Anchor_Pylon/prompt_info.json: Copied (new)
<6>INFO  : 1.250.Level_10_Fallshock_Atmospheric_Forge/1.250.Level_10_Prompt.json: Copied (new)
<6>INFO  : 1.250.Level_10_Fallshock_Atmospheric_Forge/1.250.Level_10_Fallshock_Atmospheric_Forge.mp4: Copied (new)
<6>INFO  : 1.250.Level_10_Fallshock_Atmospheric_Forge/prompt_info.json: Copied (new)
<6>INFO  : 1.250.Level_10_Fallshock_Atmospheric_Forge/youtube_metadata.json: Copied (new)
<6>INFO  : 1.251.Level_10_Glaciertooth_Fallsplitter/1.251.Level_10_Prompt.json: Copied (new)
<6>INFO  : 1.251.Level_10_Glaciertooth_Fallsplitter/1.251.Level_10_Glaciertooth_Fallsplitter.mp4: Copied (new)
<6>INFO  : 1.251.Level_10_Glaciertooth_Fallsplitter/1.251.Level_10_YouTube_Metadata.json: Copied (new)
<6>INFO  : 1.251.Level_10_Glaciertooth_Fallsplitter/prompt_info.json: Copied (new)
<6>INFO  : 1.251.Level_10_Glaciertooth_Fallsplitter/youtube_metadata.json: Copied (new)
<6>INFO  : 1.252.Level_10_Ravine_Cyclone_Excavator/prompt_info.json: Copied (new)
<6>INFO  : 1.252.Level_10_Ravine_Cyclone_Excavator/1.252.Level_10_YouTube_Metadata.json: Copied (new)
<6>INFO  : 1.252.Level_10_Ravine_Cyclone_Excavator/1.252.Level_10_Ravine_Cyclone_Excavator.mp4: Copied (new)
<6>INFO  : 
Transferred:   	    1.340 GiB / 2.429 GiB, 55%, 1.431 MiB/s, ETA 12m59s
Transferred:          514 / 1086, 47%
Elapsed time:     50m50.6s
Transferring:
 * 1.252.Level_10_Ravine_…2.Level_10_Prompt.json:100% /2.834Ki, 1.416Ki/s, 0s
 * 1.252.Level_10_Ravine_…/youtube_metadata.json:100% /1.665Ki, 0/s, -
 * 1.253.Level_10_Basalt_…t_Loom_Waterbender.mp4: 12% /7.916Mi, 0/s, -
 * 1.253.Level_10_Basalt_…3.Level_10_Prompt.json:  0% /2.819Ki, 0/s, -

<6>INFO  : 1.252.Level_10_Ravine_Cyclone_Excavator/1.252.Level_10_Prompt.json: Copied (new)
<6>INFO  : 1.253.Level_10_Basalt_Loom_Waterbender/1.253.Level_10_Basalt_Loom_Waterbender.mp4: Copied (new)
<6>INFO  : 1.252.Level_10_Ravine_Cyclone_Excavator/youtube_metadata.json: Copied (new)
<6>INFO  : 1.253.Level_10_Basalt_Loom_Waterbender/1.253.Level_10_YouTube_Metadata.json: Copied (new)
<6>INFO  : 1.253.Level_10_Basalt_Loom_Waterbender/1.253.Level_10_Prompt.json: Copied (new)
<6>INFO  : 1.253.Level_10_Basalt_Loom_Waterbender/prompt_info.json: Copied (new)
<6>INFO  : 1.254.Level_10_Thunderfall_Momentum_Rail/1.254.Level_10_YouTube_Metadata.json: Copied (new)
<6>INFO  : 1.253.Level_10_Basalt_Loom_Waterbender/youtube_metadata.json: Copied (new)
<6>INFO  : 1.254.Level_10_Thunderfall_Momentum_Rail/1.254.Level_10_Prompt.json: Copied (new)
<6>INFO  : 1.254.Level_10_Thunderfall_Momentum_Rail/1.254.Level_10_Thunderfall_Momentum_Rail.mp4: Copied (new)
<6>INFO  : 1.254.Level_10_Thunderfall_Momentum_Rail/prompt_info.json: Copied (new)
<6>INFO  : 
Transferred:   	    1.362 GiB / 2.437 GiB, 56%, 1.740 MiB/s, ETA 10m32s
Transferred:          525 / 1086, 48%
Elapsed time:      51m0.6s
Transferring:
 * 1.254.Level_10_Thunder…/youtube_metadata.json:  0% /1.544Ki, 0/s, -
 * 1.255.Level_10_Eclipse…_Reservoir_Crusher.mp4:  0% /7.376Mi, 0/s, -
 * 1.255.Level_10_Eclipse…5.Level_10_Prompt.json:  0% /2.907Ki, 0/s, -
 * 1.255.Level_10_Eclipse…_YouTube_Metadata.json:  0% /1.744Ki, 0/s, -

<6>INFO  : 
Transferred:   	    1.362 GiB / 2.437 GiB, 56%, 934.636 KiB/s, ETA 20m5s
Transferred:          525 / 1086, 48%
Elapsed time:     51m10.6s
Transferring:
 * 1.254.Level_10_Thunder…/youtube_metadata.json:  0% /1.544Ki, 0/s, -
 * 1.255.Level_10_Eclipse…_Reservoir_Crusher.mp4:  0% /7.376Mi, 0/s, -
 * 1.255.Level_10_Eclipse…5.Level_10_Prompt.json:  0% /2.907Ki, 0/s, -
 * 1.255.Level_10_Eclipse…_YouTube_Metadata.json:  0% /1.744Ki, 0/s, -

<6>INFO  : 
Transferred:   	    1.369 GiB / 2.444 GiB, 56%, 832.062 KiB/s, ETA 22m34s
Transferred:          525 / 1086, 48%
Elapsed time:     51m20.6s
Transferring:
 * 1.254.Level_10_Thunder…/youtube_metadata.json:  0% /1.544Ki, 0/s, -
 * 1.255.Level_10_Eclipse…_Reservoir_Crusher.mp4:  0% /7.376Mi, 0/s, -
 * 1.255.Level_10_Eclipse…5.Level_10_Prompt.json:  0% /2.907Ki, 0/s, -
 * 1.255.Level_10_Eclipse…_YouTube_Metadata.json:  0% /1.744Ki, 0/s, -

<6>INFO  : 
Transferred:   	    1.369 GiB / 2.444 GiB, 56%, 436.384 KiB/s, ETA 43m1s
Transferred:          525 / 1086, 48%
Elapsed time:     51m30.6s
Transferring:
 * 1.254.Level_10_Thunder…/youtube_metadata.json:  0% /1.544Ki, 0/s, -
 * 1.255.Level_10_Eclipse…_Reservoir_Crusher.mp4:  0% /7.376Mi, 0/s, -
 * 1.255.Level_10_Eclipse…5.Level_10_Prompt.json:  0% /2.907Ki, 0/s, -
 * 1.255.Level_10_Eclipse…_YouTube_Metadata.json:  0% /1.744Ki, 0/s, -

<6>INFO  : 1.254.Level_10_Thunderfall_Momentum_Rail/youtube_metadata.json: Copied (new)
<6>INFO  : 1.255.Level_10_Eclipse_Reservoir_Crusher/1.255.Level_10_YouTube_Metadata.json: Copied (new)
<6>INFO  : 1.255.Level_10_Eclipse_Reservoir_Crusher/1.255.Level_10_Prompt.json: Copied (new)
<6>INFO  : 1.255.Level_10_Eclipse_Reservoir_Crusher/1.255.Level_10_Eclipse_Reservoir_Crusher.mp4: Copied (new)
<6>INFO  : 1.255.Level_10_Eclipse_Reservoir_Crusher/prompt_info.json: Copied (new)
<6>INFO  : 1.255.Level_10_Eclipse_Reservoir_Crusher/youtube_metadata.json: Copied (new)
<6>INFO  : 1.257.Level_10_Temporal_Rail_Accelerator/1.257.Level_10_Prompt.json: Copied (new)
<6>INFO  : 1.257.Level_10_Temporal_Rail_Accelerator/1.257.Level_10_YouTube_Metadata.json: Copied (new)
<6>INFO  : 1.257.Level_10_Temporal_Rail_Accelerator/prompt_info.json: Copied (new)
<6>INFO  : 1.257.Level_10_Temporal_Rail_Accelerator/youtube_metadata.json: Copied (new)
<6>INFO  : 1.257.Level_10_Temporal_Rail_Accelerator/1.257.Level_10_Temporal_Rail_Accelerator.mp4: Copied (new)
<6>INFO  : 1.256.Level_10_Mantle-Ram_Subway_Rewriter/1.256.Level_10_YouTube_Metadata.json: Copied (new)
<6>INFO  : 1.256.Level_10_Mantle-Ram_Subway_Rewriter/1.256.Level_10_Mantle-Ram_Subway_Rewriter.mp4: Copied (new)
<6>INFO  : 1.256.Level_10_Mantle-Ram_Subway_Rewriter/prompt_info.json: Copied (new)
<6>INFO  : 1.256.Level_10_Mantle-Ram_Subway_Rewriter/1.256.Level_10_Prompt.json: Copied (new)
<6>INFO  : 1.256.Level_10_Mantle-Ram_Subway_Rewriter/youtube_metadata.json: Copied (new)
<6>INFO  : 
Transferred:   	    1.403 GiB / 2.444 GiB, 57%, 1.502 MiB/s, ETA 11m49s
Transferred:          541 / 1086, 50%
Elapsed time:     51m40.6s
Transferring:
 * 1.258.Level_10_Ocean-P…g_Subway_Leviathan.mp4:100% /9.975Mi, 7.998Mi/s, 0s
 * 1.258.Level_10_Ocean-P…8.Level_10_Prompt.json:100% /2.188Ki, 2.188Ki/s, 0s
 * 1.258.Level_10_Ocean-P…_YouTube_Metadata.json:100% /1.634Ki, 1.633Ki/s, 0s
 * 1.258.Level_10_Ocean-P…athan/prompt_info.json:  0% /2.188Ki, 0/s, -

<6>INFO  : 1.258.Level_10_Ocean-Piercing_Subway_Leviathan/1.258.Level_10_YouTube_Metadata.json: Copied (new)
<6>INFO  : 1.258.Level_10_Ocean-Piercing_Subway_Leviathan/1.258.Level_10_Prompt.json: Copied (new)
<6>INFO  : 1.258.Level_10_Ocean-Piercing_Subway_Leviathan/1.258.Level_10_Ocean-Piercing_Subway_Leviathan.mp4: Copied (new)
<6>INFO  : 1.258.Level_10_Ocean-Piercing_Subway_Leviathan/prompt_info.json: Copied (new)
<6>INFO  : 1.258.Level_10_Ocean-Piercing_Subway_Leviathan/youtube_metadata.json: Copied (new)
<6>INFO  : 1.259.Level_10_Gravity-Hammer_Station_Forger/1.259.Level_10_Prompt.json: Copied (new)
<6>INFO  : 1.259.Level_10_Gravity-Hammer_Station_Forger/1.259.Level_10_YouTube_Metadata.json: Copied (new)
<6>INFO  : 1.259.Level_10_Gravity-Hammer_Station_Forger/1.259.Level_10_Gravity-Hammer_Station_Forger.mp4: Copied (new)
<6>INFO  : 1.259.Level_10_Gravity-Hammer_Station_Forger/prompt_info.json: Copied (new)
<6>INFO  : 1.259.Level_10_Gravity-Hammer_Station_Forger/youtube_metadata.json: Copied (new)
<6>INFO  : 1.193.Level_10_The_Coral_Barrier_Reef_Bio-Genesis_Spire/1.193.Level_10_Prompt.json: Copied (new)
<6>INFO  : 1.193.Level_10_The_Coral_Barrier_Reef_Bio-Genesis_Spire/1.193.Level_10_YouTube_Metadata.json: Copied (new)
<6>INFO  : 1.193.Level_10_The_Coral_Barrier_Reef_Bio-Genesis_Spire/prompt_info.json: Copied (new)
<6>INFO  : 1.193.Level_10_The_Coral_Barrier_Reef_Bio-Genesis_Spire/1.193.Level_10_The_Coral_Barrier_Reef_Bio-Genesis_Spire.mp4: Copied (new)
<6>INFO  : 1.193.Level_10_The_Coral_Barrier_Reef_Bio-Genesis_Spire/youtube_metadata.json: Copied (new)
<6>INFO  : 1.262.Level_10_Antimatter_Tunnel_Harvester/1.262.Level_10_Prompt.json: Copied (new)
<6>INFO  : 1.262.Level_10_Antimatter_Tunnel_Harvester/1.262.Level_10_YouTube_Metadata.json: Copied (new)
<6>INFO  : 1.262.Level_10_Antimatter_Tunnel_Harvester/1.262.Level_10_Antimatter_Tunnel_Harvester.mp4: Copied (new)
<6>INFO  : 1.262.Level_10_Antimatter_Tunnel_Harvester/prompt_info.json: Copied (new)
<6>INFO  : 1.262.Level_10_Antimatter_Tunnel_Harvester/youtube_metadata.json: Copied (new)
<6>INFO  : 1.263.Level_10_Skyhook_Metro_Weaver/1.263.Level_10_Prompt.json: Copied (new)
<6>INFO  : 1.263.Level_10_Skyhook_Metro_Weaver/1.263.Level_10_YouTube_Metadata.json: Copied (new)
<6>INFO  : 1.263.Level_10_Skyhook_Metro_Weaver/prompt_info.json: Copied (new)
<6>INFO  : 1.263.Level_10_Skyhook_Metro_Weaver/youtube_metadata.json: Copied (new)
<6>INFO  : 1.263.Level_10_Skyhook_Metro_Weaver/1.263.Level_10_Skyhook_Metro_Weaver.mp4: Copied (new)
<6>INFO  : 
Transferred:   	    1.449 GiB / 2.444 GiB, 59%, 3.073 MiB/s, ETA 5m31s
Transferred:          566 / 1086, 52%
Elapsed time:     51m50.6s
Transferring:
 * 1.242.Level_10_Atmosph…ospheric_Web_Rotor.mp4:100% /5.652Mi, 5.651Mi/s, 0s
 * 1.242.Level_10_Atmosph…2.Level_10_Prompt.json:100% /2.743Ki, 2.742Ki/s, 0s
 * 1.242.Level_10_Atmosph…_YouTube_Metadata.json:100% /1.656Ki, 1.655Ki/s, 0s
 * 1.242.Level_10_Atmosph…Rotor/prompt_info.json:100% /2.743Ki, 0/s, -

<6>INFO  : 1.242.Level_10_Atmospheric_Web_Rotor/1.242.Level_10_Atmospheric_Web_Rotor.mp4: Copied (new)
<6>INFO  : 1.242.Level_10_Atmospheric_Web_Rotor/1.242.Level_10_Prompt.json: Copied (new)
<6>INFO  : 1.242.Level_10_Atmospheric_Web_Rotor/1.242.Level_10_YouTube_Metadata.json: Copied (new)
<6>INFO  : 1.242.Level_10_Atmospheric_Web_Rotor/prompt_info.json: Copied (new)
<6>INFO  : 1.242.Level_10_Atmospheric_Web_Rotor/youtube_metadata.json: Copied (new)
<6>INFO  : 1.264.Level_10_Dimension-Crank_Interchange_Engine/1.264.Level_10_Prompt.json: Copied (new)
<6>INFO  : 1.264.Level_10_Dimension-Crank_Interchange_Engine/1.264.Level_10_YouTube_Metadata.json: Copied (new)
<6>INFO  : 1.264.Level_10_Dimension-Crank_Interchange_Engine/1.264.Level_10_Dimension-Crank_Interchange_Engine.mp4: Copied (new)
<6>INFO  : 1.264.Level_10_Dimension-Crank_Interchange_Engine/prompt_info.json: Copied (new)
<6>INFO  : 1.264.Level_10_Dimension-Crank_Interchange_Engine/youtube_metadata.json: Copied (new)
<6>INFO  : 1.265.Level_10_Entropy-Reversal_Rail_Furnace/1.265.Level_10_Prompt.json: Copied (new)
<6>INFO  : 1.265.Level_10_Entropy-Reversal_Rail_Furnace/prompt_info.json: Copied (new)
<6>INFO  : 1.265.Level_10_Entropy-Reversal_Rail_Furnace/1.265.Level_10_YouTube_Metadata.json: Copied (new)
<6>INFO  : 1.265.Level_10_Entropy-Reversal_Rail_Furnace/1.265.Level_10_Entropy-Reversal_Rail_Furnace.mp4: Copied (new)
<6>INFO  : 1.266.Level_10_Rainfall_Compression_Colossus/1.266.Level_10_Prompt.json: Copied (new)
<6>INFO  : 1.266.Level_10_Rainfall_Compression_Colossus/1.266.Level_10_YouTube_Metadata.json: Copied (new)
<6>INFO  : 
Transferred:   	    1.484 GiB / 2.458 GiB, 60%, 3.411 MiB/s, ETA 4m52s
Transferred:          582 / 1086, 54%
Elapsed time:      52m0.6s
Transferring:
 * 1.265.Level_10_Entropy…/youtube_metadata.json:  0% /1.707Ki, 0/s, -
 * 1.266.Level_10_Rainfal…mpression_Colossus.mp4:  0% /7.177Mi, 0/s, -
 * 1.266.Level_10_Rainfal…ossus/prompt_info.json:  0% /2.733Ki, 0/s, -
 * 1.266.Level_10_Rainfal…/youtube_metadata.json:  0% /1.520Ki, 0/s, -

<6>INFO  : 
Transferred:   	    1.484 GiB / 2.458 GiB, 60%, 1.789 MiB/s, ETA 9m17s
Transferred:          582 / 1086, 54%
Elapsed time:     52m10.6s
Transferring:
 * 1.265.Level_10_Entropy…/youtube_metadata.json:  0% /1.707Ki, 0/s, -
 * 1.266.Level_10_Rainfal…mpression_Colossus.mp4:  0% /7.177Mi, 0/s, -
 * 1.266.Level_10_Rainfal…ossus/prompt_info.json:  0% /2.733Ki, 0/s, -
 * 1.266.Level_10_Rainfal…/youtube_metadata.json:  0% /1.520Ki, 0/s, -

<6>INFO  : 
Transferred:   	    1.484 GiB / 2.458 GiB, 60%, 960.793 KiB/s, ETA 17m42s
Transferred:          582 / 1086, 54%
Elapsed time:     52m20.6s
Transferring:
 * 1.265.Level_10_Entropy…/youtube_metadata.json:  0% /1.707Ki, 0/s, -
 * 1.266.Level_10_Rainfal…mpression_Colossus.mp4:  0% /7.177Mi, 0/s, -
 * 1.266.Level_10_Rainfal…ossus/prompt_info.json:  0% /2.733Ki, 0/s, -
 * 1.266.Level_10_Rainfal…/youtube_metadata.json:  0% /1.520Ki, 0/s, -

<6>INFO  : 
Transferred:   	    1.484 GiB / 2.458 GiB, 60%, 503.897 KiB/s, ETA 33m45s
Transferred:          582 / 1086, 54%
Elapsed time:     52m30.6s
Transferring:
 * 1.265.Level_10_Entropy…/youtube_metadata.json:  0% /1.707Ki, 0/s, -
 * 1.266.Level_10_Rainfal…mpression_Colossus.mp4:  0% /7.177Mi, 0/s, -
 * 1.266.Level_10_Rainfal…ossus/prompt_info.json:  0% /2.733Ki, 0/s, -
 * 1.266.Level_10_Rainfal…/youtube_metadata.json:  0% /1.520Ki, 0/s, -

<6>INFO  : 
Transferred:   	    1.484 GiB / 2.458 GiB, 60%, 264.274 KiB/s, ETA 1h4m22s
Transferred:          582 / 1086, 54%
Elapsed time:     52m40.6s
Transferring:
 * 1.265.Level_10_Entropy…/youtube_metadata.json:  0% /1.707Ki, 0/s, -
 * 1.266.Level_10_Rainfal…mpression_Colossus.mp4:  0% /7.177Mi, 0/s, -
 * 1.266.Level_10_Rainfal…ossus/prompt_info.json:  0% /2.733Ki, 0/s, -
 * 1.266.Level_10_Rainfal…/youtube_metadata.json:  0% /1.520Ki, 0/s, -

<6>INFO  : 
Transferred:   	    1.484 GiB / 2.458 GiB, 60%, 138.602 KiB/s, ETA 2h2m44s
Transferred:          582 / 1086, 54%
Elapsed time:     52m50.6s
Transferring:
 * 1.265.Level_10_Entropy…/youtube_metadata.json:  0% /1.707Ki, 0/s, -
 * 1.266.Level_10_Rainfal…mpression_Colossus.mp4:  0% /7.177Mi, 0/s, -
 * 1.266.Level_10_Rainfal…ossus/prompt_info.json:  0% /2.733Ki, 0/s, -
 * 1.266.Level_10_Rainfal…/youtube_metadata.json:  0% /1.520Ki, 0/s, -

<6>INFO  : 
Transferred:   	    1.484 GiB / 2.458 GiB, 60%, 72.773 KiB/s, ETA 3h53m46s
Transferred:          582 / 1086, 54%
Elapsed time:      53m0.6s
Transferring:
 * 1.265.Level_10_Entropy…/youtube_metadata.json:  0% /1.707Ki, 0/s, -
 * 1.266.Level_10_Rainfal…mpression_Colossus.mp4:  0% /7.177Mi, 0/s, -
 * 1.266.Level_10_Rainfal…ossus/prompt_info.json:  0% /2.733Ki, 0/s, -
 * 1.266.Level_10_Rainfal…/youtube_metadata.json:  0% /1.520Ki, 0/s, -

<6>INFO  : 
Transferred:   	    1.484 GiB / 2.458 GiB, 60%, 38.166 KiB/s, ETA 7h25m44s
Transferred:          582 / 1086, 54%
Elapsed time:     53m10.6s
Transferring:
 * 1.265.Level_10_Entropy…/youtube_metadata.json:  0% /1.707Ki, 0/s, -
 * 1.266.Level_10_Rainfal…mpression_Colossus.mp4:  0% /7.177Mi, 0/s, -
 * 1.266.Level_10_Rainfal…ossus/prompt_info.json:  0% /2.733Ki, 0/s, -
 * 1.266.Level_10_Rainfal…/youtube_metadata.json:  0% /1.520Ki, 0/s, -

<6>INFO  : 
Transferred:   	    1.484 GiB / 2.458 GiB, 60%, 20.017 KiB/s, ETA 14h9m53s
Transferred:          582 / 1086, 54%
Elapsed time:     53m20.6s
Transferring:
 * 1.265.Level_10_Entropy…/youtube_metadata.json:  0% /1.707Ki, 0/s, -
 * 1.266.Level_10_Rainfal…mpression_Colossus.mp4:  0% /7.177Mi, 0/s, -
 * 1.266.Level_10_Rainfal…ossus/prompt_info.json:  0% /2.733Ki, 0/s, -
 * 1.266.Level_10_Rainfal…/youtube_metadata.json:  0% /1.520Ki, 0/s, -

<6>INFO  : 
Transferred:   	    1.484 GiB / 2.458 GiB, 60%, 10.498 KiB/s, ETA 1d3h30s
Transferred:          582 / 1086, 54%
Elapsed time:     53m30.6s
Transferring:
 * 1.265.Level_10_Entropy…/youtube_metadata.json:  0% /1.707Ki, 0/s, -
 * 1.266.Level_10_Rainfal…mpression_Colossus.mp4:  0% /7.177Mi, 0/s, -
 * 1.266.Level_10_Rainfal…ossus/prompt_info.json:  0% /2.733Ki, 0/s, -
 * 1.266.Level_10_Rainfal…/youtube_metadata.json:  0% /1.520Ki, 0/s, -

<6>INFO  : 
Transferred:   	    1.484 GiB / 2.458 GiB, 60%, 5.505 KiB/s, ETA 2d3h29m51s
Transferred:          582 / 1086, 54%
Elapsed time:     53m40.6s
Transferring:
 * 1.265.Level_10_Entropy…/youtube_metadata.json:  0% /1.707Ki, 0/s, -
 * 1.266.Level_10_Rainfal…mpression_Colossus.mp4:  0% /7.177Mi, 0/s, -
 * 1.266.Level_10_Rainfal…ossus/prompt_info.json:  0% /2.733Ki, 0/s, -
 * 1.266.Level_10_Rainfal…/youtube_metadata.json:  0% /1.520Ki, 0/s, -

<6>INFO  : 1.266.Level_10_Rainfall_Compression_Colossus/prompt_info.json: Copied (new)
<6>INFO  : 1.265.Level_10_Entropy-Reversal_Rail_Furnace/youtube_metadata.json: Copied (new)
<6>INFO  : 1.266.Level_10_Rainfall_Compression_Colossus/1.266.Level_10_Rainfall_Compression_Colossus.mp4: Copied (new)
<6>INFO  : 1.266.Level_10_Rainfall_Compression_Colossus/youtube_metadata.json: Copied (new)
<6>INFO  : 1.267.Level_10_Monsoon_Torque_Harvester/1.267.Level_10_Prompt.json: Copied (new)
<6>INFO  : 1.267.Level_10_Monsoon_Torque_Harvester/prompt_info.json: Copied (new)
<6>INFO  : 1.267.Level_10_Monsoon_Torque_Harvester/1.267.Level_10_YouTube_Metadata.json: Copied (new)
<6>INFO  : 1.267.Level_10_Monsoon_Torque_Harvester/1.267.Level_10_Monsoon_Torque_Harvester.mp4: Copied (new)
<6>INFO  : 1.268.Level_10_Rainfront_Rammer/1.268.Level_10_Prompt.json: Copied (new)
<6>INFO  : 1.267.Level_10_Monsoon_Torque_Harvester/youtube_metadata.json: Copied (new)
<6>INFO  : 1.268.Level_10_Rainfront_Rammer/1.268.Level_10_YouTube_Metadata.json: Copied (new)
<6>INFO  : 1.268.Level_10_Rainfront_Rammer/1.268.Level_10_Rainfront_Rammer.mp4: Copied (new)
<6>INFO  : 1.268.Level_10_Rainfront_Rammer/youtube_metadata.json: Copied (new)
<6>INFO  : 
Transferred:   	    1.509 GiB / 2.458 GiB, 61%, 1.371 MiB/s, ETA 11m48s
Transferred:          595 / 1086, 55%
Elapsed time:     53m50.6s
Transferring:
 * 1.268.Level_10_Rainfro…ammer/prompt_info.json:  0% /2.909Ki, 0/s, -
 * 1.269.Level_10_Cloud_A…Cloud_Anvil_Engine.mp4:  0% /9.949Mi, 0/s, -
 * 1.269.Level_10_Cloud_A…9.Level_10_Prompt.json:  0% /2.860Ki, 0/s, -
 * 1.269.Level_10_Cloud_A…_YouTube_Metadata.json:  0% /1.669Ki, 0/s, -

<6>INFO  : 
Transferred:   	    1.509 GiB / 2.458 GiB, 61%, 736.459 KiB/s, ETA 22m30s
Transferred:          595 / 1086, 55%
Elapsed time:      54m0.6s
Transferring:
 * 1.268.Level_10_Rainfro…ammer/prompt_info.json:  0% /2.909Ki, 0/s, -
 * 1.269.Level_10_Cloud_A…Cloud_Anvil_Engine.mp4:  0% /9.949Mi, 0/s, -
 * 1.269.Level_10_Cloud_A…9.Level_10_Prompt.json:  0% /2.860Ki, 0/s, -
 * 1.269.Level_10_Cloud_A…_YouTube_Metadata.json:  0% /1.669Ki, 0/s, -

<6>INFO  : 
Transferred:   	    1.509 GiB / 2.458 GiB, 61%, 386.243 KiB/s, ETA 42m55s
Transferred:          595 / 1086, 55%
Elapsed time:     54m10.6s
Transferring:
 * 1.268.Level_10_Rainfro…ammer/prompt_info.json:  0% /2.909Ki, 0/s, -
 * 1.269.Level_10_Cloud_A…Cloud_Anvil_Engine.mp4:  0% /9.949Mi, 0/s, -
 * 1.269.Level_10_Cloud_A…9.Level_10_Prompt.json:  0% /2.860Ki, 0/s, -
 * 1.269.Level_10_Cloud_A…_YouTube_Metadata.json:  0% /1.669Ki, 0/s, -

<6>INFO  : 
Transferred:   	    1.509 GiB / 2.458 GiB, 61%, 202.569 KiB/s, ETA 1h21m50s
Transferred:          595 / 1086, 55%
Elapsed time:     54m20.6s
Transferring:
 * 1.268.Level_10_Rainfro…ammer/prompt_info.json:  0% /2.909Ki, 0/s, -
 * 1.269.Level_10_Cloud_A…Cloud_Anvil_Engine.mp4:  0% /9.949Mi, 0/s, -
 * 1.269.Level_10_Cloud_A…9.Level_10_Prompt.json:  0% /2.860Ki, 0/s, -
 * 1.269.Level_10_Cloud_A…_YouTube_Metadata.json:  0% /1.669Ki, 0/s, -

<6>INFO  : 
Transferred:   	    1.509 GiB / 2.458 GiB, 61%, 106.239 KiB/s, ETA 2h36m3s
Transferred:          595 / 1086, 55%
Elapsed time:     54m30.6s
Transferring:
 * 1.268.Level_10_Rainfro…ammer/prompt_info.json:  0% /2.909Ki, 0/s, -
 * 1.269.Level_10_Cloud_A…Cloud_Anvil_Engine.mp4:  0% /9.949Mi, 0/s, -
 * 1.269.Level_10_Cloud_A…9.Level_10_Prompt.json:  0% /2.860Ki, 0/s, -
 * 1.269.Level_10_Cloud_A…_YouTube_Metadata.json:  0% /1.669Ki, 0/s, -

<6>INFO  : 
Transferred:   	    1.509 GiB / 2.458 GiB, 61%, 55.718 KiB/s, ETA 4h57m33s
Transferred:          595 / 1086, 55%
Elapsed time:     54m40.6s
Transferring:
 * 1.268.Level_10_Rainfro…ammer/prompt_info.json:  0% /2.909Ki, 0/s, -
 * 1.269.Level_10_Cloud_A…Cloud_Anvil_Engine.mp4:  0% /9.949Mi, 0/s, -
 * 1.269.Level_10_Cloud_A…9.Level_10_Prompt.json:  0% /2.860Ki, 0/s, -
 * 1.269.Level_10_Cloud_A…_YouTube_Metadata.json:  0% /1.669Ki, 0/s, -

<6>INFO  : 1.268.Level_10_Rainfront_Rammer/prompt_info.json: Copied (new)
<6>INFO  : 1.269.Level_10_Cloud_Anvil_Engine/1.269.Level_10_YouTube_Metadata.json: Copied (new)
<6>INFO  : 1.269.Level_10_Cloud_Anvil_Engine/1.269.Level_10_Prompt.json: Copied (new)
<6>INFO  : 1.269.Level_10_Cloud_Anvil_Engine/1.269.Level_10_Cloud_Anvil_Engine.mp4: Copied (new)
<6>INFO  : 1.269.Level_10_Cloud_Anvil_Engine/prompt_info.json: Copied (new)
<6>INFO  : 1.269.Level_10_Cloud_Anvil_Engine/youtube_metadata.json: Copied (new)
<6>INFO  : 1.270.Level_10_Rainfall_Vortex_Forge/1.270.Level_10_Prompt.json: Copied (new)
<6>INFO  : 1.270.Level_10_Rainfall_Vortex_Forge/1.270.Level_10_YouTube_Metadata.json: Copied (new)
<6>INFO  : 1.270.Level_10_Rainfall_Vortex_Forge/1.270.Level_10_Rainfall_Vortex_Forge.mp4: Copied (new)
<6>INFO  : 1.270.Level_10_Rainfall_Vortex_Forge/prompt_info.json: Copied (new)
<6>INFO  : 1.270.Level_10_Rainfall_Vortex_Forge/youtube_metadata.json: Copied (new)
<6>INFO  : 1.125.Level_10_The_Deep-Basin_Moisture_Siphon/prompt_info.json: Copied (new)
<6>INFO  : 1.125.Level_10_The_Deep-Basin_Moisture_Siphon/1.125.Level_10_The_Deep-Basin_Moisture_Siphon.mp4: Copied (new)
<6>INFO  : 1.125.Level_10_The_Deep-Basin_Moisture_Siphon/1.125.Level_10_Prompt.json: Copied (new)
<6>INFO  : 1.125.Level_10_The_Deep-Basin_Moisture_Siphon/1.125.Level_10_YouTube_Metadata.json: Copied (new)
<6>INFO  : 1.125.Level_10_The_Deep-Basin_Moisture_Siphon/youtube_metadata.json: Copied (new)
<6>INFO  : 1.271.Level_10_Atmospheric_Rain_Plow/1.271.Level_10_YouTube_Metadata.json: Copied (new)
<6>INFO  : 1.271.Level_10_Atmospheric_Rain_Plow/prompt_info.json: Copied (new)
<6>INFO  : 1.271.Level_10_Atmospheric_Rain_Plow/1.271.Level_10_Prompt.json: Copied (new)
<6>INFO  : 1.271.Level_10_Atmospheric_Rain_Plow/1.271.Level_10_Atmospheric_Rain_Plow.mp4: Copied (new)
<6>INFO  : 1.271.Level_10_Atmospheric_Rain_Plow/youtube_metadata.json: Copied (new)
<6>INFO  : 1.261.Level_10_Seismic_Choir_Resonator/1.261.Level_10_Prompt.json: Copied (new)
<6>INFO  : 1.261.Level_10_Seismic_Choir_Resonator/1.261.Level_10_YouTube_Metadata.json: Copied (new)
<6>INFO  : 1.261.Level_10_Seismic_Choir_Resonator/1.261.Level_10_Seismic_Choir_Resonator.mp4: Copied (new)
<6>INFO  : 
Transferred:   	    1.547 GiB / 2.458 GiB, 63%, 1.976 MiB/s, ETA 7m52s
Transferred:          619 / 1086, 57%
Elapsed time:     54m50.6s
Transferring:
 * 1.261.Level_10_Seismic…nator/prompt_info.json:100% /1.986Ki, 0/s, -
 * 1.261.Level_10_Seismic…/youtube_metadata.json:  0% /1.549Ki, 0/s, -
 * 1.248.Level_10_Mistbla…lade_Canyon_Ripper.mp4:  0% /6.927Mi, 0/s, -
 * 1.248.Level_10_Mistbla…8.Level_10_Prompt.json:  0% /2.922Ki, 0/s, -

<6>INFO  : 1.261.Level_10_Seismic_Choir_Resonator/prompt_info.json: Copied (new)
<6>INFO  : 
Transferred:   	    1.553 GiB / 2.465 GiB, 63%, 1.295 MiB/s, ETA 12m
Transferred:          620 / 1086, 57%
Elapsed time:      55m0.6s
Transferring:
 * 1.261.Level_10_Seismic…/youtube_metadata.json:  0% /1.549Ki, 0/s, -
 * 1.248.Level_10_Mistbla…lade_Canyon_Ripper.mp4:  0% /6.927Mi, 0/s, -
 * 1.248.Level_10_Mistbla…8.Level_10_Prompt.json:  0% /2.922Ki, 0/s, -
 * 1.248.Level_10_Mistbla…_YouTube_Metadata.json:  0% /1.468Ki, 0/s, -

<6>INFO  : 
Transferred:   	    1.553 GiB / 2.465 GiB, 63%, 695.460 KiB/s, ETA 22m53s
Transferred:          620 / 1086, 57%
Elapsed time:     55m10.6s
Transferring:
 * 1.261.Level_10_Seismic…/youtube_metadata.json:  0% /1.549Ki, 0/s, -
 * 1.248.Level_10_Mistbla…lade_Canyon_Ripper.mp4:  0% /6.927Mi, 0/s, -
 * 1.248.Level_10_Mistbla…8.Level_10_Prompt.json:  0% /2.922Ki, 0/s, -
 * 1.248.Level_10_Mistbla…_YouTube_Metadata.json:  0% /1.468Ki, 0/s, -

<6>INFO  : 
Transferred:   	    1.553 GiB / 2.465 GiB, 63%, 364.741 KiB/s, ETA 43m39s
Transferred:          620 / 1086, 57%
Elapsed time:     55m20.6s
Transferring:
 * 1.261.Level_10_Seismic…/youtube_metadata.json:  0% /1.549Ki, 0/s, -
 * 1.248.Level_10_Mistbla…lade_Canyon_Ripper.mp4:  0% /6.927Mi, 0/s, -
 * 1.248.Level_10_Mistbla…8.Level_10_Prompt.json:  0% /2.922Ki, 0/s, -
 * 1.248.Level_10_Mistbla…_YouTube_Metadata.json:  0% /1.468Ki, 0/s, -

<6>INFO  : 
Transferred:   	    1.553 GiB / 2.465 GiB, 63%, 191.292 KiB/s, ETA 1h23m14s
Transferred:          620 / 1086, 57%
Elapsed time:     55m30.6s
Transferring:
 * 1.261.Level_10_Seismic…/youtube_metadata.json:  0% /1.549Ki, 0/s, -
 * 1.248.Level_10_Mistbla…lade_Canyon_Ripper.mp4:  0% /6.927Mi, 0/s, -
 * 1.248.Level_10_Mistbla…8.Level_10_Prompt.json:  0% /2.922Ki, 0/s, -
 * 1.248.Level_10_Mistbla…_YouTube_Metadata.json:  0% /1.468Ki, 0/s, -

<6>INFO  : 
Transferred:   	    1.553 GiB / 2.465 GiB, 63%, 100.325 KiB/s, ETA 2h38m42s
Transferred:          620 / 1086, 57%
Elapsed time:     55m40.6s
Transferring:
 * 1.261.Level_10_Seismic…/youtube_metadata.json:  0% /1.549Ki, 0/s, -
 * 1.248.Level_10_Mistbla…lade_Canyon_Ripper.mp4:  0% /6.927Mi, 0/s, -
 * 1.248.Level_10_Mistbla…8.Level_10_Prompt.json:  0% /2.922Ki, 0/s, -
 * 1.248.Level_10_Mistbla…_YouTube_Metadata.json:  0% /1.468Ki, 0/s, -

<6>INFO  : 
Transferred:   	    1.553 GiB / 2.465 GiB, 63%, 52.616 KiB/s, ETA 5h2m36s
Transferred:          620 / 1086, 57%
Elapsed time:     55m50.6s
Transferring:
 * 1.261.Level_10_Seismic…/youtube_metadata.json:  0% /1.549Ki, 0/s, -
 * 1.248.Level_10_Mistbla…lade_Canyon_Ripper.mp4:  0% /6.927Mi, 0/s, -
 * 1.248.Level_10_Mistbla…8.Level_10_Prompt.json:  0% /2.922Ki, 0/s, -
 * 1.248.Level_10_Mistbla…_YouTube_Metadata.json:  0% /1.468Ki, 0/s, -

<6>INFO  : 
Transferred:   	    1.553 GiB / 2.465 GiB, 63%, 27.666 KiB/s, ETA 9h35m30s
Transferred:          620 / 1086, 57%
Elapsed time:      56m0.6s
Transferring:
 * 1.261.Level_10_Seismic…/youtube_metadata.json:  0% /1.549Ki, 0/s, -
 * 1.248.Level_10_Mistbla…lade_Canyon_Ripper.mp4:  0% /6.927Mi, 0/s, -
 * 1.248.Level_10_Mistbla…8.Level_10_Prompt.json:  0% /2.922Ki, 0/s, -
 * 1.248.Level_10_Mistbla…_YouTube_Metadata.json:  0% /1.468Ki, 0/s, -

<6>INFO  : 
Transferred:   	    1.553 GiB / 2.465 GiB, 63%, 14.510 KiB/s, ETA 18h17m20s
Transferred:          620 / 1086, 57%
Elapsed time:     56m10.6s
Transferring:
 * 1.261.Level_10_Seismic…/youtube_metadata.json:  0% /1.549Ki, 0/s, -
 * 1.248.Level_10_Mistbla…lade_Canyon_Ripper.mp4:  0% /6.927Mi, 0/s, -
 * 1.248.Level_10_Mistbla…8.Level_10_Prompt.json:  0% /2.922Ki, 0/s, -
 * 1.248.Level_10_Mistbla…_YouTube_Metadata.json:  0% /1.468Ki, 0/s, -

<6>INFO  : 
Transferred:   	    1.553 GiB / 2.465 GiB, 63%, 7.609 KiB/s, ETA 1d10h52m19s
Transferred:          620 / 1086, 57%
Elapsed time:     56m20.6s
Transferring:
 * 1.261.Level_10_Seismic…/youtube_metadata.json:  0% /1.549Ki, 0/s, -
 * 1.248.Level_10_Mistbla…lade_Canyon_Ripper.mp4:  0% /6.927Mi, 0/s, -
 * 1.248.Level_10_Mistbla…8.Level_10_Prompt.json:  0% /2.922Ki, 0/s, -
 * 1.248.Level_10_Mistbla…_YouTube_Metadata.json:  0% /1.468Ki, 0/s, -

<6>INFO  : 
Transferred:   	    1.553 GiB / 2.465 GiB, 63%, 3.990 KiB/s, ETA 2d18h29m29s
Transferred:          620 / 1086, 57%
Elapsed time:     56m30.6s
Transferring:
 * 1.261.Level_10_Seismic…/youtube_metadata.json:  0% /1.549Ki, 0/s, -
 * 1.248.Level_10_Mistbla…lade_Canyon_Ripper.mp4:  0% /6.927Mi, 0/s, -
 * 1.248.Level_10_Mistbla…8.Level_10_Prompt.json:  0% /2.922Ki, 0/s, -
 * 1.248.Level_10_Mistbla…_YouTube_Metadata.json:  0% /1.468Ki, 0/s, -

<6>INFO  : 
Transferred:   	    1.553 GiB / 2.465 GiB, 63%, 2.093 KiB/s, ETA 5d6h46m50s
Transferred:          620 / 1086, 57%
Elapsed time:     56m40.6s
Transferring:
 * 1.261.Level_10_Seismic…/youtube_metadata.json:  0% /1.549Ki, 0/s, -
 * 1.248.Level_10_Mistbla…lade_Canyon_Ripper.mp4:  0% /6.927Mi, 0/s, -
 * 1.248.Level_10_Mistbla…8.Level_10_Prompt.json:  0% /2.922Ki, 0/s, -
 * 1.248.Level_10_Mistbla…_YouTube_Metadata.json:  0% /1.468Ki, 0/s, -

<6>INFO  : 1.261.Level_10_Seismic_Choir_Resonator/youtube_metadata.json: Copied (new)
<6>INFO  : 1.248.Level_10_Mistblade_Canyon_Ripper/1.248.Level_10_Prompt.json: Copied (new)
<6>INFO  : 1.248.Level_10_Mistblade_Canyon_Ripper/1.248.Level_10_YouTube_Metadata.json: Copied (new)
<6>INFO  : 1.248.Level_10_Mistblade_Canyon_Ripper/1.248.Level_10_Mistblade_Canyon_Ripper.mp4: Copied (new)
<6>INFO  : 1.248.Level_10_Mistblade_Canyon_Ripper/prompt_info.json: Copied (new)
<6>INFO  : 1.248.Level_10_Mistblade_Canyon_Ripper/youtube_metadata.json: Copied (new)
<6>INFO  : 1.283.Level_10_Shell_Fracture_Composer/1.283.Level_10_Prompt.json: Copied (new)
<6>INFO  : 1.283.Level_10_Shell_Fracture_Composer/1.283.Level_10_YouTube_Metadata.json: Copied (new)
<6>INFO  : 1.283.Level_10_Shell_Fracture_Composer/youtube_metadata.json: Copied (new)
<6>INFO  : 1.283.Level_10_Shell_Fracture_Composer/prompt_info.json: Copied (new)
<6>INFO  : 
Transferred:   	    1.569 GiB / 2.465 GiB, 64%, 879.416 KiB/s, ETA 17m47s
Transferred:          630 / 1086, 58%
Elapsed time:     56m50.6s
Transferring:
 * 1.283.Level_10_Shell_F…_Fracture_Composer.mp4:100% /9.141Mi, 3.047Mi/s, 0s
 * 1.293.Level_10_Fen_Gra…ty_Reversal_Engine.mp4:  0% /10.077Mi, 0/s, -
 * 1.293.Level_10_Fen_Gra…3.Level_10_Prompt.json:  0% /2.853Ki, 0/s, -
 * 1.293.Level_10_Fen_Gra…_YouTube_Metadata.json:  0% /1.491Ki, 0/s, -

<6>INFO  : 1.283.Level_10_Shell_Fracture_Composer/1.283.Level_10_Shell_Fracture_Composer.mp4: Copied (new)
<6>INFO  : 1.293.Level_10_Fen_Gravity_Reversal_Engine/prompt_info.json: Copied (new)
<6>INFO  : 1.293.Level_10_Fen_Gravity_Reversal_Engine/1.293.Level_10_Prompt.json: Copied (new)
<6>INFO  : 1.293.Level_10_Fen_Gravity_Reversal_Engine/1.293.Level_10_YouTube_Metadata.json: Copied (new)
<6>INFO  : 1.293.Level_10_Fen_Gravity_Reversal_Engine/1.293.Level_10_Fen_Gravity_Reversal_Engine.mp4: Copied (new)
<6>INFO  : 
Transferred:   	    1.587 GiB / 2.465 GiB, 64%, 1.230 MiB/s, ETA 12m10s
Transferred:          635 / 1086, 58%
Elapsed time:      57m0.6s
Transferring:
 * 1.293.Level_10_Fen_Gra…/youtube_metadata.json:  0% /1.491Ki, 0/s, -
 * 1.294.Level_10_Peatsto…atstorm_Centrifuge.mp4:100% /8.033Mi, 1.004Mi/s, 0s
 * 1.294.Level_10_Peatsto…4.Level_10_Prompt.json:  0% /2.715Ki, 0/s, -
 * 1.294.Level_10_Peatsto…_YouTube_Metadata.json:  0% /1.459Ki, 0/s, -

<6>INFO  : 
Transferred:   	    1.587 GiB / 2.465 GiB, 64%, 660.771 KiB/s, ETA 23m12s
Transferred:          635 / 1086, 58%
Elapsed time:     57m10.6s
Transferring:
 * 1.293.Level_10_Fen_Gra…/youtube_metadata.json:  0% /1.491Ki, 0/s, -
 * 1.294.Level_10_Peatsto…atstorm_Centrifuge.mp4:100% /8.033Mi, 451.848Ki/s, 0s
 * 1.294.Level_10_Peatsto…4.Level_10_Prompt.json:  0% /2.715Ki, 0/s, -
 * 1.294.Level_10_Peatsto…_YouTube_Metadata.json:  0% /1.459Ki, 0/s, -

<6>INFO  : 
Transferred:   	    1.587 GiB / 2.465 GiB, 64%, 346.548 KiB/s, ETA 44m15s
Transferred:          635 / 1086, 58%
Elapsed time:     57m20.6s
Transferring:
 * 1.293.Level_10_Fen_Gra…/youtube_metadata.json:  0% /1.491Ki, 0/s, -
 * 1.294.Level_10_Peatsto…atstorm_Centrifuge.mp4:100% /8.033Mi, 236.977Ki/s, 0s
 * 1.294.Level_10_Peatsto…4.Level_10_Prompt.json:  0% /2.715Ki, 0/s, -
 * 1.294.Level_10_Peatsto…_YouTube_Metadata.json:  0% /1.459Ki, 0/s, -

<6>INFO  : 
Transferred:   	    1.587 GiB / 2.465 GiB, 64%, 181.751 KiB/s, ETA 1h24m23s
Transferred:          635 / 1086, 58%
Elapsed time:     57m30.6s
Transferring:
 * 1.293.Level_10_Fen_Gra…/youtube_metadata.json:  0% /1.491Ki, 0/s, -
 * 1.294.Level_10_Peatsto…atstorm_Centrifuge.mp4:100% /8.033Mi, 124.284Ki/s, 0s
 * 1.294.Level_10_Peatsto…4.Level_10_Prompt.json:  0% /2.715Ki, 0/s, -
 * 1.294.Level_10_Peatsto…_YouTube_Metadata.json:  0% /1.459Ki, 0/s, -

<6>INFO  : 
Transferred:   	    1.587 GiB / 2.465 GiB, 64%, 95.320 KiB/s, ETA 2h40m54s
Transferred:          635 / 1086, 58%
Elapsed time:     57m40.6s
Transferring:
 * 1.293.Level_10_Fen_Gra…/youtube_metadata.json:  0% /1.491Ki, 0/s, -
 * 1.294.Level_10_Peatsto…atstorm_Centrifuge.mp4:100% /8.033Mi, 65.182Ki/s, 0s
 * 1.294.Level_10_Peatsto…4.Level_10_Prompt.json:  0% /2.715Ki, 0/s, -
 * 1.294.Level_10_Peatsto…_YouTube_Metadata.json:  0% /1.459Ki, 0/s, -

<6>INFO  : 1.293.Level_10_Fen_Gravity_Reversal_Engine/youtube_metadata.json: Copied (new)
<6>INFO  : 1.294.Level_10_Peatstorm_Centrifuge/1.294.Level_10_YouTube_Metadata.json: Copied (new)
<6>INFO  : 
Transferred:   	    1.587 GiB / 2.465 GiB, 64%, 50.335 KiB/s, ETA 5h4m43s
Transferred:          637 / 1086, 59%
Elapsed time:     57m50.6s
Transferring:
 * 1.294.Level_10_Peatsto…atstorm_Centrifuge.mp4:100% /8.033Mi, 34.186Ki/s, 0s
 * 1.294.Level_10_Peatsto…4.Level_10_Prompt.json:  0% /2.715Ki, 0/s, -
 * 1.294.Level_10_Peatsto…ifuge/prompt_info.json:100% /2.715Ki, 0/s, -
 * 1.294.Level_10_Peatsto…/youtube_metadata.json:  0% /1.459Ki, 0/s, -

<6>INFO  : 1.294.Level_10_Peatstorm_Centrifuge/prompt_info.json: Copied (new)
<6>INFO  : 1.294.Level_10_Peatstorm_Centrifuge/youtube_metadata.json: Copied (new)
<6>INFO  : 1.294.Level_10_Peatstorm_Centrifuge/1.294.Level_10_Prompt.json: Copied (new)
<6>INFO  : 
Transferred:   	    1.587 GiB / 2.472 GiB, 64%, 26.783 KiB/s, ETA 9h37m47s
Transferred:          640 / 1086, 59%
Elapsed time:      58m0.6s
Transferring:
 * 1.294.Level_10_Peatsto…atstorm_Centrifuge.mp4:  0% /8.033Mi, 0/s, -
 * 1.296.Level_10_Stormhe…6.Level_10_Prompt.json:  0% /2.970Ki, 0/s, -
 * 1.296.Level_10_Stormhe…Lightning_Crucible.mp4:  0% /7.646Mi, 0/s, -
 * 1.296.Level_10_Stormhe…_YouTube_Metadata.json:  0% /1.561Ki, 0/s, -

<6>INFO  : 
Transferred:   	    1.587 GiB / 2.472 GiB, 64%, 14.047 KiB/s, ETA 18h21m41s
Transferred:          640 / 1086, 59%
Elapsed time:     58m10.6s
Transferring:
 * 1.294.Level_10_Peatsto…atstorm_Centrifuge.mp4:  0% /8.033Mi, 0/s, -
 * 1.296.Level_10_Stormhe…6.Level_10_Prompt.json:  0% /2.970Ki, 0/s, -
 * 1.296.Level_10_Stormhe…Lightning_Crucible.mp4:  0% /7.646Mi, 0/s, -
 * 1.296.Level_10_Stormhe…_YouTube_Metadata.json:  0% /1.561Ki, 0/s, -

<6>INFO  : 
Transferred:   	    1.587 GiB / 2.472 GiB, 64%, 7.366 KiB/s, ETA 1d11h37s
Transferred:          640 / 1086, 59%
Elapsed time:     58m20.6s
Transferring:
 * 1.294.Level_10_Peatsto…atstorm_Centrifuge.mp4:  0% /8.033Mi, 0/s, -
 * 1.296.Level_10_Stormhe…6.Level_10_Prompt.json:  0% /2.970Ki, 0/s, -
 * 1.296.Level_10_Stormhe…Lightning_Crucible.mp4:  0% /7.646Mi, 0/s, -
 * 1.296.Level_10_Stormhe…_YouTube_Metadata.json:  0% /1.561Ki, 0/s, -

<6>INFO  : 
Transferred:   	    1.587 GiB / 2.472 GiB, 64%, 3.863 KiB/s, ETA 2d18h45m17s
Transferred:          640 / 1086, 59%
Elapsed time:     58m30.6s
Transferring:
 * 1.294.Level_10_Peatsto…atstorm_Centrifuge.mp4:  0% /8.033Mi, 0/s, -
 * 1.296.Level_10_Stormhe…6.Level_10_Prompt.json:  0% /2.970Ki, 0/s, -
 * 1.296.Level_10_Stormhe…Lightning_Crucible.mp4:  0% /7.646Mi, 0/s, -
 * 1.296.Level_10_Stormhe…_YouTube_Metadata.json:  0% /1.561Ki, 0/s, -

<6>INFO  : 
Transferred:   	    1.587 GiB / 2.472 GiB, 64%, 2.026 KiB/s, ETA 5d7h16m58s
Transferred:          640 / 1086, 59%
Elapsed time:     58m40.6s
Transferring:
 * 1.294.Level_10_Peatsto…atstorm_Centrifuge.mp4:  0% /8.033Mi, 0/s, -
 * 1.296.Level_10_Stormhe…6.Level_10_Prompt.json:  0% /2.970Ki, 0/s, -
 * 1.296.Level_10_Stormhe…Lightning_Crucible.mp4:  0% /7.646Mi, 0/s, -
 * 1.296.Level_10_Stormhe…_YouTube_Metadata.json:  0% /1.561Ki, 0/s, -

<6>INFO  : 1.296.Level_10_Stormheart_Lightning_Crucible/1.296.Level_10_Prompt.json: Copied (new)
<6>INFO  : 1.296.Level_10_Stormheart_Lightning_Crucible/1.296.Level_10_YouTube_Metadata.json: Copied (new)
<6>INFO  : 1.294.Level_10_Peatstorm_Centrifuge/1.294.Level_10_Peatstorm_Centrifuge.mp4: Copied (new)
<6>INFO  : 1.296.Level_10_Stormheart_Lightning_Crucible/1.296.Level_10_Stormheart_Lightning_Crucible.mp4: Copied (new)
<6>INFO  : 1.296.Level_10_Stormheart_Lightning_Crucible/prompt_info.json: Copied (new)
<6>INFO  : 1.297.Level_10_Thunderbolt_Tectonic_Hammer/1.297.Level_10_Prompt.json: Copied (new)
<6>INFO  : 1.296.Level_10_Stormheart_Lightning_Crucible/youtube_metadata.json: Copied (new)
<6>INFO  : 1.297.Level_10_Thunderbolt_Tectonic_Hammer/1.297.Level_10_Thunderbolt_Tectonic_Hammer.mp4: Copied (new)
<6>INFO  : 1.297.Level_10_Thunderbolt_Tectonic_Hammer/1.297.Level_10_YouTube_Metadata.json: Copied (new)
<6>INFO  : 
Transferred:   	    1.609 GiB / 2.472 GiB, 65%, 1.233 MiB/s, ETA 11m57s
Transferred:          649 / 1086, 60%
Elapsed time:     58m50.6s
Transferring:
 * 1.297.Level_10_Thunder…ammer/prompt_info.json:100% /2.993Ki, 0/s, -
 * 1.297.Level_10_Thunder…/youtube_metadata.json:100% /1.600Ki, 0/s, -
 * 1.298.Level_10_Lightni…tning_Vortex_Forge.mp4:  0% /8.043Mi, 0/s, -
 * 1.298.Level_10_Lightni…8.Level_10_Prompt.json:  0% /2.710Ki, 0/s, -

<6>INFO  : 1.297.Level_10_Thunderbolt_Tectonic_Hammer/prompt_info.json: Copied (new)
<6>INFO  : 1.297.Level_10_Thunderbolt_Tectonic_Hammer/youtube_metadata.json: Copied (new)
<6>INFO  : 1.298.Level_10_Lightning_Vortex_Forge/1.298.Level_10_Prompt.json: Copied (new)
<6>INFO  : 1.298.Level_10_Lightning_Vortex_Forge/1.298.Level_10_Lightning_Vortex_Forge.mp4: Copied (new)
<6>INFO  : 1.300.Level_10_Lightning_River_Splitter/1.300.Level_10_Prompt.json: Copied (new)
<6>INFO  : 1.300.Level_10_Lightning_River_Splitter/1.300.Level_10_Lightning_River_Splitter.mp4: Copied (new)
<6>INFO  : 1.300.Level_10_Lightning_River_Splitter/1.300.Level_10_YouTube_Metadata.json: Copied (new)
<6>INFO  : 1.300.Level_10_Lightning_River_Splitter/prompt_info.json: Copied (new)
<6>INFO  : 1.300.Level_10_Lightning_River_Splitter/youtube_metadata.json: Copied (new)
<6>INFO  : 1.298.Level_10_Lightning_Vortex_Forge/prompt_info.json: Copied (new)
<6>INFO  : 1.298.Level_10_Lightning_Vortex_Forge/1.298.Level_10_YouTube_Metadata.json: Copied (new)
<6>INFO  : 1.298.Level_10_Lightning_Vortex_Forge/youtube_metadata.json: Copied (new)
<6>INFO  : 
Transferred:   	    1.633 GiB / 2.472 GiB, 66%, 1.723 MiB/s, ETA 8m18s
Transferred:          661 / 1086, 61%
Elapsed time:      59m0.6s
Transferring:
 * 1.310.Level_10_Feather…ther_Eclipse_Rotor.mp4:100% /8.647Mi, 1.235Mi/s, 0s
 * 1.310.Level_10_Feather…0.Level_10_Prompt.json:  0% /2.916Ki, 0/s, -
 * 1.310.Level_10_Feather…_YouTube_Metadata.json:  0% /1.506Ki, 0/s, -
 * 1.310.Level_10_Feather…Rotor/prompt_info.json:  0% /2.916Ki, 0/s, -

<6>INFO  : 
Transferred:   	    1.633 GiB / 2.472 GiB, 66%, 925.541 KiB/s, ETA 15m50s
Transferred:          661 / 1086, 61%
Elapsed time:     59m10.6s
Transferring:
 * 1.310.Level_10_Feather…ther_Eclipse_Rotor.mp4:100% /8.647Mi, 518.814Ki/s, 0s
 * 1.310.Level_10_Feather…0.Level_10_Prompt.json:  0% /2.916Ki, 0/s, -
 * 1.310.Level_10_Feather…_YouTube_Metadata.json:  0% /1.506Ki, 0/s, -
 * 1.310.Level_10_Feather…Rotor/prompt_info.json:  0% /2.916Ki, 0/s, -

<6>INFO  : 
Transferred:   	    1.633 GiB / 2.472 GiB, 66%, 485.409 KiB/s, ETA 30m12s
Transferred:          661 / 1086, 61%
Elapsed time:     59m20.6s
Transferring:
 * 1.310.Level_10_Feather…ther_Eclipse_Rotor.mp4:100% /8.647Mi, 272.098Ki/s, 0s
 * 1.310.Level_10_Feather…0.Level_10_Prompt.json:  0% /2.916Ki, 0/s, -
 * 1.310.Level_10_Feather…_YouTube_Metadata.json:  0% /1.506Ki, 0/s, -
 * 1.310.Level_10_Feather…Rotor/prompt_info.json:  0% /2.916Ki, 0/s, -

<6>INFO  : 
Transferred:   	    1.633 GiB / 2.472 GiB, 66%, 254.578 KiB/s, ETA 57m36s
Transferred:          661 / 1086, 61%
Elapsed time:     59m30.6s
Transferring:
 * 1.310.Level_10_Feather…ther_Eclipse_Rotor.mp4:100% /8.647Mi, 142.704Ki/s, 0s
 * 1.310.Level_10_Feather…0.Level_10_Prompt.json:  0% /2.916Ki, 0/s, -
 * 1.310.Level_10_Feather…_YouTube_Metadata.json:  0% /1.506Ki, 0/s, -
 * 1.310.Level_10_Feather…Rotor/prompt_info.json:  0% /2.916Ki, 0/s, -

<6>INFO  : 
Transferred:   	    1.633 GiB / 2.472 GiB, 66%, 133.516 KiB/s, ETA 1h49m50s
Transferred:          661 / 1086, 61%
Elapsed time:     59m40.6s
Transferring:
 * 1.310.Level_10_Feather…ther_Eclipse_Rotor.mp4:100% /8.647Mi, 74.843Ki/s, 0s
 * 1.310.Level_10_Feather…0.Level_10_Prompt.json:  0% /2.916Ki, 0/s, -
 * 1.310.Level_10_Feather…_YouTube_Metadata.json:  0% /1.506Ki, 0/s, -
 * 1.310.Level_10_Feather…Rotor/prompt_info.json:  0% /2.916Ki, 0/s, -

<6>INFO  : 1.310.Level_10_Feather_Eclipse_Rotor/1.310.Level_10_YouTube_Metadata.json: Copied (new)
<6>INFO  : 
Transferred:   	    1.633 GiB / 2.472 GiB, 66%, 70.117 KiB/s, ETA 3h29m9s
Transferred:          662 / 1086, 61%
Elapsed time:     59m50.6s
Transferring:
 * 1.310.Level_10_Feather…ther_Eclipse_Rotor.mp4:100% /8.647Mi, 39.252Ki/s, 0s
 * 1.310.Level_10_Feather…0.Level_10_Prompt.json:100% /2.916Ki, 186/s, 0s
 * 1.310.Level_10_Feather…Rotor/prompt_info.json:100% /2.916Ki, 0/s, -
 * 1.310.Level_10_Feather…/youtube_metadata.json:  0% /1.506Ki, 0/s, -

<6>INFO  : 1.310.Level_10_Feather_Eclipse_Rotor/1.310.Level_10_Prompt.json: Copied (new)
<6>INFO  : 1.310.Level_10_Feather_Eclipse_Rotor/prompt_info.json: Copied (new)
<6>INFO  : 1.310.Level_10_Feather_Eclipse_Rotor/youtube_metadata.json: Copied (new)
<6>INFO  : 
Transferred:   	    1.633 GiB / 2.481 GiB, 66%, 37.271 KiB/s, ETA 6h37m26s
Transferred:          665 / 1086, 61%
Elapsed time:     1h0m0.6s
Transferring:
 * 1.310.Level_10_Feather…ther_Eclipse_Rotor.mp4:  0% /8.647Mi, 0/s, -
 * 1.311.Level_10_Feather…er_Ocean_Propeller.mp4:  0% /10.617Mi, 0/s, -
 * 1.311.Level_10_Feather…1.Level_10_Prompt.json:  0% /2.953Ki, 0/s, -
 * 1.311.Level_10_Feather…_YouTube_Metadata.json:  0% /1.646Ki, 0/s, -

<6>INFO  : 
Transferred:   	    1.633 GiB / 2.481 GiB, 66%, 19.547 KiB/s, ETA 12h37m49s
Transferred:          665 / 1086, 61%
Elapsed time:    1h0m10.6s
Transferring:
 * 1.310.Level_10_Feather…ther_Eclipse_Rotor.mp4:  0% /8.647Mi, 0/s, -
 * 1.311.Level_10_Feather…er_Ocean_Propeller.mp4:  0% /10.617Mi, 0/s, -
 * 1.311.Level_10_Feather…1.Level_10_Prompt.json:  0% /2.953Ki, 0/s, -
 * 1.311.Level_10_Feather…_YouTube_Metadata.json:  0% /1.646Ki, 0/s, -

<6>INFO  : 
Transferred:   	    1.633 GiB / 2.481 GiB, 66%, 10.251 KiB/s, ETA 1d4m57s
Transferred:          665 / 1086, 61%
Elapsed time:    1h0m20.6s
Transferring:
 * 1.310.Level_10_Feather…ther_Eclipse_Rotor.mp4:  0% /8.647Mi, 0/s, -
 * 1.311.Level_10_Feather…er_Ocean_Propeller.mp4:  0% /10.617Mi, 0/s, -
 * 1.311.Level_10_Feather…1.Level_10_Prompt.json:  0% /2.953Ki, 0/s, -
 * 1.311.Level_10_Feather…_YouTube_Metadata.json:  0% /1.646Ki, 0/s, -

<6>INFO  : 
Transferred:   	    1.633 GiB / 2.481 GiB, 66%, 5.376 KiB/s, ETA 1d21h55m7s
Transferred:          665 / 1086, 61%
Elapsed time:    1h0m30.6s
Transferring:
 * 1.310.Level_10_Feather…ther_Eclipse_Rotor.mp4:  0% /8.647Mi, 0/s, -
 * 1.311.Level_10_Feather…er_Ocean_Propeller.mp4:  0% /10.617Mi, 0/s, -
 * 1.311.Level_10_Feather…1.Level_10_Prompt.json:  0% /2.953Ki, 0/s, -
 * 1.311.Level_10_Feather…_YouTube_Metadata.json:  0% /1.646Ki, 0/s, -

<6>INFO  : 
Transferred:   	    1.633 GiB / 2.481 GiB, 66%, 2.819 KiB/s, ETA 3d15h33m15s
Transferred:          665 / 1086, 61%
Elapsed time:    1h0m40.6s
Transferring:
 * 1.310.Level_10_Feather…ther_Eclipse_Rotor.mp4:  0% /8.647Mi, 0/s, -
 * 1.311.Level_10_Feather…er_Ocean_Propeller.mp4:  0% /10.617Mi, 0/s, -
 * 1.311.Level_10_Feather…1.Level_10_Prompt.json:  0% /2.953Ki, 0/s, -
 * 1.311.Level_10_Feather…_YouTube_Metadata.json:  0% /1.646Ki, 0/s, -

<6>INFO  : 1.311.Level_10_Feather_Ocean_Propeller/1.311.Level_10_YouTube_Metadata.json: Copied (new)
<6>INFO  : 1.311.Level_10_Feather_Ocean_Propeller/1.311.Level_10_Prompt.json: Copied (new)
<6>INFO  : 1.310.Level_10_Feather_Eclipse_Rotor/1.310.Level_10_Feather_Eclipse_Rotor.mp4: Copied (new)
<6>INFO  : 1.311.Level_10_Feather_Ocean_Propeller/1.311.Level_10_Feather_Ocean_Propeller.mp4: Copied (new)
<6>INFO  : 1.311.Level_10_Feather_Ocean_Propeller/prompt_info.json: Copied (new)
<6>INFO  : 1.311.Level_10_Feather_Ocean_Propeller/youtube_metadata.json: Copied (new)
<6>INFO  : 
Transferred:   	    1.652 GiB / 2.481 GiB, 67%, 1.206 MiB/s, ETA 11m43s
Transferred:          671 / 1086, 62%
Elapsed time:    1h0m50.6s
Transferring:
 * 1.312.Level_10_Feather…her_Glacier_Shaper.mp4:  0% /11.178Mi, 0/s, -
 * 1.312.Level_10_Feather…2.Level_10_Prompt.json:  0% /2.973Ki, 0/s, -
 * 1.312.Level_10_Feather…_YouTube_Metadata.json:  0% /1.522Ki, 0/s, -
 * 1.312.Level_10_Feather…haper/prompt_info.json:  0% /2.973Ki, 0/s, -

<6>INFO  : 1.312.Level_10_Feather_Glacier_Shaper/prompt_info.json: Copied (new)
<6>INFO  : 1.312.Level_10_Feather_Glacier_Shaper/1.312.Level_10_Prompt.json: Copied (new)
<6>INFO  : 1.312.Level_10_Feather_Glacier_Shaper/1.312.Level_10_YouTube_Metadata.json: Copied (new)
<6>INFO  : 1.312.Level_10_Feather_Glacier_Shaper/1.312.Level_10_Feather_Glacier_Shaper.mp4: Copied (new)
<6>INFO  : 1.312.Level_10_Feather_Glacier_Shaper/youtube_metadata.json: Copied (new)
<6>INFO  : 1.249.Level_10_Hydrospine_Tidal_Injector/1.249.Level_10_Prompt.json: Copied (new)
<6>INFO  : 1.249.Level_10_Hydrospine_Tidal_Injector/1.249.Level_10_YouTube_Metadata.json: Copied (new)
<6>INFO  : 1.249.Level_10_Hydrospine_Tidal_Injector/prompt_info.json: Copied (new)
<6>INFO  : 1.249.Level_10_Hydrospine_Tidal_Injector/1.249.Level_10_Hydrospine_Tidal_Injector.mp4: Copied (new)
<6>INFO  : 1.249.Level_10_Hydrospine_Tidal_Injector/youtube_metadata.json: Copied (new)
<6>INFO  : 1.260.Level_10_Planetary_Rail_Catapult/1.260.Level_10_Prompt.json: Copied (new)
<6>INFO  : 1.260.Level_10_Planetary_Rail_Catapult/1.260.Level_10_YouTube_Metadata.json: Copied (new)
<6>INFO  : 
Transferred:   	    1.683 GiB / 2.481 GiB, 68%, 1.939 MiB/s, ETA 7m1s
Transferred:          683 / 1086, 63%
Elapsed time:     1h1m0.6s
Transferring:
 * 1.260.Level_10_Planeta…tary_Rail_Catapult.mp4:100% /9.544Mi, 1.363Mi/s, 0s
 * 1.260.Level_10_Planeta…apult/prompt_info.json:  0% /2.100Ki, 0/s, -
 * 1.260.Level_10_Planeta…/youtube_metadata.json:  0% /1.528Ki, 0/s, -
 * 1.319.Level_10_Granite…ranite_Wave_Engine.mp4:  0% /10.778Mi, 0/s, -

<6>INFO  : 
Transferred:   	    1.683 GiB / 2.481 GiB, 68%, 1.017 MiB/s, ETA 13m23s
Transferred:          683 / 1086, 63%
Elapsed time:    1h1m10.6s
Transferring:
 * 1.260.Level_10_Planeta…tary_Rail_Catapult.mp4:100% /9.544Mi, 572.629Ki/s, 0s
 * 1.260.Level_10_Planeta…apult/prompt_info.json:  0% /2.100Ki, 0/s, -
 * 1.260.Level_10_Planeta…/youtube_metadata.json:  0% /1.528Ki, 0/s, -
 * 1.319.Level_10_Granite…ranite_Wave_Engine.mp4:  0% /10.778Mi, 0/s, -

<6>INFO  : 
Transferred:   	    1.683 GiB / 2.481 GiB, 68%, 546.016 KiB/s, ETA 25m31s
Transferred:          683 / 1086, 63%
Elapsed time:    1h1m20.6s
Transferring:
 * 1.260.Level_10_Planeta…tary_Rail_Catapult.mp4:100% /9.544Mi, 300.320Ki/s, 0s
 * 1.260.Level_10_Planeta…apult/prompt_info.json:  0% /2.100Ki, 0/s, -
 * 1.260.Level_10_Planeta…/youtube_metadata.json:  0% /1.528Ki, 0/s, -
 * 1.319.Level_10_Granite…ranite_Wave_Engine.mp4:  0% /10.778Mi, 0/s, -

<6>INFO  : 
Transferred:   	    1.683 GiB / 2.481 GiB, 68%, 286.363 KiB/s, ETA 48m40s
Transferred:          683 / 1086, 63%
Elapsed time:    1h1m30.6s
Transferring:
 * 1.260.Level_10_Planeta…tary_Rail_Catapult.mp4:100% /9.544Mi, 157.506Ki/s, 0s
 * 1.260.Level_10_Planeta…apult/prompt_info.json:  0% /2.100Ki, 0/s, -
 * 1.260.Level_10_Planeta…/youtube_metadata.json:  0% /1.528Ki, 0/s, -
 * 1.319.Level_10_Granite…ranite_Wave_Engine.mp4:  0% /10.778Mi, 0/s, -

<6>INFO  : 
Transferred:   	    1.683 GiB / 2.481 GiB, 68%, 150.187 KiB/s, ETA 1h32m48s
Transferred:          683 / 1086, 63%
Elapsed time:    1h1m40.6s
Transferring:
 * 1.260.Level_10_Planeta…tary_Rail_Catapult.mp4:100% /9.544Mi, 82.605Ki/s, 0s
 * 1.260.Level_10_Planeta…apult/prompt_info.json:  0% /2.100Ki, 0/s, -
 * 1.260.Level_10_Planeta…/youtube_metadata.json:  0% /1.528Ki, 0/s, -
 * 1.319.Level_10_Granite…ranite_Wave_Engine.mp4:  0% /10.778Mi, 0/s, -

<6>INFO  : 
Transferred:   	    1.683 GiB / 2.481 GiB, 68%, 78.767 KiB/s, ETA 2h56m57s
Transferred:          683 / 1086, 63%
Elapsed time:    1h1m50.6s
Transferring:
 * 1.260.Level_10_Planeta…tary_Rail_Catapult.mp4:100% /9.544Mi, 43.323Ki/s, 0s
 * 1.260.Level_10_Planeta…apult/prompt_info.json:  0% /2.100Ki, 0/s, -
 * 1.260.Level_10_Planeta…/youtube_metadata.json:  0% /1.528Ki, 0/s, -
 * 1.319.Level_10_Granite…ranite_Wave_Engine.mp4:  0% /10.778Mi, 0/s, -

<6>INFO  : 1.260.Level_10_Planetary_Rail_Catapult/youtube_metadata.json: Copied (new)
<6>INFO  : 1.260.Level_10_Planetary_Rail_Catapult/prompt_info.json: Copied (new)
<6>INFO  : 1.319.Level_10_Granite_Wave_Engine/1.319.Level_10_Prompt.json: Copied (new)
<6>INFO  : 
Transferred:   	    1.703 GiB / 2.490 GiB, 68%, 1.039 MiB/s, ETA 12m55s
Transferred:          686 / 1086, 63%
Elapsed time:     1h2m0.6s
Transferring:
 * 1.260.Level_10_Planeta…tary_Rail_Catapult.mp4:100% /9.544Mi, 1.591Mi/s, 0s
 * 1.319.Level_10_Granite…ranite_Wave_Engine.mp4:100% /10.778Mi, 484.979Ki/s, 0s
 * 1.319.Level_10_Granite…_YouTube_Metadata.json:  0% /1.534Ki, 0/s, -
 * 1.319.Level_10_Granite…ngine/prompt_info.json:  0% /2.849Ki, 0/s, -

<6>INFO  : 
Transferred:   	    1.703 GiB / 2.490 GiB, 68%, 558.197 KiB/s, ETA 24m38s
Transferred:          686 / 1086, 63%
Elapsed time:    1h2m10.6s
Transferring:
 * 1.260.Level_10_Planeta…tary_Rail_Catapult.mp4:100% /9.544Mi, 610.821Ki/s, 0s
 * 1.319.Level_10_Granite…ranite_Wave_Engine.mp4:100% /10.778Mi, 254.352Ki/s, 0s
 * 1.319.Level_10_Granite…_YouTube_Metadata.json:  0% /1.534Ki, 0/s, -
 * 1.319.Level_10_Granite…ngine/prompt_info.json:  0% /2.849Ki, 0/s, -

<6>INFO  : 
Transferred:   	    1.703 GiB / 2.490 GiB, 68%, 292.752 KiB/s, ETA 46m58s
Transferred:          686 / 1086, 63%
Elapsed time:    1h2m20.6s
Transferring:
 * 1.260.Level_10_Planeta…tary_Rail_Catapult.mp4:100% /9.544Mi, 320.352Ki/s, 0s
 * 1.319.Level_10_Granite…ranite_Wave_Engine.mp4:100% /10.778Mi, 133.397Ki/s, 0s
 * 1.319.Level_10_Granite…_YouTube_Metadata.json:  0% /1.534Ki, 0/s, -
 * 1.319.Level_10_Granite…ngine/prompt_info.json:  0% /2.849Ki, 0/s, -

<6>INFO  : 
Transferred:   	    1.703 GiB / 2.490 GiB, 68%, 153.537 KiB/s, ETA 1h29m34s
Transferred:          686 / 1086, 63%
Elapsed time:    1h2m30.6s
Transferring:
 * 1.260.Level_10_Planeta…tary_Rail_Catapult.mp4:100% /9.544Mi, 168.012Ki/s, 0s
 * 1.319.Level_10_Granite…ranite_Wave_Engine.mp4:100% /10.778Mi, 69.961Ki/s, 0s
 * 1.319.Level_10_Granite…_YouTube_Metadata.json:  0% /1.534Ki, 0/s, -
 * 1.319.Level_10_Granite…ngine/prompt_info.json:  0% /2.849Ki, 0/s, -

<6>INFO  : 
Transferred:   	    1.703 GiB / 2.490 GiB, 68%, 80.523 KiB/s, ETA 2h50m48s
Transferred:          686 / 1086, 63%
Elapsed time:    1h2m40.6s
Transferring:
 * 1.260.Level_10_Planeta…tary_Rail_Catapult.mp4:100% /9.544Mi, 88.115Ki/s, 0s
 * 1.319.Level_10_Granite…ranite_Wave_Engine.mp4:100% /10.778Mi, 36.691Ki/s, 0s
 * 1.319.Level_10_Granite…_YouTube_Metadata.json:  0% /1.534Ki, 0/s, -
 * 1.319.Level_10_Granite…ngine/prompt_info.json:  0% /2.849Ki, 0/s, -

<6>INFO  : 
Transferred:   	    1.703 GiB / 2.490 GiB, 68%, 42.231 KiB/s, ETA 5h25m41s
Transferred:          686 / 1086, 63%
Elapsed time:    1h2m50.6s
Transferring:
 * 1.260.Level_10_Planeta…tary_Rail_Catapult.mp4:100% /9.544Mi, 46.213Ki/s, 0s
 * 1.319.Level_10_Granite…ranite_Wave_Engine.mp4:100% /10.778Mi, 19.243Ki/s, 0s
 * 1.319.Level_10_Granite…_YouTube_Metadata.json:  0% /1.534Ki, 0/s, -
 * 1.319.Level_10_Granite…ngine/prompt_info.json:  0% /2.849Ki, 0/s, -

<6>INFO  : 
Transferred:   	    1.703 GiB / 2.490 GiB, 68%, 22.148 KiB/s, ETA 10h20m59s
Transferred:          686 / 1086, 63%
Elapsed time:     1h3m0.6s
Transferring:
 * 1.260.Level_10_Planeta…tary_Rail_Catapult.mp4:100% /9.544Mi, 24.236Ki/s, 0s
 * 1.319.Level_10_Granite…ranite_Wave_Engine.mp4:100% /10.778Mi, 10.092Ki/s, 0s
 * 1.319.Level_10_Granite…_YouTube_Metadata.json:  0% /1.534Ki, 0/s, -
 * 1.319.Level_10_Granite…ngine/prompt_info.json:  0% /2.849Ki, 0/s, -

<6>INFO  : 
Transferred:   	    1.703 GiB / 2.490 GiB, 68%, 11.616 KiB/s, ETA 19h44m3s
Transferred:          686 / 1086, 63%
Elapsed time:    1h3m10.6s
Transferring:
 * 1.260.Level_10_Planeta…tary_Rail_Catapult.mp4:100% /9.544Mi, 12.711Ki/s, 0s
 * 1.319.Level_10_Granite…ranite_Wave_Engine.mp4:100% /10.778Mi, 5.293Ki/s, 0s
 * 1.319.Level_10_Granite…_YouTube_Metadata.json:  0% /1.534Ki, 0/s, -
 * 1.319.Level_10_Granite…ngine/prompt_info.json:  0% /2.849Ki, 0/s, -

<6>INFO  : 
Transferred:   	    1.703 GiB / 2.490 GiB, 68%, 6.092 KiB/s, ETA 1d13h37m40s
Transferred:          686 / 1086, 63%
Elapsed time:    1h3m20.6s
Transferring:
 * 1.260.Level_10_Planeta…tary_Rail_Catapult.mp4:100% /9.544Mi, 6.666Ki/s, 0s
 * 1.319.Level_10_Granite…ranite_Wave_Engine.mp4:100% /10.778Mi, 2.775Ki/s, 0s
 * 1.319.Level_10_Granite…_YouTube_Metadata.json:  0% /1.534Ki, 0/s, -
 * 1.319.Level_10_Granite…ngine/prompt_info.json:  0% /2.849Ki, 0/s, -

<6>INFO  : 
Transferred:   	    1.703 GiB / 2.490 GiB, 68%, 3.194 KiB/s, ETA 2d23h44m45s
Transferred:          686 / 1086, 63%
Elapsed time:    1h3m30.6s
Transferring:
 * 1.260.Level_10_Planeta…tary_Rail_Catapult.mp4:100% /9.544Mi, 3.496Ki/s, 0s
 * 1.319.Level_10_Granite…ranite_Wave_Engine.mp4:100% /10.778Mi, 1.455Ki/s, 0s
 * 1.319.Level_10_Granite…_YouTube_Metadata.json:  0% /1.534Ki, 0/s, -
 * 1.319.Level_10_Granite…ngine/prompt_info.json:  0% /2.849Ki, 0/s, -

<6>INFO  : 
Transferred:   	    1.703 GiB / 2.490 GiB, 68%, 1.675 KiB/s, ETA 5d16h47m57s
Transferred:          686 / 1086, 63%
Elapsed time:    1h3m40.6s
Transferring:
 * 1.260.Level_10_Planeta…tary_Rail_Catapult.mp4:100% /9.544Mi, 1.833Ki/s, 0s
 * 1.319.Level_10_Granite…ranite_Wave_Engine.mp4:100% /10.778Mi, 781/s, 0s
 * 1.319.Level_10_Granite…_YouTube_Metadata.json:  0% /1.534Ki, 0/s, -
 * 1.319.Level_10_Granite…ngine/prompt_info.json:  0% /2.849Ki, 0/s, -

<6>INFO  : 
Transferred:   	    1.703 GiB / 2.490 GiB, 68%, 899 B/s, ETA 1w3d20h50m17s
Transferred:          686 / 1086, 63%
Elapsed time:    1h3m50.6s
Transferring:
 * 1.260.Level_10_Planeta…tary_Rail_Catapult.mp4:100% /9.544Mi, 984/s, 0s
 * 1.319.Level_10_Granite…ranite_Wave_Engine.mp4:100% /10.778Mi, 410/s, 0s
 * 1.319.Level_10_Granite…_YouTube_Metadata.json:  0% /1.534Ki, 0/s, -
 * 1.319.Level_10_Granite…ngine/prompt_info.json:  0% /2.849Ki, 0/s, -

<6>INFO  : 
Transferred:   	    1.703 GiB / 2.490 GiB, 68%, 471 B/s, ETA 2w6d17h20m45s
Transferred:          686 / 1086, 63%
Elapsed time:     1h4m0.6s
Transferring:
 * 1.260.Level_10_Planeta…tary_Rail_Catapult.mp4:100% /9.544Mi, 516/s, 0s
 * 1.319.Level_10_Granite…ranite_Wave_Engine.mp4:100% /10.778Mi, 215/s, 0s
 * 1.319.Level_10_Granite…_YouTube_Metadata.json:  0% /1.534Ki, 0/s, -
 * 1.319.Level_10_Granite…ngine/prompt_info.json:  0% /2.849Ki, 0/s, -

<6>INFO  : 
Transferred:   	    1.703 GiB / 2.490 GiB, 68%, 247 B/s, ETA 5w4d12h18m
Transferred:          686 / 1086, 63%
Elapsed time:    1h4m10.6s
Transferring:
 * 1.260.Level_10_Planeta…tary_Rail_Catapult.mp4:100% /9.544Mi, 270/s, 0s
 * 1.319.Level_10_Granite…ranite_Wave_Engine.mp4:100% /10.778Mi, 112/s, 0s
 * 1.319.Level_10_Granite…_YouTube_Metadata.json:  0% /1.534Ki, 0/s, -
 * 1.319.Level_10_Granite…ngine/prompt_info.json:  0% /2.849Ki, 0/s, -

<6>INFO  : 
Transferred:   	    1.703 GiB / 2.490 GiB, 68%, 129 B/s, ETA 10w5d8h8m38s
Transferred:          686 / 1086, 63%
Elapsed time:    1h4m20.6s
Transferring:
 * 1.260.Level_10_Planeta…tary_Rail_Catapult.mp4:100% /9.544Mi, 142/s, 0s
 * 1.319.Level_10_Granite…ranite_Wave_Engine.mp4:100% /10.778Mi, 59/s, 0s
 * 1.319.Level_10_Granite…_YouTube_Metadata.json:  0% /1.534Ki, 0/s, -
 * 1.319.Level_10_Granite…ngine/prompt_info.json:  0% /2.849Ki, 0/s, -

<6>INFO  : 
Transferred:   	    1.703 GiB / 2.490 GiB, 68%, 68 B/s, ETA 20w3d15h37m36s
Transferred:          686 / 1086, 63%
Elapsed time:    1h4m30.6s
Transferring:
 * 1.260.Level_10_Planeta…tary_Rail_Catapult.mp4:100% /9.544Mi, 74/s, 0s
 * 1.319.Level_10_Granite…ranite_Wave_Engine.mp4:100% /10.778Mi, 31/s, 0s
 * 1.319.Level_10_Granite…_YouTube_Metadata.json:  0% /1.534Ki, 0/s, -
 * 1.319.Level_10_Granite…ngine/prompt_info.json:  0% /2.849Ki, 0/s, -

<6>INFO  : 
Transferred:   	    1.703 GiB / 2.490 GiB, 68%, 35 B/s, ETA 39w21h39m49s
Transferred:          686 / 1086, 63%
Elapsed time:    1h4m40.6s
Transferring:
 * 1.260.Level_10_Planeta…tary_Rail_Catapult.mp4:100% /9.544Mi, 39/s, 0s
 * 1.319.Level_10_Granite…ranite_Wave_Engine.mp4:100% /10.778Mi, 16/s, 0s
 * 1.319.Level_10_Granite…_YouTube_Metadata.json:  0% /1.534Ki, 0/s, -
 * 1.319.Level_10_Granite…ngine/prompt_info.json:  0% /2.849Ki, 0/s, -

<6>INFO  : 1.319.Level_10_Granite_Wave_Engine/1.319.Level_10_YouTube_Metadata.json: Copied (new)
<6>INFO  : 1.319.Level_10_Granite_Wave_Engine/prompt_info.json: Copied (new)
<6>INFO  : 1.319.Level_10_Granite_Wave_Engine/youtube_metadata.json: Copied (new)
<6>INFO  : 
Transferred:   	    1.703 GiB / 2.500 GiB, 68%, 325 B/s, ETA 4w2d9h15m16s
Transferred:          689 / 1086, 63%
Elapsed time:    1h4m50.6s
Transferring:
 * 1.260.Level_10_Planeta…tary_Rail_Catapult.mp4:  0% /9.544Mi, 0/s, -
 * 1.319.Level_10_Granite…ranite_Wave_Engine.mp4:100% /10.778Mi, 8/s, 0s
 * 1.324.Level_10_Rockfie…4.Level_10_Prompt.json:  0% /2.768Ki, 0/s, -
 * 1.324.Level_10_Rockfie…ield_Tectonic_Loom.mp4:  0% /10.102Mi, 0/s, -

<6>INFO  : 
Transferred:   	    1.703 GiB / 2.510 GiB, 68%, 307 B/s, ETA 4w4d14h15m59s
Transferred:          689 / 1086, 63%
Elapsed time:     1h5m0.6s
Transferring:
 * 1.260.Level_10_Planeta…tary_Rail_Catapult.mp4:  0% /9.544Mi, 0/s, -
 * 1.319.Level_10_Granite…ranite_Wave_Engine.mp4:  0% /10.778Mi, 0/s, -
 * 1.324.Level_10_Rockfie…4.Level_10_Prompt.json:  0% /2.768Ki, 0/s, -
 * 1.324.Level_10_Rockfie…ield_Tectonic_Loom.mp4:  0% /10.102Mi, 0/s, -

<6>INFO  : 
Transferred:   	    1.703 GiB / 2.510 GiB, 68%, 161 B/s, ETA 8w6d3h33m50s
Transferred:          689 / 1086, 63%
Elapsed time:    1h5m10.6s
Transferring:
 * 1.260.Level_10_Planeta…tary_Rail_Catapult.mp4:  0% /9.544Mi, 0/s, -
 * 1.319.Level_10_Granite…ranite_Wave_Engine.mp4:  0% /10.778Mi, 0/s, -
 * 1.324.Level_10_Rockfie…4.Level_10_Prompt.json:  0% /2.768Ki, 0/s, -
 * 1.324.Level_10_Rockfie…ield_Tectonic_Loom.mp4:  0% /10.102Mi, 0/s, -

<6>INFO  : 
Transferred:   	    1.703 GiB / 2.510 GiB, 68%, 84 B/s, ETA 16w6d11h59m49s
Transferred:          689 / 1086, 63%
Elapsed time:    1h5m20.6s
Transferring:
 * 1.260.Level_10_Planeta…tary_Rail_Catapult.mp4:  0% /9.544Mi, 0/s, -
 * 1.319.Level_10_Granite…ranite_Wave_Engine.mp4:  0% /10.778Mi, 0/s, -
 * 1.324.Level_10_Rockfie…4.Level_10_Prompt.json:  0% /2.768Ki, 0/s, -
 * 1.324.Level_10_Rockfie…ield_Tectonic_Loom.mp4:  0% /10.102Mi, 0/s, -

<6>INFO  : 
Transferred:   	    1.703 GiB / 2.510 GiB, 68%, 44 B/s, ETA 32w1d22h42m37s
Transferred:          689 / 1086, 63%
Elapsed time:    1h5m30.6s
Transferring:
 * 1.260.Level_10_Planeta…tary_Rail_Catapult.mp4:  0% /9.544Mi, 0/s, -
 * 1.319.Level_10_Granite…ranite_Wave_Engine.mp4:  0% /10.778Mi, 0/s, -
 * 1.324.Level_10_Rockfie…4.Level_10_Prompt.json:  0% /2.768Ki, 0/s, -
 * 1.324.Level_10_Rockfie…ield_Tectonic_Loom.mp4:  0% /10.102Mi, 0/s, -

<6>INFO  : 
Transferred:   	    1.703 GiB / 2.510 GiB, 68%, 23 B/s, ETA 1y9w2d19h35m51s
Transferred:          689 / 1086, 63%
Elapsed time:    1h5m40.6s
Transferring:
 * 1.260.Level_10_Planeta…tary_Rail_Catapult.mp4:  0% /9.544Mi, 0/s, -
 * 1.319.Level_10_Granite…ranite_Wave_Engine.mp4:  0% /10.778Mi, 0/s, -
 * 1.324.Level_10_Rockfie…4.Level_10_Prompt.json:  0% /2.768Ki, 0/s, -
 * 1.324.Level_10_Rockfie…ield_Tectonic_Loom.mp4:  0% /10.102Mi, 0/s, -

<6>INFO  : 1.324.Level_10_Rockfield_Tectonic_Loom/1.324.Level_10_Prompt.json: Copied (new)
<6>INFO  : 
Transferred:   	    1.730 GiB / 2.510 GiB, 69%, 189 B/s, ETA 7w2d4h32m59s
Transferred:          690 / 1086, 64%
Elapsed time:    1h5m50.6s
Transferring:
 * 1.260.Level_10_Planeta…tary_Rail_Catapult.mp4:100% /9.544Mi, 0/s, -
 * 1.319.Level_10_Granite…ranite_Wave_Engine.mp4: 74% /10.778Mi, 0/s, -
 * 1.324.Level_10_Rockfie…ield_Tectonic_Loom.mp4:100% /10.102Mi, 0/s, -
 * 1.324.Level_10_Rockfie…_YouTube_Metadata.json:100% /1.553Ki, 0/s, -

<6>INFO  : 1.260.Level_10_Planetary_Rail_Catapult/1.260.Level_10_Planetary_Rail_Catapult.mp4: Copied (new)
<6>INFO  : 1.324.Level_10_Rockfield_Tectonic_Loom/1.324.Level_10_YouTube_Metadata.json: Copied (new)
<6>INFO  : 1.324.Level_10_Rockfield_Tectonic_Loom/1.324.Level_10_Rockfield_Tectonic_Loom.mp4: Copied (new)
<6>INFO  : 1.319.Level_10_Granite_Wave_Engine/1.319.Level_10_Granite_Wave_Engine.mp4: Copied (new)
<6>INFO  : 1.324.Level_10_Rockfield_Tectonic_Loom/youtube_metadata.json: Copied (new)
<6>INFO  : 1.324.Level_10_Rockfield_Tectonic_Loom/prompt_info.json: Copied (new)
<6>INFO  : 1.325.Level_10_Obsidian_Horizon_Screw/1.325.Level_10_YouTube_Metadata.json: Copied (new)
<6>INFO  : 1.325.Level_10_Obsidian_Horizon_Screw/1.325.Level_10_Prompt.json: Copied (new)
<6>INFO  : 1.325.Level_10_Obsidian_Horizon_Screw/1.325.Level_10_Obsidian_Horizon_Screw.mp4: Copied (new)
<6>INFO  : 1.325.Level_10_Obsidian_Horizon_Screw/youtube_metadata.json: Copied (new)
<6>INFO  : 1.325.Level_10_Obsidian_Horizon_Screw/prompt_info.json: Copied (new)
<6>INFO  : 
Transferred:   	    1.750 GiB / 2.510 GiB, 70%, 1.939 MiB/s, ETA 6m41s
Transferred:          701 / 1086, 65%
Elapsed time:     1h6m0.6s
Transferring:
 * 1.330.Level_10_Blazing…lazing_Mass_Driver.mp4:100% /8.447Mi, 1.408Mi/s, 0s
 * 1.330.Level_10_Blazing…0.Level_10_Prompt.json:  0% /3.141Ki, 0/s, -
 * 1.330.Level_10_Blazing…_YouTube_Metadata.json:  0% /1.468Ki, 0/s, -
 * 1.330.Level_10_Blazing…river/prompt_info.json:  0% /3.141Ki, 0/s, -

<6>INFO  : 
Transferred:   	    1.750 GiB / 2.510 GiB, 70%, 1.017 MiB/s, ETA 12m45s
Transferred:          701 / 1086, 65%
Elapsed time:    1h6m10.6s
Transferring:
 * 1.330.Level_10_Blazing…lazing_Mass_Driver.mp4:100% /8.447Mi, 540.633Ki/s, 0s
 * 1.330.Level_10_Blazing…0.Level_10_Prompt.json:  0% /3.141Ki, 0/s, -
 * 1.330.Level_10_Blazing…_YouTube_Metadata.json:  0% /1.468Ki, 0/s, -
 * 1.330.Level_10_Blazing…river/prompt_info.json:  0% /3.141Ki, 0/s, -

<6>INFO  : 
Transferred:   	    1.750 GiB / 2.510 GiB, 70%, 546.021 KiB/s, ETA 24m18s
Transferred:          701 / 1086, 65%
Elapsed time:    1h6m20.6s
Transferring:
 * 1.330.Level_10_Blazing…lazing_Mass_Driver.mp4:100% /8.447Mi, 283.540Ki/s, 0s
 * 1.330.Level_10_Blazing…0.Level_10_Prompt.json:  0% /3.141Ki, 0/s, -
 * 1.330.Level_10_Blazing…_YouTube_Metadata.json:  0% /1.468Ki, 0/s, -
 * 1.330.Level_10_Blazing…river/prompt_info.json:  0% /3.141Ki, 0/s, -

<6>INFO  : 
Transferred:   	    1.750 GiB / 2.510 GiB, 70%, 286.366 KiB/s, ETA 46m21s
Transferred:          701 / 1086, 65%
Elapsed time:    1h6m30.6s
Transferring:
 * 1.330.Level_10_Blazing…lazing_Mass_Driver.mp4:100% /8.447Mi, 148.705Ki/s, 0s
 * 1.330.Level_10_Blazing…0.Level_10_Prompt.json:  0% /3.141Ki, 0/s, -
 * 1.330.Level_10_Blazing…_YouTube_Metadata.json:  0% /1.468Ki, 0/s, -
 * 1.330.Level_10_Blazing…river/prompt_info.json:  0% /3.141Ki, 0/s, -

<6>INFO  : 
Transferred:   	    1.750 GiB / 2.510 GiB, 70%, 150.188 KiB/s, ETA 1h28m23s
Transferred:          701 / 1086, 65%
Elapsed time:    1h6m40.6s
Transferring:
 * 1.330.Level_10_Blazing…lazing_Mass_Driver.mp4:100% /8.447Mi, 77.990Ki/s, 0s
 * 1.330.Level_10_Blazing…0.Level_10_Prompt.json:  0% /3.141Ki, 0/s, -
 * 1.330.Level_10_Blazing…_YouTube_Metadata.json:  0% /1.468Ki, 0/s, -
 * 1.330.Level_10_Blazing…river/prompt_info.json:  0% /3.141Ki, 0/s, -

<6>INFO  : 
Transferred:   	    1.750 GiB / 2.510 GiB, 70%, 78.767 KiB/s, ETA 2h48m32s
Transferred:          701 / 1086, 65%
Elapsed time:    1h6m50.6s
Transferring:
 * 1.330.Level_10_Blazing…lazing_Mass_Driver.mp4:100% /8.447Mi, 40.902Ki/s, 0s
 * 1.330.Level_10_Blazing…0.Level_10_Prompt.json:100% /3.141Ki, 201/s, 0s
 * 1.330.Level_10_Blazing…_YouTube_Metadata.json:100% /1.468Ki, 93/s, 0s
 * 1.330.Level_10_Blazing…river/prompt_info.json:100% /3.141Ki, 201/s, 0s

<6>INFO  : 1.330.Level_10_Blazing_Mass_Driver/1.330.Level_10_Prompt.json: Copied (new)
<6>INFO  : 1.330.Level_10_Blazing_Mass_Driver/prompt_info.json: Copied (new)
<6>INFO  : 1.330.Level_10_Blazing_Mass_Driver/1.330.Level_10_YouTube_Metadata.json: Copied (new)
<6>INFO  : 
Transferred:   	    1.750 GiB / 2.510 GiB, 70%, 41.656 KiB/s, ETA 5h18m41s
Transferred:          704 / 1086, 65%
Elapsed time:     1h7m0.6s
Transferring:
 * 1.330.Level_10_Blazing…lazing_Mass_Driver.mp4:100% /8.447Mi, 21.451Ki/s, 0s
 * 1.330.Level_10_Blazing…/youtube_metadata.json:  0% /1.468Ki, 0/s, -
 * 1.331.Level_10_Magma_R…ma_Reversal_Engine.mp4:  0% /8.713Mi, 0/s, -
 * 1.331.Level_10_Magma_R…1.Level_10_Prompt.json:  0% /3.151Ki, 0/s, -

<6>INFO  : 
Transferred:   	    1.750 GiB / 2.510 GiB, 70%, 21.847 KiB/s, ETA 10h7m39s
Transferred:          704 / 1086, 65%
Elapsed time:    1h7m10.6s
Transferring:
 * 1.330.Level_10_Blazing…lazing_Mass_Driver.mp4:100% /8.447Mi, 11.250Ki/s, 0s
 * 1.330.Level_10_Blazing…/youtube_metadata.json:  0% /1.468Ki, 0/s, -
 * 1.331.Level_10_Magma_R…ma_Reversal_Engine.mp4:  0% /8.713Mi, 0/s, -
 * 1.331.Level_10_Magma_R…1.Level_10_Prompt.json:  0% /3.151Ki, 0/s, -

<6>INFO  : 
Transferred:   	    1.750 GiB / 2.510 GiB, 70%, 11.458 KiB/s, ETA 19h18m37s
Transferred:          704 / 1086, 65%
Elapsed time:    1h7m20.6s
Transferring:
 * 1.330.Level_10_Blazing…lazing_Mass_Driver.mp4:100% /8.447Mi, 5.900Ki/s, 0s
 * 1.330.Level_10_Blazing…/youtube_metadata.json:  0% /1.468Ki, 0/s, -
 * 1.331.Level_10_Magma_R…ma_Reversal_Engine.mp4:  0% /8.713Mi, 0/s, -
 * 1.331.Level_10_Magma_R…1.Level_10_Prompt.json:  0% /3.151Ki, 0/s, -

<6>INFO  : 
Transferred:   	    1.750 GiB / 2.510 GiB, 70%, 6.009 KiB/s, ETA 1d12h49m9s
Transferred:          704 / 1086, 65%
Elapsed time:    1h7m30.6s
Transferring:
 * 1.330.Level_10_Blazing…lazing_Mass_Driver.mp4:100% /8.447Mi, 3.094Ki/s, 0s
 * 1.330.Level_10_Blazing…/youtube_metadata.json:  0% /1.468Ki, 0/s, -
 * 1.331.Level_10_Magma_R…ma_Reversal_Engine.mp4:  0% /8.713Mi, 0/s, -
 * 1.331.Level_10_Magma_R…1.Level_10_Prompt.json:  0% /3.151Ki, 0/s, -

<6>INFO  : 
Transferred:   	    1.750 GiB / 2.510 GiB, 70%, 3.151 KiB/s, ETA 2d22h12m15s
Transferred:          704 / 1086, 65%
Elapsed time:    1h7m40.6s
Transferring:
 * 1.330.Level_10_Blazing…lazing_Mass_Driver.mp4:100% /8.447Mi, 1.622Ki/s, 0s
 * 1.330.Level_10_Blazing…/youtube_metadata.json:  0% /1.468Ki, 0/s, -
 * 1.331.Level_10_Magma_R…ma_Reversal_Engine.mp4:  0% /8.713Mi, 0/s, -
 * 1.331.Level_10_Magma_R…1.Level_10_Prompt.json:  0% /3.151Ki, 0/s, -

<6>INFO  : 1.330.Level_10_Blazing_Mass_Driver/youtube_metadata.json: Copied (new)
<6>INFO  : 1.331.Level_10_Magma_Reversal_Engine/1.331.Level_10_Prompt.json: Copied (new)
<6>INFO  : 1.331.Level_10_Magma_Reversal_Engine/1.331.Level_10_YouTube_Metadata.json: Copied (new)
<6>INFO  : 1.331.Level_10_Magma_Reversal_Engine/1.331.Level_10_Magma_Reversal_Engine.mp4: Copied (new)
<6>INFO  : 
Transferred:   	    1.767 GiB / 2.518 GiB, 70%, 559.688 KiB/s, ETA 23m27s
Transferred:          708 / 1086, 65%
Elapsed time:    1h7m50.6s
Transferring:
 * 1.330.Level_10_Blazing…lazing_Mass_Driver.mp4:100% /8.447Mi, 4.000Mi/s, 0s
 * 1.331.Level_10_Magma_R…ngine/prompt_info.json:100% /3.151Ki, 0/s, -
 * 1.331.Level_10_Magma_R…/youtube_metadata.json:100% /1.572Ki, 0/s, -
 * 1.327.Level_10_Solar-F…7.Level_10_Prompt.json:  0% /2.837Ki, 0/s, -

<6>INFO  : 1.330.Level_10_Blazing_Mass_Driver/1.330.Level_10_Blazing_Mass_Driver.mp4: Copied (new)
<6>INFO  : 1.331.Level_10_Magma_Reversal_Engine/youtube_metadata.json: Copied (new)
<6>INFO  : 1.331.Level_10_Magma_Reversal_Engine/prompt_info.json: Copied (new)
<6>INFO  : 1.327.Level_10_Solar-Flare_Crucible/1.327.Level_10_Prompt.json: Copied (new)
<6>INFO  : 1.327.Level_10_Solar-Flare_Crucible/1.327.Level_10_YouTube_Metadata.json: Copied (new)
<6>INFO  : 1.327.Level_10_Solar-Flare_Crucible/prompt_info.json: Copied (new)
<6>INFO  : 1.327.Level_10_Solar-Flare_Crucible/1.327.Level_10_Solar-Flare_Crucible.mp4: Copied (new)
<6>INFO  : 1.327.Level_10_Solar-Flare_Crucible/youtube_metadata.json: Copied (new)
<6>INFO  : 
Transferred:   	    1.783 GiB / 2.518 GiB, 71%, 1.280 MiB/s, ETA 9m48s
Transferred:          716 / 1086, 66%
Elapsed time:     1h8m0.6s
Transferring:
 * 1.332.Level_10_Flame_C…10_Flame_Cyclotron.mp4:100% /9.308Mi, 1.164Mi/s, 0s
 * 1.332.Level_10_Flame_C…2.Level_10_Prompt.json:  0% /3.011Ki, 0/s, -
 * 1.332.Level_10_Flame_C…_YouTube_Metadata.json:  0% /1.578Ki, 0/s, -
 * 1.332.Level_10_Flame_C…otron/prompt_info.json:  0% /3.011Ki, 0/s, -

<6>INFO  : 
Transferred:   	    1.783 GiB / 2.518 GiB, 71%, 687.173 KiB/s, ETA 18m41s
Transferred:          716 / 1086, 66%
Elapsed time:    1h8m10.6s
Transferring:
 * 1.332.Level_10_Flame_C…10_Flame_Cyclotron.mp4:100% /9.308Mi, 523.595Ki/s, 0s
 * 1.332.Level_10_Flame_C…2.Level_10_Prompt.json:  0% /3.011Ki, 0/s, -
 * 1.332.Level_10_Flame_C…_YouTube_Metadata.json:  0% /1.578Ki, 0/s, -
 * 1.332.Level_10_Flame_C…otron/prompt_info.json:  0% /3.011Ki, 0/s, -

<6>INFO  : 
Transferred:   	    1.783 GiB / 2.518 GiB, 71%, 360.395 KiB/s, ETA 35m38s
Transferred:          716 / 1086, 66%
Elapsed time:    1h8m20.6s
Transferring:
 * 1.332.Level_10_Flame_C…10_Flame_Cyclotron.mp4:100% /9.308Mi, 274.604Ki/s, 0s
 * 1.332.Level_10_Flame_C…2.Level_10_Prompt.json:  0% /3.011Ki, 0/s, -
 * 1.332.Level_10_Flame_C…_YouTube_Metadata.json:  0% /1.578Ki, 0/s, -
 * 1.332.Level_10_Flame_C…otron/prompt_info.json:  0% /3.011Ki, 0/s, -

<6>INFO  : 
Transferred:   	    1.783 GiB / 2.518 GiB, 71%, 189.013 KiB/s, ETA 1h7m57s
Transferred:          716 / 1086, 66%
Elapsed time:    1h8m30.6s
Transferring:
 * 1.332.Level_10_Flame_C…10_Flame_Cyclotron.mp4:100% /9.308Mi, 144.019Ki/s, 0s
 * 1.332.Level_10_Flame_C…2.Level_10_Prompt.json:  0% /3.011Ki, 0/s, -
 * 1.332.Level_10_Flame_C…_YouTube_Metadata.json:  0% /1.578Ki, 0/s, -
 * 1.332.Level_10_Flame_C…otron/prompt_info.json:  0% /3.011Ki, 0/s, -

<6>INFO  : 
Transferred:   	    1.783 GiB / 2.518 GiB, 71%, 99.130 KiB/s, ETA 2h9m33s
Transferred:          716 / 1086, 66%
Elapsed time:    1h8m40.6s
Transferring:
 * 1.332.Level_10_Flame_C…10_Flame_Cyclotron.mp4:100% /9.308Mi, 75.532Ki/s, 0s
 * 1.332.Level_10_Flame_C…2.Level_10_Prompt.json:  0% /3.011Ki, 0/s, -
 * 1.332.Level_10_Flame_C…_YouTube_Metadata.json:  0% /1.578Ki, 0/s, -
 * 1.332.Level_10_Flame_C…otron/prompt_info.json:  0% /3.011Ki, 0/s, -

<6>INFO  : 1.332.Level_10_Flame_Cyclotron/1.332.Level_10_YouTube_Metadata.json: Copied (new)
<6>INFO  : 1.332.Level_10_Flame_Cyclotron/1.332.Level_10_Prompt.json: Copied (new)
<6>INFO  : 1.332.Level_10_Flame_Cyclotron/prompt_info.json: Copied (new)
<6>INFO  : 
Transferred:   	    1.783 GiB / 2.518 GiB, 71%, 52.391 KiB/s, ETA 4h5m8s
Transferred:          719 / 1086, 66%
Elapsed time:    1h8m50.6s
Transferring:
 * 1.332.Level_10_Flame_C…10_Flame_Cyclotron.mp4:100% /9.308Mi, 39.613Ki/s, 0s
 * 1.332.Level_10_Flame_C…/youtube_metadata.json:  0% /1.578Ki, 0/s, -
 * 1.333.Level_10_Thermal…3.Level_10_Prompt.json:  0% /2.872Ki, 0/s, -
 * 1.333.Level_10_Thermal…rmal_Tectonic_Jack.mp4:  0% /9.331Mi, 0/s, -

<6>INFO  : 1.333.Level_10_Thermal_Tectonic_Jack/1.333.Level_10_Prompt.json: Copied (new)
<6>INFO  : 1.332.Level_10_Flame_Cyclotron/youtube_metadata.json: Copied (new)
<6>INFO  : 
Transferred:   	    1.791 GiB / 2.527 GiB, 71%, 539.852 KiB/s, ETA 23m49s
Transferred:          721 / 1086, 66%
Elapsed time:     1h9m0.6s
Transferring:
 * 1.332.Level_10_Flame_C…10_Flame_Cyclotron.mp4:  0% /9.308Mi, 0/s, -
 * 1.333.Level_10_Thermal…rmal_Tectonic_Jack.mp4: 85% /9.331Mi, 682.665Ki/s, 1s
 * 1.333.Level_10_Thermal…_YouTube_Metadata.json:  0% /1.689Ki, 0/s, -
 * 1.333.Level_10_Thermal…_Jack/prompt_info.json:  0% /2.872Ki, 0/s, -

<6>INFO  : 
Transferred:   	    1.793 GiB / 2.527 GiB, 71%, 340.976 KiB/s, ETA 37m39s
Transferred:          721 / 1086, 66%
Elapsed time:    1h9m10.6s
Transferring:
 * 1.332.Level_10_Flame_C…10_Flame_Cyclotron.mp4:  0% /9.308Mi, 0/s, -
 * 1.333.Level_10_Thermal…rmal_Tectonic_Jack.mp4:100% /9.331Mi, 405.458Ki/s, 0s
 * 1.333.Level_10_Thermal…_YouTube_Metadata.json:  0% /1.689Ki, 0/s, -
 * 1.333.Level_10_Thermal…_Jack/prompt_info.json:  0% /2.872Ki, 0/s, -

<6>INFO  : 
Transferred:   	    1.793 GiB / 2.527 GiB, 71%, 178.828 KiB/s, ETA 1h11m48s
Transferred:          721 / 1086, 66%
Elapsed time:    1h9m20.6s
Transferring:
 * 1.332.Level_10_Flame_C…10_Flame_Cyclotron.mp4:  0% /9.308Mi, 0/s, -
 * 1.333.Level_10_Thermal…rmal_Tectonic_Jack.mp4:100% /9.331Mi, 212.646Ki/s, 0s
 * 1.333.Level_10_Thermal…_YouTube_Metadata.json:  0% /1.689Ki, 0/s, -
 * 1.333.Level_10_Thermal…_Jack/prompt_info.json:  0% /2.872Ki, 0/s, -

<6>INFO  : 
Transferred:   	    1.793 GiB / 2.527 GiB, 71%, 93.788 KiB/s, ETA 2h16m56s
Transferred:          721 / 1086, 66%
Elapsed time:    1h9m30.6s
Transferring:
 * 1.332.Level_10_Flame_C…10_Flame_Cyclotron.mp4:  0% /9.308Mi, 0/s, -
 * 1.333.Level_10_Thermal…rmal_Tectonic_Jack.mp4:100% /9.331Mi, 111.524Ki/s, 0s
 * 1.333.Level_10_Thermal…_YouTube_Metadata.json:  0% /1.689Ki, 0/s, -
 * 1.333.Level_10_Thermal…_Jack/prompt_info.json:  0% /2.872Ki, 0/s, -

<6>INFO  : 
Transferred:   	    1.793 GiB / 2.527 GiB, 71%, 49.188 KiB/s, ETA 4h21m5s
Transferred:          721 / 1086, 66%
Elapsed time:    1h9m40.6s
Transferring:
 * 1.332.Level_10_Flame_C…10_Flame_Cyclotron.mp4:  0% /9.308Mi, 0/s, -
 * 1.333.Level_10_Thermal…rmal_Tectonic_Jack.mp4:100% /9.331Mi, 58.490Ki/s, 0s
 * 1.333.Level_10_Thermal…_YouTube_Metadata.json:  0% /1.689Ki, 0/s, -
 * 1.333.Level_10_Thermal…_Jack/prompt_info.json:  0% /2.872Ki, 0/s, -

<6>INFO  : 
Transferred:   	    1.793 GiB / 2.527 GiB, 71%, 25.797 KiB/s, ETA 8h17m50s
Transferred:          721 / 1086, 66%
Elapsed time:    1h9m50.6s
Transferring:
 * 1.332.Level_10_Flame_C…10_Flame_Cyclotron.mp4:  0% /9.308Mi, 0/s, -
 * 1.333.Level_10_Thermal…rmal_Tectonic_Jack.mp4:100% /9.331Mi, 30.676Ki/s, 0s
 * 1.333.Level_10_Thermal…_YouTube_Metadata.json:  0% /1.689Ki, 0/s, -
 * 1.333.Level_10_Thermal…_Jack/prompt_info.json:  0% /2.872Ki, 0/s, -

<6>INFO  : 1.333.Level_10_Thermal_Tectonic_Jack/1.333.Level_10_YouTube_Metadata.json: Copied (new)
<6>INFO  : 1.333.Level_10_Thermal_Tectonic_Jack/prompt_info.json: Copied (new)
<6>INFO  : 
Transferred:   	    1.802 GiB / 2.527 GiB, 71%, 478.227 KiB/s, ETA 26m31s
Transferred:          723 / 1086, 67%
Elapsed time:    1h10m0.6s
Transferring:
 * 1.332.Level_10_Flame_C…10_Flame_Cyclotron.mp4:100% /9.308Mi, 464.503Ki/s, 0s
 * 1.333.Level_10_Thermal…rmal_Tectonic_Jack.mp4:100% /9.331Mi, 16.088Ki/s, 0s
 * 1.333.Level_10_Thermal…/youtube_metadata.json:  0% /1.689Ki, 0/s, -
 * 1.334.Level_10_Ash_Vor…_Ash_Vortex_Engine.mp4:  0% /6.745Mi, 0/s, -

<6>INFO  : 
Transferred:   	    1.802 GiB / 2.527 GiB, 71%, 250.811 KiB/s, ETA 50m34s
Transferred:          723 / 1086, 67%
Elapsed time:   1h10m10.6s
Transferring:
 * 1.332.Level_10_Flame_C…10_Flame_Cyclotron.mp4:100% /9.308Mi, 243.613Ki/s, 0s
 * 1.333.Level_10_Thermal…rmal_Tectonic_Jack.mp4:100% /9.331Mi, 8.438Ki/s, 0s
 * 1.333.Level_10_Thermal…/youtube_metadata.json:  0% /1.689Ki, 0/s, -
 * 1.334.Level_10_Ash_Vor…_Ash_Vortex_Engine.mp4:  0% /6.745Mi, 0/s, -

<6>INFO  : 
Transferred:   	    1.802 GiB / 2.527 GiB, 71%, 131.540 KiB/s, ETA 1h36m25s
Transferred:          723 / 1086, 67%
Elapsed time:   1h10m20.6s
Transferring:
 * 1.332.Level_10_Flame_C…10_Flame_Cyclotron.mp4:100% /9.308Mi, 127.766Ki/s, 0s
 * 1.333.Level_10_Thermal…rmal_Tectonic_Jack.mp4:100% /9.331Mi, 4.425Ki/s, 0s
 * 1.333.Level_10_Thermal…/youtube_metadata.json:  0% /1.689Ki, 0/s, -
 * 1.334.Level_10_Ash_Vor…_Ash_Vortex_Engine.mp4:  0% /6.745Mi, 0/s, -

<6>INFO  : 
Transferred:   	    1.802 GiB / 2.527 GiB, 71%, 68.987 KiB/s, ETA 3h3m51s
Transferred:          723 / 1086, 67%
Elapsed time:   1h10m30.6s
Transferring:
 * 1.332.Level_10_Flame_C…10_Flame_Cyclotron.mp4:100% /9.308Mi, 67.008Ki/s, 0s
 * 1.333.Level_10_Thermal…rmal_Tectonic_Jack.mp4:100% /9.331Mi, 2.320Ki/s, 0s
 * 1.333.Level_10_Thermal…/youtube_metadata.json:  0% /1.689Ki, 0/s, -
 * 1.334.Level_10_Ash_Vor…_Ash_Vortex_Engine.mp4:  0% /6.745Mi, 0/s, -

<6>INFO  : 
Transferred:   	    1.802 GiB / 2.527 GiB, 71%, 36.181 KiB/s, ETA 5h50m33s
Transferred:          723 / 1086, 67%
Elapsed time:   1h10m40.6s
Transferring:
 * 1.332.Level_10_Flame_C…10_Flame_Cyclotron.mp4:100% /9.308Mi, 35.143Ki/s, 0s
 * 1.333.Level_10_Thermal…rmal_Tectonic_Jack.mp4:100% /9.331Mi, 1.217Ki/s, 0s
 * 1.333.Level_10_Thermal…/youtube_metadata.json:  0% /1.689Ki, 0/s, -
 * 1.334.Level_10_Ash_Vor…_Ash_Vortex_Engine.mp4:  0% /6.745Mi, 0/s, -

<6>INFO  : 
Transferred:   	    1.802 GiB / 2.527 GiB, 71%, 18.976 KiB/s, ETA 11h8m25s
Transferred:          723 / 1086, 67%
Elapsed time:   1h10m50.6s
Transferring:
 * 1.332.Level_10_Flame_C…10_Flame_Cyclotron.mp4:100% /9.308Mi, 18.431Ki/s, 0s
 * 1.333.Level_10_Thermal…rmal_Tectonic_Jack.mp4:100% /9.331Mi, 653/s, 0s
 * 1.333.Level_10_Thermal…/youtube_metadata.json:  0% /1.689Ki, 0/s, -
 * 1.334.Level_10_Ash_Vor…_Ash_Vortex_Engine.mp4:  0% /6.745Mi, 0/s, -

<6>INFO  : 
Transferred:   	    1.802 GiB / 2.527 GiB, 71%, 9.951 KiB/s, ETA 21h14m30s
Transferred:          723 / 1086, 67%
Elapsed time:    1h11m0.6s
Transferring:
 * 1.332.Level_10_Flame_C…10_Flame_Cyclotron.mp4:100% /9.308Mi, 9.666Ki/s, 0s
 * 1.333.Level_10_Thermal…rmal_Tectonic_Jack.mp4:100% /9.331Mi, 342/s, 0s
 * 1.333.Level_10_Thermal…/youtube_metadata.json:  0% /1.689Ki, 0/s, -
 * 1.334.Level_10_Ash_Vor…_Ash_Vortex_Engine.mp4:  0% /6.745Mi, 0/s, -

<6>INFO  : 
Transferred:   	    1.802 GiB / 2.527 GiB, 71%, 5.219 KiB/s, ETA 1d16h30m7s
Transferred:          723 / 1086, 67%
Elapsed time:   1h11m10.6s
Transferring:
 * 1.332.Level_10_Flame_C…10_Flame_Cyclotron.mp4:100% /9.308Mi, 5.069Ki/s, 0s
 * 1.333.Level_10_Thermal…rmal_Tectonic_Jack.mp4:100% /9.331Mi, 179/s, 0s
 * 1.333.Level_10_Thermal…/youtube_metadata.json:  0% /1.689Ki, 0/s, -
 * 1.334.Level_10_Ash_Vor…_Ash_Vortex_Engine.mp4:  0% /6.745Mi, 0/s, -

<6>INFO  : 
Transferred:   	    1.802 GiB / 2.527 GiB, 71%, 2.737 KiB/s, ETA 3d5h13m34s
Transferred:          723 / 1086, 67%
Elapsed time:   1h11m20.6s
Transferring:
 * 1.332.Level_10_Flame_C…10_Flame_Cyclotron.mp4:100% /9.308Mi, 2.658Ki/s, 0s
 * 1.333.Level_10_Thermal…rmal_Tectonic_Jack.mp4:100% /9.331Mi, 94/s, 0s
 * 1.333.Level_10_Thermal…/youtube_metadata.json:  0% /1.689Ki, 0/s, -
 * 1.334.Level_10_Ash_Vor…_Ash_Vortex_Engine.mp4:  0% /6.745Mi, 0/s, -

<6>INFO  : 
Transferred:   	    1.802 GiB / 2.527 GiB, 71%, 1.436 KiB/s, ETA 6d3h14m56s
Transferred:          723 / 1086, 67%
Elapsed time:   1h11m30.6s
Transferring:
 * 1.332.Level_10_Flame_C…10_Flame_Cyclotron.mp4:100% /9.308Mi, 1.394Ki/s, 0s
 * 1.333.Level_10_Thermal…rmal_Tectonic_Jack.mp4:100% /9.331Mi, 49/s, 0s
 * 1.333.Level_10_Thermal…/youtube_metadata.json:  0% /1.689Ki, 0/s, -
 * 1.334.Level_10_Ash_Vor…_Ash_Vortex_Engine.mp4:  0% /6.745Mi, 0/s, -

<6>INFO  : 
Transferred:   	    1.802 GiB / 2.527 GiB, 71%, 771 B/s, ETA 1w4d16h45m46s
Transferred:          723 / 1086, 67%
Elapsed time:   1h11m40.6s
Transferring:
 * 1.332.Level_10_Flame_C…10_Flame_Cyclotron.mp4:100% /9.308Mi, 748/s, 0s
 * 1.333.Level_10_Thermal…rmal_Tectonic_Jack.mp4:100% /9.331Mi, 25/s, 0s
 * 1.333.Level_10_Thermal…/youtube_metadata.json:  0% /1.689Ki, 0/s, -
 * 1.334.Level_10_Ash_Vor…_Ash_Vortex_Engine.mp4:  0% /6.745Mi, 0/s, -

<6>INFO  : 
Transferred:   	    1.802 GiB / 2.527 GiB, 71%, 404 B/s, ETA 3w1d7h20m12s
Transferred:          723 / 1086, 67%
Elapsed time:   1h11m50.6s
Transferring:
 * 1.332.Level_10_Flame_C…10_Flame_Cyclotron.mp4:100% /9.308Mi, 392/s, 0s
 * 1.333.Level_10_Thermal…rmal_Tectonic_Jack.mp4:100% /9.331Mi, 13/s, 0s
 * 1.333.Level_10_Thermal…/youtube_metadata.json:  0% /1.689Ki, 0/s, -
 * 1.334.Level_10_Ash_Vor…_Ash_Vortex_Engine.mp4:  0% /6.745Mi, 0/s, -

<6>INFO  : 
Transferred:   	    1.802 GiB / 2.527 GiB, 71%, 212 B/s, ETA 6w12h44m17s
Transferred:          723 / 1086, 67%
Elapsed time:    1h12m0.6s
Transferring:
 * 1.332.Level_10_Flame_C…10_Flame_Cyclotron.mp4:100% /9.308Mi, 205/s, 0s
 * 1.333.Level_10_Thermal…rmal_Tectonic_Jack.mp4:100% /9.331Mi, 7/s, 0s
 * 1.333.Level_10_Thermal…/youtube_metadata.json:  0% /1.689Ki, 0/s, -
 * 1.334.Level_10_Ash_Vor…_Ash_Vortex_Engine.mp4:  0% /6.745Mi, 0/s, -

<6>INFO  : 
Transferred:   	    1.802 GiB / 2.527 GiB, 71%, 111 B/s, ETA 11w4d2h15m48s
Transferred:          723 / 1086, 67%
Elapsed time:   1h12m10.6s
Transferring:
 * 1.332.Level_10_Flame_C…10_Flame_Cyclotron.mp4:100% /9.308Mi, 108/s, 0s
 * 1.333.Level_10_Thermal…rmal_Tectonic_Jack.mp4:100% /9.331Mi, 3/s, 0s
 * 1.333.Level_10_Thermal…/youtube_metadata.json:  0% /1.689Ki, 0/s, -
 * 1.334.Level_10_Ash_Vor…_Ash_Vortex_Engine.mp4:  0% /6.745Mi, 0/s, -

<6>INFO  : 
Transferred:   	    1.802 GiB / 2.527 GiB, 71%, 58 B/s, ETA 22w14h58m55s
Transferred:          723 / 1086, 67%
Elapsed time:   1h12m20.6s
Transferring:
 * 1.332.Level_10_Flame_C…10_Flame_Cyclotron.mp4:100% /9.308Mi, 56/s, 0s
 * 1.333.Level_10_Thermal…rmal_Tectonic_Jack.mp4:100% /9.331Mi, 1/s, 0s
 * 1.333.Level_10_Thermal…/youtube_metadata.json:  0% /1.689Ki, 0/s, -
 * 1.334.Level_10_Ash_Vor…_Ash_Vortex_Engine.mp4:  0% /6.745Mi, 0/s, -

<6>INFO  : 
Transferred:   	    1.802 GiB / 2.527 GiB, 71%, 30 B/s, ETA 42w19h48m31s
Transferred:          723 / 1086, 67%
Elapsed time:   1h12m30.6s
Transferring:
 * 1.332.Level_10_Flame_C…10_Flame_Cyclotron.mp4:100% /9.308Mi, 29/s, 0s
 * 1.333.Level_10_Thermal…rmal_Tectonic_Jack.mp4:100% /9.331Mi, 1/s, 0s
 * 1.333.Level_10_Thermal…/youtube_metadata.json:  0% /1.689Ki, 0/s, -
 * 1.334.Level_10_Ash_Vor…_Ash_Vortex_Engine.mp4:  0% /6.745Mi, 0/s, -

<6>INFO  : 
Transferred:   	    1.802 GiB / 2.527 GiB, 71%, 16 B/s, ETA 1y28w1d3h35m44s
Transferred:          723 / 1086, 67%
Elapsed time:   1h12m40.6s
Transferring:
 * 1.332.Level_10_Flame_C…10_Flame_Cyclotron.mp4:100% /9.308Mi, 15/s, 0s
 * 1.333.Level_10_Thermal…rmal_Tectonic_Jack.mp4:100% /9.331Mi, 0/s, 0s
 * 1.333.Level_10_Thermal…/youtube_metadata.json:  0% /1.689Ki, 0/s, -
 * 1.334.Level_10_Ash_Vor…_Ash_Vortex_Engine.mp4:  0% /6.745Mi, 0/s, -

<6>INFO  : 1.334.Level_10_Ash_Vortex_Engine/1.334.Level_10_Ash_Vortex_Engine.mp4: Copied (new)
<6>INFO  : 1.333.Level_10_Thermal_Tectonic_Jack/youtube_metadata.json: Copied (new)
<6>INFO  : 1.334.Level_10_Ash_Vortex_Engine/1.334.Level_10_Prompt.json: Copied (new)
<6>INFO  : 
Transferred:   	    1.808 GiB / 2.537 GiB, 71%, 404.990 KiB/s, ETA 31m25s
Transferred:          726 / 1086, 67%
Elapsed time:   1h12m50.6s
Transferring:
 * 1.332.Level_10_Flame_C…10_Flame_Cyclotron.mp4:100% /9.308Mi, 8/s, 0s
 * 1.333.Level_10_Thermal…rmal_Tectonic_Jack.mp4:  0% /9.331Mi, 0/s, -
 * 1.334.Level_10_Ash_Vor…_YouTube_Metadata.json:  0% /1.498Ki, 0/s, -
 * 1.334.Level_10_Ash_Vor…ngine/prompt_info.json:  0% /2.805Ki, 0/s, -

<6>INFO  : 1.334.Level_10_Ash_Vortex_Engine/1.334.Level_10_YouTube_Metadata.json: Copied (new)
<6>INFO  : 1.333.Level_10_Thermal_Tectonic_Jack/1.333.Level_10_Thermal_Tectonic_Jack.mp4: Copied (new)
<6>INFO  : 1.334.Level_10_Ash_Vortex_Engine/youtube_metadata.json: Copied (new)
<6>INFO  : 
Transferred:   	    1.817 GiB / 2.546 GiB, 71%, 572.378 KiB/s, ETA 22m14s
Transferred:          729 / 1086, 67%
Elapsed time:    1h13m0.6s
Transferring:
 * 1.332.Level_10_Flame_C…10_Flame_Cyclotron.mp4:  0% /9.308Mi, 0/s, -
 * 1.334.Level_10_Ash_Vor…ngine/prompt_info.json:  0% /2.805Ki, 0/s, -
 * 1.314.Level_10_Feather…ather_Gravity_Loom.mp4:  0% /9.524Mi, 0/s, -
 * 1.314.Level_10_Feather…4.Level_10_Prompt.json:  0% /2.882Ki, 0/s, -

<6>INFO  : 
Transferred:   	    1.817 GiB / 2.546 GiB, 71%, 300.189 KiB/s, ETA 42m23s
Transferred:          729 / 1086, 67%
Elapsed time:   1h13m10.6s
Transferring:
 * 1.332.Level_10_Flame_C…10_Flame_Cyclotron.mp4:  0% /9.308Mi, 0/s, -
 * 1.334.Level_10_Ash_Vor…ngine/prompt_info.json:  0% /2.805Ki, 0/s, -
 * 1.314.Level_10_Feather…ather_Gravity_Loom.mp4:  0% /9.524Mi, 0/s, -
 * 1.314.Level_10_Feather…4.Level_10_Prompt.json:  0% /2.882Ki, 0/s, -

<6>INFO  : 
Transferred:   	    1.817 GiB / 2.546 GiB, 71%, 157.438 KiB/s, ETA 1h20m50s
Transferred:          729 / 1086, 67%
Elapsed time:   1h13m20.6s
Transferring:
 * 1.332.Level_10_Flame_C…10_Flame_Cyclotron.mp4:  0% /9.308Mi, 0/s, -
 * 1.334.Level_10_Ash_Vor…ngine/prompt_info.json:  0% /2.805Ki, 0/s, -
 * 1.314.Level_10_Feather…ather_Gravity_Loom.mp4:  0% /9.524Mi, 0/s, -
 * 1.314.Level_10_Feather…4.Level_10_Prompt.json:  0% /2.882Ki, 0/s, -

<6>INFO  : 
Transferred:   	    1.817 GiB / 2.546 GiB, 71%, 82.569 KiB/s, ETA 2h34m8s
Transferred:          729 / 1086, 67%
Elapsed time:   1h13m30.6s
Transferring:
 * 1.332.Level_10_Flame_C…10_Flame_Cyclotron.mp4:  0% /9.308Mi, 0/s, -
 * 1.334.Level_10_Ash_Vor…ngine/prompt_info.json:  0% /2.805Ki, 0/s, -
 * 1.314.Level_10_Feather…ather_Gravity_Loom.mp4:  0% /9.524Mi, 0/s, -
 * 1.314.Level_10_Feather…4.Level_10_Prompt.json:  0% /2.882Ki, 0/s, -

<6>INFO  : 
Transferred:   	    1.817 GiB / 2.546 GiB, 71%, 43.304 KiB/s, ETA 4h53m54s
Transferred:          729 / 1086, 67%
Elapsed time:   1h13m40.6s
Transferring:
 * 1.332.Level_10_Flame_C…10_Flame_Cyclotron.mp4:  0% /9.308Mi, 0/s, -
 * 1.334.Level_10_Ash_Vor…ngine/prompt_info.json:  0% /2.805Ki, 0/s, -
 * 1.314.Level_10_Feather…ather_Gravity_Loom.mp4:  0% /9.524Mi, 0/s, -
 * 1.314.Level_10_Feather…4.Level_10_Prompt.json:  0% /2.882Ki, 0/s, -

<6>INFO  : 
Transferred:   	    1.817 GiB / 2.546 GiB, 71%, 22.711 KiB/s, ETA 9h20m23s
Transferred:          729 / 1086, 67%
Elapsed time:   1h13m50.6s
Transferring:
 * 1.332.Level_10_Flame_C…10_Flame_Cyclotron.mp4:  0% /9.308Mi, 0/s, -
 * 1.334.Level_10_Ash_Vor…ngine/prompt_info.json:  0% /2.805Ki, 0/s, -
 * 1.314.Level_10_Feather…ather_Gravity_Loom.mp4:  0% /9.524Mi, 0/s, -
 * 1.314.Level_10_Feather…4.Level_10_Prompt.json:  0% /2.882Ki, 0/s, -

<6>INFO  : 
Transferred:   	    1.826 GiB / 2.546 GiB, 72%, 512.286 KiB/s, ETA 24m32s
Transferred:          729 / 1086, 67%
Elapsed time:    1h14m0.6s
Transferring:
 * 1.332.Level_10_Flame_C…10_Flame_Cyclotron.mp4:100% /9.308Mi, 495.470Ki/s, 0s
 * 1.334.Level_10_Ash_Vor…ngine/prompt_info.json:  0% /2.805Ki, 0/s, -
 * 1.314.Level_10_Feather…ather_Gravity_Loom.mp4:  0% /9.524Mi, 0/s, -
 * 1.314.Level_10_Feather…4.Level_10_Prompt.json:  0% /2.882Ki, 0/s, -

<6>INFO  : 
Transferred:   	    1.826 GiB / 2.546 GiB, 72%, 268.674 KiB/s, ETA 46m46s
Transferred:          729 / 1086, 67%
Elapsed time:   1h14m10.6s
Transferring:
 * 1.332.Level_10_Flame_C…10_Flame_Cyclotron.mp4:100% /9.308Mi, 259.854Ki/s, 0s
 * 1.334.Level_10_Ash_Vor…ngine/prompt_info.json:  0% /2.805Ki, 0/s, -
 * 1.314.Level_10_Feather…ather_Gravity_Loom.mp4:  0% /9.524Mi, 0/s, -
 * 1.314.Level_10_Feather…4.Level_10_Prompt.json:  0% /2.882Ki, 0/s, -

<6>INFO  : 
Transferred:   	    1.826 GiB / 2.546 GiB, 72%, 140.908 KiB/s, ETA 1h29m11s
Transferred:          729 / 1086, 67%
Elapsed time:   1h14m20.6s
Transferring:
 * 1.332.Level_10_Flame_C…10_Flame_Cyclotron.mp4:100% /9.308Mi, 136.283Ki/s, 0s
 * 1.334.Level_10_Ash_Vor…ngine/prompt_info.json:  0% /2.805Ki, 0/s, -
 * 1.314.Level_10_Feather…ather_Gravity_Loom.mp4:  0% /9.524Mi, 0/s, -
 * 1.314.Level_10_Feather…4.Level_10_Prompt.json:  0% /2.882Ki, 0/s, -

<6>INFO  : 
Transferred:   	    1.826 GiB / 2.546 GiB, 72%, 73.900 KiB/s, ETA 2h50m4s
Transferred:          729 / 1086, 67%
Elapsed time:   1h14m30.6s
Transferring:
 * 1.332.Level_10_Flame_C…10_Flame_Cyclotron.mp4:100% /9.308Mi, 71.475Ki/s, 0s
 * 1.334.Level_10_Ash_Vor…ngine/prompt_info.json:  0% /2.805Ki, 0/s, -
 * 1.314.Level_10_Feather…ather_Gravity_Loom.mp4:  0% /9.524Mi, 0/s, -
 * 1.314.Level_10_Feather…4.Level_10_Prompt.json:  0% /2.882Ki, 0/s, -

<6>INFO  : 
Transferred:   	    1.826 GiB / 2.546 GiB, 72%, 38.758 KiB/s, ETA 5h24m17s
Transferred:          729 / 1086, 67%
Elapsed time:   1h14m40.6s
Transferring:
 * 1.332.Level_10_Flame_C…10_Flame_Cyclotron.mp4:100% /9.308Mi, 37.485Ki/s, 0s
 * 1.334.Level_10_Ash_Vor…ngine/prompt_info.json:  0% /2.805Ki, 0/s, -
 * 1.314.Level_10_Feather…ather_Gravity_Loom.mp4:  0% /9.524Mi, 0/s, -
 * 1.314.Level_10_Feather…4.Level_10_Prompt.json:  0% /2.882Ki, 0/s, -

<6>INFO  : 
Transferred:   	    1.826 GiB / 2.546 GiB, 72%, 20.327 KiB/s, ETA 10h18m19s
Transferred:          729 / 1086, 67%
Elapsed time:   1h14m50.6s
Transferring:
 * 1.332.Level_10_Flame_C…10_Flame_Cyclotron.mp4:100% /9.308Mi, 19.659Ki/s, 0s
 * 1.334.Level_10_Ash_Vor…ngine/prompt_info.json:  0% /2.805Ki, 0/s, -
 * 1.314.Level_10_Feather…ather_Gravity_Loom.mp4:  0% /9.524Mi, 0/s, -
 * 1.314.Level_10_Feather…4.Level_10_Prompt.json:  0% /2.882Ki, 0/s, -

<6>INFO  : 
Transferred:   	    1.826 GiB / 2.546 GiB, 72%, 10.660 KiB/s, ETA 19h38m57s
Transferred:          729 / 1086, 67%
Elapsed time:    1h15m0.6s
Transferring:
 * 1.332.Level_10_Flame_C…10_Flame_Cyclotron.mp4:100% /9.308Mi, 10.311Ki/s, 0s
 * 1.334.Level_10_Ash_Vor…ngine/prompt_info.json:  0% /2.805Ki, 0/s, -
 * 1.314.Level_10_Feather…ather_Gravity_Loom.mp4:  0% /9.524Mi, 0/s, -
 * 1.314.Level_10_Feather…4.Level_10_Prompt.json:  0% /2.882Ki, 0/s, -

<6>INFO  : 
Transferred:   	    1.826 GiB / 2.546 GiB, 72%, 5.702 KiB/s, ETA 1d12h43m58s
Transferred:          729 / 1086, 67%
Elapsed time:   1h15m10.6s
Transferring:
 * 1.332.Level_10_Flame_C…10_Flame_Cyclotron.mp4:100% /9.308Mi, 5.407Ki/s, 0s
 * 1.334.Level_10_Ash_Vor…ngine/prompt_info.json:  0% /2.805Ki, 0/s, -
 * 1.314.Level_10_Feather…ather_Gravity_Loom.mp4:  0% /9.524Mi, 0/s, -
 * 1.314.Level_10_Feather…4.Level_10_Prompt.json:  0% /2.882Ki, 0/s, -

<6>INFO  : 
Transferred:   	    1.826 GiB / 2.546 GiB, 72%, 2.990 KiB/s, ETA 2d22h2m21s
Transferred:          729 / 1086, 67%
Elapsed time:   1h15m20.6s
Transferring:
 * 1.332.Level_10_Flame_C…10_Flame_Cyclotron.mp4:100% /9.308Mi, 2.836Ki/s, 0s
 * 1.334.Level_10_Ash_Vor…ngine/prompt_info.json:  0% /2.805Ki, 0/s, -
 * 1.314.Level_10_Feather…ather_Gravity_Loom.mp4:  0% /9.524Mi, 0/s, -
 * 1.314.Level_10_Feather…4.Level_10_Prompt.json:  0% /2.882Ki, 0/s, -

<6>INFO  : 
Transferred:   	    1.826 GiB / 2.546 GiB, 72%, 1.568 KiB/s, ETA 5d13h32m43s
Transferred:          729 / 1086, 67%
Elapsed time:   1h15m30.6s
Transferring:
 * 1.332.Level_10_Flame_C…10_Flame_Cyclotron.mp4:100% /9.308Mi, 1.487Ki/s, 0s
 * 1.334.Level_10_Ash_Vor…ngine/prompt_info.json:  0% /2.805Ki, 0/s, -
 * 1.314.Level_10_Feather…ather_Gravity_Loom.mp4:  0% /9.524Mi, 0/s, -
 * 1.314.Level_10_Feather…4.Level_10_Prompt.json:  0% /2.882Ki, 0/s, -

<6>INFO  : 
Transferred:   	    1.826 GiB / 2.546 GiB, 72%, 842 B/s, ETA 1w3d14h38m1s
Transferred:          729 / 1086, 67%
Elapsed time:   1h15m40.6s
Transferring:
 * 1.332.Level_10_Flame_C…10_Flame_Cyclotron.mp4:100% /9.308Mi, 798/s, 0s
 * 1.334.Level_10_Ash_Vor…ngine/prompt_info.json:  0% /2.805Ki, 0/s, -
 * 1.314.Level_10_Feather…ather_Gravity_Loom.mp4:  0% /9.524Mi, 0/s, -
 * 1.314.Level_10_Feather…4.Level_10_Prompt.json:  0% /2.882Ki, 0/s, -

<6>INFO  : 1.314.Level_10_Feather_Gravity_Loom/1.314.Level_10_Prompt.json: Copied (new)
<6>INFO  : 1.334.Level_10_Ash_Vortex_Engine/prompt_info.json: Copied (new)
<6>INFO  : 1.314.Level_10_Feather_Gravity_Loom/1.314.Level_10_YouTube_Metadata.json: Copied (new)
<6>INFO  : 
Transferred:   	    1.836 GiB / 2.555 GiB, 72%, 480.822 KiB/s, ETA 26m7s
Transferred:          732 / 1086, 67%
Elapsed time:   1h15m50.6s
Transferring:
 * 1.332.Level_10_Flame_C…10_Flame_Cyclotron.mp4:  0% /9.308Mi, 0/s, -
 * 1.314.Level_10_Feather…ather_Gravity_Loom.mp4:100% /9.524Mi, 480Ki/s, 0s
 * 1.314.Level_10_Feather…_Loom/prompt_info.json:  0% /2.882Ki, 0/s, -
 * 1.314.Level_10_Feather…/youtube_metadata.json:  0% /1.159Ki, 0/s, -

<6>INFO  : 1.314.Level_10_Feather_Gravity_Loom/1.314.Level_10_Feather_Gravity_Loom.mp4: Copied (new)
<6>INFO  : 1.314.Level_10_Feather_Gravity_Loom/youtube_metadata.json: Copied (new)
<6>INFO  : 1.314.Level_10_Feather_Gravity_Loom/prompt_info.json: Copied (new)
<6>INFO  : 1.332.Level_10_Flame_Cyclotron/1.332.Level_10_Flame_Cyclotron.mp4: Copied (new)
<6>INFO  : 1.315.Level_10_Feather_Planetary_Pulse/prompt_info.json: Copied (new)
<6>INFO  : 1.315.Level_10_Feather_Planetary_Pulse/1.315.Level_10_Prompt.json: Copied (new)
<6>INFO  : 1.315.Level_10_Feather_Planetary_Pulse/1.315.Level_10_YouTube_Metadata.json: Copied (new)
<6>INFO  : 1.315.Level_10_Feather_Planetary_Pulse/1.315.Level_10_Feather_Planetary_Pulse.mp4: Copied (new)
<6>INFO  : 1.315.Level_10_Feather_Planetary_Pulse/youtube_metadata.json: Copied (new)
<6>INFO  : 1.145.Level_10_The_Avalanche_Kinetic_Dam/1.145.Level_10_Prompt.json: Copied (new)
<6>INFO  : 
Transferred:   	    1.867 GiB / 2.555 GiB, 73%, 1.631 MiB/s, ETA 7m11s
Transferred:          742 / 1086, 68%
Elapsed time:    1h16m0.6s
Transferring:
 * 1.145.Level_10_The_Ava…lanche_Kinetic_Dam.mp4:100% /12.291Mi, 1.756Mi/s, 0s
 * 1.145.Level_10_The_Ava…_YouTube_Metadata.json:  0% /826, 0/s, -
 * 1.145.Level_10_The_Ava…c_Dam/prompt_info.json:  0% /2.644Ki, 0/s, -
 * 1.145.Level_10_The_Ava…/youtube_metadata.json:  0% /826, 0/s, -

<6>INFO  : 
Transferred:   	    1.867 GiB / 2.555 GiB, 73%, 875.757 KiB/s, ETA 13m43s
Transferred:          742 / 1086, 68%
Elapsed time:   1h16m10.6s
Transferring:
 * 1.145.Level_10_The_Ava…lanche_Kinetic_Dam.mp4:100% /12.291Mi, 737.436Ki/s, 0s
 * 1.145.Level_10_The_Ava…_YouTube_Metadata.json:  0% /826, 0/s, -
 * 1.145.Level_10_The_Ava…c_Dam/prompt_info.json:  0% /2.644Ki, 0/s, -
 * 1.145.Level_10_The_Ava…/youtube_metadata.json:  0% /826, 0/s, -

<6>INFO  : 
Transferred:   	    1.867 GiB / 2.555 GiB, 73%, 459.300 KiB/s, ETA 26m9s
Transferred:          742 / 1086, 68%
Elapsed time:   1h16m20.6s
Transferring:
 * 1.145.Level_10_The_Ava…lanche_Kinetic_Dam.mp4:100% /12.291Mi, 386.756Ki/s, 0s
 * 1.145.Level_10_The_Ava…_YouTube_Metadata.json:  0% /826, 0/s, -
 * 1.145.Level_10_The_Ava…c_Dam/prompt_info.json:  0% /2.644Ki, 0/s, -
 * 1.145.Level_10_The_Ava…/youtube_metadata.json:  0% /826, 0/s, -

<6>INFO  : 
Transferred:   	    1.867 GiB / 2.555 GiB, 73%, 240.885 KiB/s, ETA 49m52s
Transferred:          742 / 1086, 68%
Elapsed time:   1h16m30.6s
Transferring:
 * 1.145.Level_10_The_Ava…lanche_Kinetic_Dam.mp4:100% /12.291Mi, 202.838Ki/s, 0s
 * 1.145.Level_10_The_Ava…_YouTube_Metadata.json:  0% /826, 0/s, -
 * 1.145.Level_10_The_Ava…c_Dam/prompt_info.json:  0% /2.644Ki, 0/s, -
 * 1.145.Level_10_The_Ava…/youtube_metadata.json:  0% /826, 0/s, -

<6>INFO  : 
Transferred:   	    1.867 GiB / 2.555 GiB, 73%, 126.334 KiB/s, ETA 1h35m5s
Transferred:          742 / 1086, 68%
Elapsed time:   1h16m40.6s
Transferring:
 * 1.145.Level_10_The_Ava…lanche_Kinetic_Dam.mp4:100% /12.291Mi, 106.380Ki/s, 0s
 * 1.145.Level_10_The_Ava…_YouTube_Metadata.json:  0% /826, 0/s, -
 * 1.145.Level_10_The_Ava…c_Dam/prompt_info.json:  0% /2.644Ki, 0/s, -
 * 1.145.Level_10_The_Ava…/youtube_metadata.json:  0% /826, 0/s, -

<6>INFO  : 1.145.Level_10_The_Avalanche_Kinetic_Dam/prompt_info.json: Copied (new)
<6>INFO  : 1.145.Level_10_The_Avalanche_Kinetic_Dam/youtube_metadata.json: Copied (new)
<6>INFO  : 1.145.Level_10_The_Avalanche_Kinetic_Dam/1.145.Level_10_YouTube_Metadata.json: Copied (new)
<6>INFO  : 
Transferred:   	    1.867 GiB / 2.555 GiB, 73%, 66.468 KiB/s, ETA 3h43s
Transferred:          745 / 1086, 69%
Elapsed time:   1h16m50.6s
Transferring:
 * 1.145.Level_10_The_Ava…lanche_Kinetic_Dam.mp4:100% /12.291Mi, 55.792Ki/s, 0s
 * 1.348.Level_10_Atmosph…eric_Coil_Launcher.mp4:  0% /8.390Mi, 0/s, -
 * 1.348.Level_10_Atmosph…8.Level_10_Prompt.json:  0% /2.799Ki, 0/s, -
 * 1.348.Level_10_Atmosph…_YouTube_Metadata.json:  0% /1.304Ki, 0/s, -

<6>INFO  : 1.348.Level_10_Atmospheric_Coil_Launcher/1.348.Level_10_YouTube_Metadata.json: Copied (new)
<6>INFO  : 1.348.Level_10_Atmospheric_Coil_Launcher/1.348.Level_10_Prompt.json: Copied (new)
<6>INFO  : 1.348.Level_10_Atmospheric_Coil_Launcher/1.348.Level_10_Atmospheric_Coil_Launcher.mp4: Copied (new)
<6>INFO  : 1.348.Level_10_Atmospheric_Coil_Launcher/prompt_info.json: Copied (new)
<6>INFO  : 
Transferred:   	    1.888 GiB / 2.567 GiB, 74%, 940.642 KiB/s, ETA 12m37s
Transferred:          749 / 1086, 69%
Elapsed time:    1h17m0.6s
Transferring:
 * 1.145.Level_10_The_Ava…lanche_Kinetic_Dam.mp4:100% /12.291Mi, 1.536Mi/s, 0s
 * 1.348.Level_10_Atmosph…/youtube_metadata.json:  0% /1.304Ki, 0/s, -
 * 1.349.Level_10_Contine…ntinental_Burrower.mp4:  0% /9.676Mi, 0/s, -
 * 1.349.Level_10_Contine…9.Level_10_Prompt.json:  0% /2.853Ki, 0/s, -

<6>INFO  : 
Transferred:   	    1.888 GiB / 2.567 GiB, 74%, 493.329 KiB/s, ETA 24m3s
Transferred:          749 / 1086, 69%
Elapsed time:   1h17m10.6s
Transferring:
 * 1.145.Level_10_The_Ava…lanche_Kinetic_Dam.mp4:100% /12.291Mi, 691.360Ki/s, 0s
 * 1.348.Level_10_Atmosph…/youtube_metadata.json:  0% /1.304Ki, 0/s, -
 * 1.349.Level_10_Contine…ntinental_Burrower.mp4:  0% /9.676Mi, 0/s, -
 * 1.349.Level_10_Contine…9.Level_10_Prompt.json:  0% /2.853Ki, 0/s, -

<6>INFO  : 
Transferred:   	    1.888 GiB / 2.567 GiB, 74%, 258.731 KiB/s, ETA 45m52s
Transferred:          749 / 1086, 69%
Elapsed time:   1h17m20.6s
Transferring:
 * 1.145.Level_10_The_Ava…lanche_Kinetic_Dam.mp4:100% /12.291Mi, 362.591Ki/s, 0s
 * 1.348.Level_10_Atmosph…/youtube_metadata.json:  0% /1.304Ki, 0/s, -
 * 1.349.Level_10_Contine…ntinental_Burrower.mp4:  0% /9.676Mi, 0/s, -
 * 1.349.Level_10_Contine…9.Level_10_Prompt.json:  0% /2.853Ki, 0/s, -

<6>INFO  : 
Transferred:   	    1.888 GiB / 2.567 GiB, 74%, 135.694 KiB/s, ETA 1h27m28s
Transferred:          749 / 1086, 69%
Elapsed time:   1h17m30.6s
Transferring:
 * 1.145.Level_10_The_Ava…lanche_Kinetic_Dam.mp4:100% /12.291Mi, 190.164Ki/s, 0s
 * 1.348.Level_10_Atmosph…/youtube_metadata.json:  0% /1.304Ki, 0/s, -
 * 1.349.Level_10_Contine…ntinental_Burrower.mp4:  0% /9.676Mi, 0/s, -
 * 1.349.Level_10_Contine…9.Level_10_Prompt.json:  0% /2.853Ki, 0/s, -

<6>INFO  : 
Transferred:   	    1.888 GiB / 2.567 GiB, 74%, 71.166 KiB/s, ETA 2h46m47s
Transferred:          749 / 1086, 69%
Elapsed time:   1h17m40.6s
Transferring:
 * 1.145.Level_10_The_Ava…lanche_Kinetic_Dam.mp4:100% /12.291Mi, 99.733Ki/s, 0s
 * 1.348.Level_10_Atmosph…/youtube_metadata.json:  0% /1.304Ki, 0/s, -
 * 1.349.Level_10_Contine…ntinental_Burrower.mp4:  0% /9.676Mi, 0/s, -
 * 1.349.Level_10_Contine…9.Level_10_Prompt.json:  0% /2.853Ki, 0/s, -

<6>INFO  : 
Transferred:   	    1.888 GiB / 2.567 GiB, 74%, 37.323 KiB/s, ETA 5h18m
Transferred:          749 / 1086, 69%
Elapsed time:   1h17m50.6s
Transferring:
 * 1.145.Level_10_The_Ava…lanche_Kinetic_Dam.mp4:100% /12.291Mi, 52.306Ki/s, 0s
 * 1.348.Level_10_Atmosph…/youtube_metadata.json:  0% /1.304Ki, 0/s, -
 * 1.349.Level_10_Contine…ntinental_Burrower.mp4:  0% /9.676Mi, 0/s, -
 * 1.349.Level_10_Contine…9.Level_10_Prompt.json:  0% /2.853Ki, 0/s, -

<6>INFO  : 
Transferred:   	    1.888 GiB / 2.567 GiB, 74%, 19.574 KiB/s, ETA 10h6m21s
Transferred:          749 / 1086, 69%
Elapsed time:    1h18m0.6s
Transferring:
 * 1.145.Level_10_The_Ava…lanche_Kinetic_Dam.mp4:100% /12.291Mi, 27.433Ki/s, 0s
 * 1.348.Level_10_Atmosph…/youtube_metadata.json:  0% /1.304Ki, 0/s, -
 * 1.349.Level_10_Contine…ntinental_Burrower.mp4:  0% /9.676Mi, 0/s, -
 * 1.349.Level_10_Contine…9.Level_10_Prompt.json:  0% /2.853Ki, 0/s, -

<6>INFO  : 
Transferred:   	    1.888 GiB / 2.567 GiB, 74%, 10.266 KiB/s, ETA 19h16m9s
Transferred:          749 / 1086, 69%
Elapsed time:   1h18m10.6s
Transferring:
 * 1.145.Level_10_The_Ava…lanche_Kinetic_Dam.mp4:100% /12.291Mi, 14.387Ki/s, 0s
 * 1.348.Level_10_Atmosph…/youtube_metadata.json:  0% /1.304Ki, 0/s, -
 * 1.349.Level_10_Contine…ntinental_Burrower.mp4:  0% /9.676Mi, 0/s, -
 * 1.349.Level_10_Contine…9.Level_10_Prompt.json:  0% /2.853Ki, 0/s, -

<6>INFO  : 
Transferred:   	    1.888 GiB / 2.567 GiB, 74%, 5.384 KiB/s, ETA 1d12h44m27s
Transferred:          749 / 1086, 69%
Elapsed time:   1h18m20.6s
Transferring:
 * 1.145.Level_10_The_Ava…lanche_Kinetic_Dam.mp4:100% /12.291Mi, 7.545Ki/s, 0s
 * 1.348.Level_10_Atmosph…/youtube_metadata.json:  0% /1.304Ki, 0/s, -
 * 1.349.Level_10_Contine…ntinental_Burrower.mp4:  0% /9.676Mi, 0/s, -
 * 1.349.Level_10_Contine…9.Level_10_Prompt.json:  0% /2.853Ki, 0/s, -

<6>INFO  : 
Transferred:   	    1.888 GiB / 2.567 GiB, 74%, 2.823 KiB/s, ETA 2d22h3m17s
Transferred:          749 / 1086, 69%
Elapsed time:   1h18m30.6s
Transferring:
 * 1.145.Level_10_The_Ava…lanche_Kinetic_Dam.mp4:100% /12.291Mi, 3.957Ki/s, 0s
 * 1.348.Level_10_Atmosph…/youtube_metadata.json:  0% /1.304Ki, 0/s, -
 * 1.349.Level_10_Contine…ntinental_Burrower.mp4:  0% /9.676Mi, 0/s, -
 * 1.349.Level_10_Contine…9.Level_10_Prompt.json:  0% /2.853Ki, 0/s, -

<6>INFO  : 
Transferred:   	    1.888 GiB / 2.567 GiB, 74%, 1.480 KiB/s, ETA 5d13h34m31s
Transferred:          749 / 1086, 69%
Elapsed time:   1h18m40.6s
Transferring:
 * 1.145.Level_10_The_Ava…lanche_Kinetic_Dam.mp4:100% /12.291Mi, 2.075Ki/s, 0s
 * 1.348.Level_10_Atmosph…/youtube_metadata.json:  0% /1.304Ki, 0/s, -
 * 1.349.Level_10_Contine…ntinental_Burrower.mp4:  0% /9.676Mi, 0/s, -
 * 1.349.Level_10_Contine…9.Level_10_Prompt.json:  0% /2.853Ki, 0/s, -

<6>INFO  : 1.348.Level_10_Atmospheric_Coil_Launcher/youtube_metadata.json: Copied (new)
<6>INFO  : 1.349.Level_10_Continental_Burrower/1.349.Level_10_Prompt.json: Copied (new)
<6>INFO  : 1.349.Level_10_Continental_Burrower/prompt_info.json: Copied (new)
<6>INFO  : 1.349.Level_10_Continental_Burrower/1.349.Level_10_YouTube_Metadata.json: Copied (new)
<6>INFO  : 
Transferred:   	    1.897 GiB / 2.579 GiB, 74%, 481.271 KiB/s, ETA 24m45s
Transferred:          753 / 1086, 69%
Elapsed time:   1h18m50.6s
Transferring:
 * 1.145.Level_10_The_Ava…lanche_Kinetic_Dam.mp4:  0% /12.291Mi, 0/s, -
 * 1.349.Level_10_Contine…ntinental_Burrower.mp4:100% /9.676Mi, 587.260Ki/s, 0s
 * 1.349.Level_10_Contine…/youtube_metadata.json:100% /1.716Ki, 0/s, -
 * 1.335.Level_10_Phoenix…enix_Reentry_Forge.mp4:  0% /8.137Mi, 0/s, -

<6>INFO  : 1.349.Level_10_Continental_Burrower/1.349.Level_10_Continental_Burrower.mp4: Copied (new)
<6>INFO  : 1.349.Level_10_Continental_Burrower/youtube_metadata.json: Copied (new)
<6>INFO  : 1.335.Level_10_Phoenix_Reentry_Forge/1.335.Level_10_Prompt.json: Copied (new)
<6>INFO  : 1.145.Level_10_The_Avalanche_Kinetic_Dam/1.145.Level_10_The_Avalanche_Kinetic_Dam.mp4: Copied (new)
<6>INFO  : 1.335.Level_10_Phoenix_Reentry_Forge/1.335.Level_10_YouTube_Metadata.json: Copied (new)
<6>INFO  : 1.335.Level_10_Phoenix_Reentry_Forge/1.335.Level_10_Phoenix_Reentry_Forge.mp4: Copied (new)
<6>INFO  : 1.335.Level_10_Phoenix_Reentry_Forge/prompt_info.json: Copied (new)
<6>INFO  : 1.335.Level_10_Phoenix_Reentry_Forge/youtube_metadata.json: Copied (new)
<6>INFO  : 1.272.Level_10_Storm_Pressure_Pendulum/prompt_info.json: Copied (new)
<6>INFO  : 1.272.Level_10_Storm_Pressure_Pendulum/1.272.Level_10_Prompt.json: Copied (new)
<6>INFO  : 1.272.Level_10_Storm_Pressure_Pendulum/1.272.Level_10_YouTube_Metadata.json: Copied (new)
<6>INFO  : 1.272.Level_10_Storm_Pressure_Pendulum/1.272.Level_10_Storm_Pressure_Pendulum.mp4: Copied (new)
<6>INFO  : 
Transferred:   	    1.925 GiB / 2.579 GiB, 75%, 1.420 MiB/s, ETA 7m51s
Transferred:          765 / 1086, 70%
Elapsed time:    1h19m0.6s
Transferring:
 * 1.272.Level_10_Storm_P…/youtube_metadata.json:  0% /1.341Ki, 0/s, -
 * 1.39.Level_10_Planetar…tary_Mycelial_Loom.mp4:  0% /10.741Mi, 0/s, -
 * 1.39.Level_10_Planetar…9.Level_10_Prompt.json:  0% /4.943Ki, 0/s, -
 * 1.39.Level_10_Planetar…_YouTube_Metadata.json:  0% /1.521Ki, 0/s, -

<6>INFO  : 
Transferred:   	    1.925 GiB / 2.579 GiB, 75%, 762.360 KiB/s, ETA 14m59s
Transferred:          765 / 1086, 70%
Elapsed time:   1h19m10.6s
Transferring:
 * 1.272.Level_10_Storm_P…/youtube_metadata.json:  0% /1.341Ki, 0/s, -
 * 1.39.Level_10_Planetar…tary_Mycelial_Loom.mp4:  0% /10.741Mi, 0/s, -
 * 1.39.Level_10_Planetar…9.Level_10_Prompt.json:  0% /4.943Ki, 0/s, -
 * 1.39.Level_10_Planetar…_YouTube_Metadata.json:  0% /1.521Ki, 0/s, -

<6>INFO  : 
Transferred:   	    1.925 GiB / 2.579 GiB, 75%, 399.827 KiB/s, ETA 28m34s
Transferred:          765 / 1086, 70%
Elapsed time:   1h19m20.6s
Transferring:
 * 1.272.Level_10_Storm_P…/youtube_metadata.json:  0% /1.341Ki, 0/s, -
 * 1.39.Level_10_Planetar…tary_Mycelial_Loom.mp4:  0% /10.741Mi, 0/s, -
 * 1.39.Level_10_Planetar…9.Level_10_Prompt.json:  0% /4.943Ki, 0/s, -
 * 1.39.Level_10_Planetar…_YouTube_Metadata.json:  0% /1.521Ki, 0/s, -

<6>INFO  : 
Transferred:   	    1.925 GiB / 2.579 GiB, 75%, 209.693 KiB/s, ETA 54m28s
Transferred:          765 / 1086, 70%
Elapsed time:   1h19m30.6s
Transferring:
 * 1.272.Level_10_Storm_P…/youtube_metadata.json:  0% /1.341Ki, 0/s, -
 * 1.39.Level_10_Planetar…tary_Mycelial_Loom.mp4:  0% /10.741Mi, 0/s, -
 * 1.39.Level_10_Planetar…9.Level_10_Prompt.json:  0% /4.943Ki, 0/s, -
 * 1.39.Level_10_Planetar…_YouTube_Metadata.json:  0% /1.521Ki, 0/s, -

<6>INFO  : 
Transferred:   	    1.925 GiB / 2.579 GiB, 75%, 109.976 KiB/s, ETA 1h43m52s
Transferred:          765 / 1086, 70%
Elapsed time:   1h19m40.6s
Transferring:
 * 1.272.Level_10_Storm_P…/youtube_metadata.json:  0% /1.341Ki, 0/s, -
 * 1.39.Level_10_Planetar…tary_Mycelial_Loom.mp4:  0% /10.741Mi, 0/s, -
 * 1.39.Level_10_Planetar…9.Level_10_Prompt.json:  0% /4.943Ki, 0/s, -
 * 1.39.Level_10_Planetar…_YouTube_Metadata.json:  0% /1.521Ki, 0/s, -

<6>INFO  : 1.272.Level_10_Storm_Pressure_Pendulum/youtube_metadata.json: Copied (new)
<6>INFO  : 1.39.Level_10_Planetary_Mycelial_Loom/1.39.Level_10_Prompt.json: Copied (new)
<6>INFO  : 1.39.Level_10_Planetary_Mycelial_Loom/1.39.Level_10_YouTube_Metadata.json: Copied (new)
<6>INFO  : 1.39.Level_10_Planetary_Mycelial_Loom/1.39.Level_10_Planetary_Mycelial_Loom.mp4: Copied (new)
<6>INFO  : 1.39.Level_10_Planetary_Mycelial_Loom/prompt_info.json: Copied (new)
<6>INFO  : 1.39.Level_10_Planetary_Mycelial_Loom/youtube_metadata.json: Copied (new)
<6>INFO  : 1.395.Level_10_Planetary_Crustal_Centrifuge/1.395.Level_10_YouTube_Metadata.json: Copied (new)
<6>INFO  : 1.395.Level_10_Planetary_Crustal_Centrifuge/1.395.Level_10_Prompt.json: Copied (new)
<6>INFO  : 1.395.Level_10_Planetary_Crustal_Centrifuge/1.395.Level_10_Planetary_Crustal_Centrifuge.mp4: Copied (new)
<6>INFO  : 1.395.Level_10_Planetary_Crustal_Centrifuge/prompt_info.json: Copied (new)
<6>INFO  : 1.396.Level_10_Skyline_Torsion_Loom/1.396.Level_10_Prompt.json: Copied (new)
<6>INFO  : 1.395.Level_10_Planetary_Crustal_Centrifuge/youtube_metadata.json: Copied (new)
<6>INFO  : 1.396.Level_10_Skyline_Torsion_Loom/1.396.Level_10_YouTube_Metadata.json: Copied (new)
<6>INFO  : 
Transferred:   	    1.953 GiB / 2.579 GiB, 76%, 1.136 MiB/s, ETA 9m24s
Transferred:          778 / 1086, 72%
Elapsed time:   1h19m50.6s
Transferring:
 * 1.396.Level_10_Skyline…yline_Torsion_Loom.mp4:100% /8.938Mi, 0/s, -
 * 1.396.Level_10_Skyline…_Loom/prompt_info.json:100% /2.844Ki, 0/s, -
 * 1.396.Level_10_Skyline…/youtube_metadata.json:  0% /1.654Ki, 0/s, -
 * 1.397.Level_10_Metro_M…_Metro_Mantle_Bore.mp4:  0% /6.249Mi, 0/s, -

<6>INFO  : 1.396.Level_10_Skyline_Torsion_Loom/1.396.Level_10_Skyline_Torsion_Loom.mp4: Copied (new)
<6>INFO  : 1.396.Level_10_Skyline_Torsion_Loom/prompt_info.json: Copied (new)
<6>INFO  : 1.396.Level_10_Skyline_Torsion_Loom/youtube_metadata.json: Copied (new)
<6>INFO  : 1.397.Level_10_Metro_Mantle_Bore/1.397.Level_10_Prompt.json: Copied (new)
<6>INFO  : 1.397.Level_10_Metro_Mantle_Bore/1.397.Level_10_YouTube_Metadata.json: Copied (new)
<6>INFO  : 1.397.Level_10_Metro_Mantle_Bore/1.397.Level_10_Metro_Mantle_Bore.mp4: Copied (new)
<6>INFO  : 1.397.Level_10_Metro_Mantle_Bore/prompt_info.json: Copied (new)
<6>INFO  : 1.397.Level_10_Metro_Mantle_Bore/youtube_metadata.json: Copied (new)
<6>INFO  : 1.398.Level_10_Civic_Gravity_Reverser/1.398.Level_10_YouTube_Metadata.json: Copied (new)
<6>INFO  : 1.398.Level_10_Civic_Gravity_Reverser/1.398.Level_10_Prompt.json: Copied (new)
<6>INFO  : 1.398.Level_10_Civic_Gravity_Reverser/prompt_info.json: Copied (new)
<6>INFO  : 1.398.Level_10_Civic_Gravity_Reverser/1.398.Level_10_Civic_Gravity_Reverser.mp4: Copied (new)
<6>INFO  : 1.398.Level_10_Civic_Gravity_Reverser/youtube_metadata.json: Copied (new)
<6>INFO  : 
Transferred:   	    1.968 GiB / 2.579 GiB, 76%, 1.524 MiB/s, ETA 6m50s
Transferred:          791 / 1086, 73%
Elapsed time:    1h20m0.6s
Transferring:
 * 1.399.Level_10_Riverga…9.Level_10_Prompt.json:  0% /3.021Ki, 0/s, -
 * 1.399.Level_10_Riverga…te_Hydraulic_Crown.mp4:  0% /6.906Mi, 0/s, -
 * 1.399.Level_10_Riverga…_YouTube_Metadata.json:  0% /971, 0/s, -
 * 1.399.Level_10_Riverga…Crown/prompt_info.json:  0% /3.021Ki, 0/s, -

<6>INFO  : 
Transferred:   	    1.968 GiB / 2.579 GiB, 76%, 818.203 KiB/s, ETA 13m2s
Transferred:          791 / 1086, 73%
Elapsed time:   1h20m10.6s
Transferring:
 * 1.399.Level_10_Riverga…9.Level_10_Prompt.json:  0% /3.021Ki, 0/s, -
 * 1.399.Level_10_Riverga…te_Hydraulic_Crown.mp4:  0% /6.906Mi, 0/s, -
 * 1.399.Level_10_Riverga…_YouTube_Metadata.json:  0% /971, 0/s, -
 * 1.399.Level_10_Riverga…Crown/prompt_info.json:  0% /3.021Ki, 0/s, -

<6>INFO  : 
Transferred:   	    1.968 GiB / 2.579 GiB, 76%, 429.115 KiB/s, ETA 24m52s
Transferred:          791 / 1086, 73%
Elapsed time:   1h20m20.6s
Transferring:
 * 1.399.Level_10_Riverga…9.Level_10_Prompt.json:  0% /3.021Ki, 0/s, -
 * 1.399.Level_10_Riverga…te_Hydraulic_Crown.mp4:  0% /6.906Mi, 0/s, -
 * 1.399.Level_10_Riverga…_YouTube_Metadata.json:  0% /971, 0/s, -
 * 1.399.Level_10_Riverga…Crown/prompt_info.json:  0% /3.021Ki, 0/s, -

<6>INFO  : 
Transferred:   	    1.968 GiB / 2.579 GiB, 76%, 225.054 KiB/s, ETA 47m25s
Transferred:          791 / 1086, 73%
Elapsed time:   1h20m30.6s
Transferring:
 * 1.399.Level_10_Riverga…9.Level_10_Prompt.json:  0% /3.021Ki, 0/s, -
 * 1.399.Level_10_Riverga…te_Hydraulic_Crown.mp4:  0% /6.906Mi, 0/s, -
 * 1.399.Level_10_Riverga…_YouTube_Metadata.json:  0% /971, 0/s, -
 * 1.399.Level_10_Riverga…Crown/prompt_info.json:  0% /3.021Ki, 0/s, -

<6>INFO  : 
Transferred:   	    1.968 GiB / 2.579 GiB, 76%, 118.031 KiB/s, ETA 1h30m26s
Transferred:          791 / 1086, 73%
Elapsed time:   1h20m40.6s
Transferring:
 * 1.399.Level_10_Riverga…9.Level_10_Prompt.json:  0% /3.021Ki, 0/s, -
 * 1.399.Level_10_Riverga…te_Hydraulic_Crown.mp4:  0% /6.906Mi, 0/s, -
 * 1.399.Level_10_Riverga…_YouTube_Metadata.json:  0% /971, 0/s, -
 * 1.399.Level_10_Riverga…Crown/prompt_info.json:  0% /3.021Ki, 0/s, -

<6>INFO  : 1.399.Level_10_Rivergate_Hydraulic_Crown/prompt_info.json: Copied (new)
<6>INFO  : 1.399.Level_10_Rivergate_Hydraulic_Crown/1.399.Level_10_Prompt.json: Copied (new)
<6>INFO  : 1.399.Level_10_Rivergate_Hydraulic_Crown/1.399.Level_10_YouTube_Metadata.json: Copied (new)
<6>INFO  : 1.399.Level_10_Rivergate_Hydraulic_Crown/1.399.Level_10_Rivergate_Hydraulic_Crown.mp4: Copied (new)
<6>INFO  : 1.399.Level_10_Rivergate_Hydraulic_Crown/youtube_metadata.json: Copied (new)
<6>INFO  : 1.350.Level_10_Snake_Hydrodynamic_Ram/1.350.Level_10_Prompt.json: Copied (new)
<6>INFO  : 1.350.Level_10_Snake_Hydrodynamic_Ram/1.350.Level_10_Snake_Hydrodynamic_Ram.mp4: Copied (new)
<6>INFO  : 1.350.Level_10_Snake_Hydrodynamic_Ram/1.350.Level_10_YouTube_Metadata.json: Copied (new)
<6>INFO  : 1.350.Level_10_Snake_Hydrodynamic_Ram/youtube_metadata.json: Copied (new)
<6>INFO  : 1.350.Level_10_Snake_Hydrodynamic_Ram/prompt_info.json: Copied (new)
<6>INFO  : 
Transferred:   	    1.984 GiB / 2.579 GiB, 77%, 524.480 KiB/s, ETA 19m49s
Transferred:          801 / 1086, 74%
Elapsed time:   1h20m50.6s
Transferring:
 * 1.40.Level_10_The_Ever…0.Level_10_Prompt.json:100% /4.836Ki, 4.835Ki/s, 0s
 * 1.40.Level_10_The_Ever…green_Core_Furnace.mp4: 68% /11.696Mi, 8.000Mi/s, 0s
 * 1.40.Level_10_The_Ever…_YouTube_Metadata.json:100% /1.483Ki, 0/s, -
 * 1.40.Level_10_The_Ever…rnace/prompt_info.json:100% /4.836Ki, 0/s, -

<6>INFO  : 1.40.Level_10_The_Evergreen_Core_Furnace/1.40.Level_10_Prompt.json: Copied (new)
<6>INFO  : 1.40.Level_10_The_Evergreen_Core_Furnace/1.40.Level_10_YouTube_Metadata.json: Copied (new)
<6>INFO  : 1.40.Level_10_The_Evergreen_Core_Furnace/prompt_info.json: Copied (new)
<6>INFO  : 1.40.Level_10_The_Evergreen_Core_Furnace/1.40.Level_10_The_Evergreen_Core_Furnace.mp4: Copied (new)
<6>INFO  : 1.40.Level_10_The_Evergreen_Core_Furnace/youtube_metadata.json: Copied (new)
<6>INFO  : 1.41.Level_10_Chrono-Bark_Synthesizer/1.41.Level_10_Prompt.json: Copied (new)
<6>INFO  : 1.41.Level_10_Chrono-Bark_Synthesizer/1.41.Level_10_YouTube_Metadata.json: Copied (new)
<6>INFO  : 1.41.Level_10_Chrono-Bark_Synthesizer/1.41.Level_10_Chrono-Bark_Synthesizer.mp4: Copied (new)
<6>INFO  : 1.41.Level_10_Chrono-Bark_Synthesizer/youtube_metadata.json: Copied (new)
<6>INFO  : 1.41.Level_10_Chrono-Bark_Synthesizer/prompt_info.json: Copied (new)
<6>INFO  : 1.42.Level_10_The_World-Forest_Atmospheric_Crown/1.42.Level_10_Prompt.json: Copied (new)
<6>INFO  : 1.42.Level_10_The_World-Forest_Atmospheric_Crown/1.42.Level_10_YouTube_Metadata.json: Copied (new)
<6>INFO  : 1.42.Level_10_The_World-Forest_Atmospheric_Crown/prompt_info.json: Copied (new)
<6>INFO  : 1.42.Level_10_The_World-Forest_Atmospheric_Crown/1.42.Level_10_The_World-Forest_Atmospheric_Crown.mp4: Copied (new)
<6>INFO  : 1.42.Level_10_The_World-Forest_Atmospheric_Crown/youtube_metadata.json: Copied (new)
<6>INFO  : 
Transferred:   	    2.021 GiB / 2.579 GiB, 78%, 2.184 MiB/s, ETA 4m21s
Transferred:          816 / 1086, 75%
Elapsed time:    1h21m0.6s
Transferring:
 * 1.347.Level_10_Orograp…raphic_Snake_Flail.mp4:100% /8.303Mi, 1.384Mi/s, 0s
 * 1.347.Level_10_Orograp…7.Level_10_Prompt.json:  0% /2.854Ki, 0/s, -
 * 1.347.Level_10_Orograp…_YouTube_Metadata.json:  0% /1.437Ki, 0/s, -
 * 1.347.Level_10_Orograp…Flail/prompt_info.json:  0% /2.854Ki, 0/s, -

<6>INFO  : 
Transferred:   	    2.021 GiB / 2.579 GiB, 78%, 1.146 MiB/s, ETA 8m18s
Transferred:          816 / 1086, 75%
Elapsed time:   1h21m10.6s
Transferring:
 * 1.347.Level_10_Orograp…raphic_Snake_Flail.mp4:100% /8.303Mi, 531.413Ki/s, 0s
 * 1.347.Level_10_Orograp…7.Level_10_Prompt.json:  0% /2.854Ki, 0/s, -
 * 1.347.Level_10_Orograp…_YouTube_Metadata.json:  0% /1.437Ki, 0/s, -
 * 1.347.Level_10_Orograp…Flail/prompt_info.json:  0% /2.854Ki, 0/s, -

<6>INFO  : 
Transferred:   	    2.021 GiB / 2.579 GiB, 78%, 615.243 KiB/s, ETA 15m50s
Transferred:          816 / 1086, 75%
Elapsed time:   1h21m20.6s
Transferring:
 * 1.347.Level_10_Orograp…raphic_Snake_Flail.mp4:100% /8.303Mi, 278.705Ki/s, 0s
 * 1.347.Level_10_Orograp…7.Level_10_Prompt.json:  0% /2.854Ki, 0/s, -
 * 1.347.Level_10_Orograp…_YouTube_Metadata.json:  0% /1.437Ki, 0/s, -
 * 1.347.Level_10_Orograp…Flail/prompt_info.json:  0% /2.854Ki, 0/s, -

<6>INFO  : 
Transferred:   	    2.021 GiB / 2.579 GiB, 78%, 322.670 KiB/s, ETA 30m12s
Transferred:          816 / 1086, 75%
Elapsed time:   1h21m30.6s
Transferring:
 * 1.347.Level_10_Orograp…raphic_Snake_Flail.mp4:100% /8.303Mi, 146.170Ki/s, 0s
 * 1.347.Level_10_Orograp…7.Level_10_Prompt.json:  0% /2.854Ki, 0/s, -
 * 1.347.Level_10_Orograp…_YouTube_Metadata.json:  0% /1.437Ki, 0/s, -
 * 1.347.Level_10_Orograp…Flail/prompt_info.json:  0% /2.854Ki, 0/s, -

<6>INFO  : 
Transferred:   	    2.021 GiB / 2.579 GiB, 78%, 169.228 KiB/s, ETA 57m35s
Transferred:          816 / 1086, 75%
Elapsed time:   1h21m40.6s
Transferring:
 * 1.347.Level_10_Orograp…raphic_Snake_Flail.mp4:100% /8.303Mi, 76.660Ki/s, 0s
 * 1.347.Level_10_Orograp…7.Level_10_Prompt.json:  0% /2.854Ki, 0/s, -
 * 1.347.Level_10_Orograp…_YouTube_Metadata.json:  0% /1.437Ki, 0/s, -
 * 1.347.Level_10_Orograp…Flail/prompt_info.json:  0% /2.854Ki, 0/s, -

<6>INFO  : 1.347.Level_10_Orographic_Snake_Flail/1.347.Level_10_Prompt.json: Copied (new)
<6>INFO  : 1.347.Level_10_Orographic_Snake_Flail/1.347.Level_10_YouTube_Metadata.json: Copied (new)
<6>INFO  : 1.347.Level_10_Orographic_Snake_Flail/prompt_info.json: Copied (new)
<6>INFO  : 
Transferred:   	    2.021 GiB / 2.579 GiB, 78%, 89.188 KiB/s, ETA 1h49m15s
Transferred:          819 / 1086, 75%
Elapsed time:   1h21m50.6s
Transferring:
 * 1.347.Level_10_Orograp…raphic_Snake_Flail.mp4:100% /8.303Mi, 40.205Ki/s, 0s
 * 1.347.Level_10_Orograp…/youtube_metadata.json:  0% /1.437Ki, 0/s, -
 * 1.48.Level_10_Season_E…8.Level_10_Prompt.json:  0% /5.246Ki, 0/s, -
 * 1.48.Level_10_Season_E…l_10_Season_Engine.mp4:  0% /12.648Mi, 0/s, -

<6>INFO  : 1.347.Level_10_Orographic_Snake_Flail/youtube_metadata.json: Copied (new)
<6>INFO  : 
Transferred:   	    2.021 GiB / 2.587 GiB, 78%, 47.098 KiB/s, ETA 3h29m54s
Transferred:          820 / 1086, 76%
Elapsed time:    1h22m0.6s
Transferring:
 * 1.347.Level_10_Orograp…raphic_Snake_Flail.mp4:  0% /8.303Mi, 0/s, -
 * 1.48.Level_10_Season_E…8.Level_10_Prompt.json:  0% /5.246Ki, 0/s, -
 * 1.48.Level_10_Season_E…l_10_Season_Engine.mp4:  0% /12.648Mi, 0/s, -
 * 1.48.Level_10_Season_E…_YouTube_Metadata.json:  0% /1.612Ki, 0/s, -

<6>INFO  : 
Transferred:   	    2.021 GiB / 2.587 GiB, 78%, 24.701 KiB/s, ETA 6h40m14s
Transferred:          820 / 1086, 76%
Elapsed time:   1h22m10.6s
Transferring:
 * 1.347.Level_10_Orograp…raphic_Snake_Flail.mp4:  0% /8.303Mi, 0/s, -
 * 1.48.Level_10_Season_E…8.Level_10_Prompt.json:  0% /5.246Ki, 0/s, -
 * 1.48.Level_10_Season_E…l_10_Season_Engine.mp4:  0% /12.648Mi, 0/s, -
 * 1.48.Level_10_Season_E…_YouTube_Metadata.json:  0% /1.612Ki, 0/s, -

<6>INFO  : 
Transferred:   	    2.021 GiB / 2.587 GiB, 78%, 12.954 KiB/s, ETA 12h43m9s
Transferred:          820 / 1086, 76%
Elapsed time:   1h22m20.6s
Transferring:
 * 1.347.Level_10_Orograp…raphic_Snake_Flail.mp4:  0% /8.303Mi, 0/s, -
 * 1.48.Level_10_Season_E…8.Level_10_Prompt.json:  0% /5.246Ki, 0/s, -
 * 1.48.Level_10_Season_E…l_10_Season_Engine.mp4:  0% /12.648Mi, 0/s, -
 * 1.48.Level_10_Season_E…_YouTube_Metadata.json:  0% /1.612Ki, 0/s, -

<6>INFO  : 
Transferred:   	    2.021 GiB / 2.587 GiB, 78%, 6.794 KiB/s, ETA 1d15m6s
Transferred:          820 / 1086, 76%
Elapsed time:   1h22m30.6s
Transferring:
 * 1.347.Level_10_Orograp…raphic_Snake_Flail.mp4:  0% /8.303Mi, 0/s, -
 * 1.48.Level_10_Season_E…8.Level_10_Prompt.json:  0% /5.246Ki, 0/s, -
 * 1.48.Level_10_Season_E…l_10_Season_Engine.mp4:  0% /12.648Mi, 0/s, -
 * 1.48.Level_10_Season_E…_YouTube_Metadata.json:  0% /1.612Ki, 0/s, -

<6>INFO  : 
Transferred:   	    2.021 GiB / 2.587 GiB, 78%, 3.562 KiB/s, ETA 1d22h14m29s
Transferred:          820 / 1086, 76%
Elapsed time:   1h22m40.6s
Transferring:
 * 1.347.Level_10_Orograp…raphic_Snake_Flail.mp4:  0% /8.303Mi, 0/s, -
 * 1.48.Level_10_Season_E…8.Level_10_Prompt.json:  0% /5.246Ki, 0/s, -
 * 1.48.Level_10_Season_E…l_10_Season_Engine.mp4:  0% /12.648Mi, 0/s, -
 * 1.48.Level_10_Season_E…_YouTube_Metadata.json:  0% /1.612Ki, 0/s, -

<6>INFO  : 1.48.Level_10_Season_Engine/1.48.Level_10_YouTube_Metadata.json: Copied (new)
<6>INFO  : 1.48.Level_10_Season_Engine/1.48.Level_10_Season_Engine.mp4: Copied (new)
<6>INFO  : 1.48.Level_10_Season_Engine/1.48.Level_10_Prompt.json: Copied (new)
<6>INFO  : 1.347.Level_10_Orographic_Snake_Flail/1.347.Level_10_Orographic_Snake_Flail.mp4: Copied (new)
<6>INFO  : 1.48.Level_10_Season_Engine/prompt_info.json: Copied (new)
<6>INFO  : 1.48.Level_10_Season_Engine/youtube_metadata.json: Copied (new)
<6>INFO  : 1.49.Level_10_Branch_Bridge_Machine/1.49.Level_10_Prompt.json: Copied (new)
<6>INFO  : 1.49.Level_10_Branch_Bridge_Machine/1.49.Level_10_YouTube_Metadata.json: Copied (new)
<6>INFO  : 
Transferred:   	    2.053 GiB / 2.587 GiB, 79%, 1.684 MiB/s, ETA 5m24s
Transferred:          828 / 1086, 76%
Elapsed time:   1h22m50.6s
Transferring:
 * 1.49.Level_10_Branch_B…nch_Bridge_Machine.mp4:100% /12.189Mi, 6.094Mi/s, 0s
 * 1.49.Level_10_Branch_B…chine/prompt_info.json:100% /5.012Ki, 0/s, -
 * 1.49.Level_10_Branch_B…/youtube_metadata.json:100% /1.716Ki, 0/s, -
 * 1.5.Level_10_Paddy_Rin…Ring_Megaharvester.mp4:  0% /6.185Mi, 0/s, -

<6>INFO  : 1.49.Level_10_Branch_Bridge_Machine/1.49.Level_10_Branch_Bridge_Machine.mp4: Copied (new)
<6>INFO  : 1.49.Level_10_Branch_Bridge_Machine/prompt_info.json: Copied (new)
<6>INFO  : 1.49.Level_10_Branch_Bridge_Machine/youtube_metadata.json: Copied (new)
<6>INFO  : 1.5.Level_10_Paddy_Ring_Megaharvester/1.5.Level_10_YouTube_Metadata.json: Copied (new)
<6>INFO  : 1.5.Level_10_Paddy_Ring_Megaharvester/1.5.Level_10_Prompt.json: Copied (new)
<6>INFO  : 1.5.Level_10_Paddy_Ring_Megaharvester/prompt_info.json: Copied (new)
<6>INFO  : 
Transferred:   	    2.066 GiB / 2.599 GiB, 79%, 1.507 MiB/s, ETA 6m2s
Transferred:          834 / 1086, 77%
Elapsed time:    1h23m0.6s
Transferring:
 * 1.5.Level_10_Paddy_Rin…Ring_Megaharvester.mp4:  0% /6.185Mi, 0/s, -
 * 1.5.Level_10_Paddy_Rin…/youtube_metadata.json:  0% /1.682Ki, 0/s, -
 * 1.50.Level_10_Pollinat…llinator_Cathedral.mp4:  0% /14.196Mi, 0/s, -
 * 1.50.Level_10_Pollinat…0.Level_10_Prompt.json:  0% /5.205Ki, 0/s, -

<6>INFO  : 
Transferred:   	    2.066 GiB / 2.599 GiB, 79%, 809.430 KiB/s, ETA 11m30s
Transferred:          834 / 1086, 77%
Elapsed time:   1h23m10.6s
Transferring:
 * 1.5.Level_10_Paddy_Rin…Ring_Megaharvester.mp4:  0% /6.185Mi, 0/s, -
 * 1.5.Level_10_Paddy_Rin…/youtube_metadata.json:  0% /1.682Ki, 0/s, -
 * 1.50.Level_10_Pollinat…llinator_Cathedral.mp4:  0% /14.196Mi, 0/s, -
 * 1.50.Level_10_Pollinat…0.Level_10_Prompt.json:  0% /5.205Ki, 0/s, -

<6>INFO  : 
Transferred:   	    2.066 GiB / 2.599 GiB, 79%, 424.514 KiB/s, ETA 21m57s
Transferred:          834 / 1086, 77%
Elapsed time:   1h23m20.6s
Transferring:
 * 1.5.Level_10_Paddy_Rin…Ring_Megaharvester.mp4:  0% /6.185Mi, 0/s, -
 * 1.5.Level_10_Paddy_Rin…/youtube_metadata.json:  0% /1.682Ki, 0/s, -
 * 1.50.Level_10_Pollinat…llinator_Cathedral.mp4:  0% /14.196Mi, 0/s, -
 * 1.50.Level_10_Pollinat…0.Level_10_Prompt.json:  0% /5.205Ki, 0/s, -

<6>INFO  : 
Transferred:   	    2.066 GiB / 2.599 GiB, 79%, 222.641 KiB/s, ETA 41m51s
Transferred:          834 / 1086, 77%
Elapsed time:   1h23m30.6s
Transferring:
 * 1.5.Level_10_Paddy_Rin…Ring_Megaharvester.mp4:  0% /6.185Mi, 0/s, -
 * 1.5.Level_10_Paddy_Rin…/youtube_metadata.json:  0% /1.682Ki, 0/s, -
 * 1.50.Level_10_Pollinat…llinator_Cathedral.mp4:  0% /14.196Mi, 0/s, -
 * 1.50.Level_10_Pollinat…0.Level_10_Prompt.json:  0% /5.205Ki, 0/s, -

<6>INFO  : 
Transferred:   	    2.066 GiB / 2.599 GiB, 79%, 116.766 KiB/s, ETA 1h19m49s
Transferred:          834 / 1086, 77%
Elapsed time:   1h23m40.6s
Transferring:
 * 1.5.Level_10_Paddy_Rin…Ring_Megaharvester.mp4:  0% /6.185Mi, 0/s, -
 * 1.5.Level_10_Paddy_Rin…/youtube_metadata.json:  0% /1.682Ki, 0/s, -
 * 1.50.Level_10_Pollinat…llinator_Cathedral.mp4:  0% /14.196Mi, 0/s, -
 * 1.50.Level_10_Pollinat…0.Level_10_Prompt.json:  0% /5.205Ki, 0/s, -

<6>INFO  : 
Transferred:   	    2.066 GiB / 2.599 GiB, 79%, 61.239 KiB/s, ETA 2h32m11s
Transferred:          834 / 1086, 77%
Elapsed time:   1h23m50.6s
Transferring:
 * 1.5.Level_10_Paddy_Rin…Ring_Megaharvester.mp4:  0% /6.185Mi, 0/s, -
 * 1.5.Level_10_Paddy_Rin…/youtube_metadata.json:  0% /1.682Ki, 0/s, -
 * 1.50.Level_10_Pollinat…llinator_Cathedral.mp4:  0% /14.196Mi, 0/s, -
 * 1.50.Level_10_Pollinat…0.Level_10_Prompt.json:  0% /5.205Ki, 0/s, -

<6>INFO  : 
Transferred:   	    2.066 GiB / 2.599 GiB, 79%, 32.117 KiB/s, ETA 4h50m11s
Transferred:          834 / 1086, 77%
Elapsed time:    1h24m0.6s
Transferring:
 * 1.5.Level_10_Paddy_Rin…Ring_Megaharvester.mp4:  0% /6.185Mi, 0/s, -
 * 1.5.Level_10_Paddy_Rin…/youtube_metadata.json:  0% /1.682Ki, 0/s, -
 * 1.50.Level_10_Pollinat…llinator_Cathedral.mp4:  0% /14.196Mi, 0/s, -
 * 1.50.Level_10_Pollinat…0.Level_10_Prompt.json:  0% /5.205Ki, 0/s, -

<6>INFO  : 
Transferred:   	    2.066 GiB / 2.599 GiB, 79%, 16.844 KiB/s, ETA 9h13m19s
Transferred:          834 / 1086, 77%
Elapsed time:   1h24m10.6s
Transferring:
 * 1.5.Level_10_Paddy_Rin…Ring_Megaharvester.mp4:  0% /6.185Mi, 0/s, -
 * 1.5.Level_10_Paddy_Rin…/youtube_metadata.json:  0% /1.682Ki, 0/s, -
 * 1.50.Level_10_Pollinat…llinator_Cathedral.mp4:  0% /14.196Mi, 0/s, -
 * 1.50.Level_10_Pollinat…0.Level_10_Prompt.json:  0% /5.205Ki, 0/s, -

<6>INFO  : 
Transferred:   	    2.066 GiB / 2.599 GiB, 79%, 8.834 KiB/s, ETA 17h35m1s
Transferred:          834 / 1086, 77%
Elapsed time:   1h24m20.6s
Transferring:
 * 1.5.Level_10_Paddy_Rin…Ring_Megaharvester.mp4:  0% /6.185Mi, 0/s, -
 * 1.5.Level_10_Paddy_Rin…/youtube_metadata.json:  0% /1.682Ki, 0/s, -
 * 1.50.Level_10_Pollinat…llinator_Cathedral.mp4:  0% /14.196Mi, 0/s, -
 * 1.50.Level_10_Pollinat…0.Level_10_Prompt.json:  0% /5.205Ki, 0/s, -

<6>INFO  : 
Transferred:   	    2.066 GiB / 2.599 GiB, 79%, 4.633 KiB/s, ETA 1d9h31m37s
Transferred:          834 / 1086, 77%
Elapsed time:   1h24m30.6s
Transferring:
 * 1.5.Level_10_Paddy_Rin…Ring_Megaharvester.mp4:  0% /6.185Mi, 0/s, -
 * 1.5.Level_10_Paddy_Rin…/youtube_metadata.json:  0% /1.682Ki, 0/s, -
 * 1.50.Level_10_Pollinat…llinator_Cathedral.mp4:  0% /14.196Mi, 0/s, -
 * 1.50.Level_10_Pollinat…0.Level_10_Prompt.json:  0% /5.205Ki, 0/s, -

<6>INFO  : 
Transferred:   	    2.066 GiB / 2.599 GiB, 79%, 2.430 KiB/s, ETA 2d15h55m37s
Transferred:          834 / 1086, 77%
Elapsed time:   1h24m40.6s
Transferring:
 * 1.5.Level_10_Paddy_Rin…Ring_Megaharvester.mp4:  0% /6.185Mi, 0/s, -
 * 1.5.Level_10_Paddy_Rin…/youtube_metadata.json:  0% /1.682Ki, 0/s, -
 * 1.50.Level_10_Pollinat…llinator_Cathedral.mp4:  0% /14.196Mi, 0/s, -
 * 1.50.Level_10_Pollinat…0.Level_10_Prompt.json:  0% /5.205Ki, 0/s, -

<6>INFO  : 1.5.Level_10_Paddy_Ring_Megaharvester/youtube_metadata.json: Copied (new)
<6>INFO  : 1.50.Level_10_Pollinator_Cathedral/1.50.Level_10_Prompt.json: Copied (new)
<6>INFO  : 1.5.Level_10_Paddy_Ring_Megaharvester/1.5.Level_10_Paddy_Ring_Megaharvester.mp4: Copied (new)
<6>INFO  : 1.50.Level_10_Pollinator_Cathedral/1.50.Level_10_YouTube_Metadata.json: Copied (new)
<6>INFO  : 1.50.Level_10_Pollinator_Cathedral/prompt_info.json: Copied (new)
<6>INFO  : 1.50.Level_10_Pollinator_Cathedral/1.50.Level_10_Pollinator_Cathedral.mp4: Copied (new)
<6>INFO  : 1.50.Level_10_Pollinator_Cathedral/youtube_metadata.json: Copied (new)
<6>INFO  : 1.51.Level_10_Root_Memory_Engine/1.51.Level_10_Prompt.json: Copied (new)
<6>INFO  : 1.51.Level_10_Root_Memory_Engine/1.51.Level_10_YouTube_Metadata.json: Copied (new)
<6>INFO  : 1.51.Level_10_Root_Memory_Engine/prompt_info.json: Copied (new)
<6>INFO  : 1.51.Level_10_Root_Memory_Engine/youtube_metadata.json: Copied (new)
<6>INFO  : 1.51.Level_10_Root_Memory_Engine/1.51.Level_10_Root_Memory_Engine.mp4: Copied (new)
<6>INFO  : 1.57.Level_10_Palm_Wind_Orchestra/1.57.Level_10_Prompt.json: Copied (new)
<6>INFO  : 1.57.Level_10_Palm_Wind_Orchestra/1.57.Level_10_YouTube_Metadata.json: Copied (new)
<6>INFO  : 1.57.Level_10_Palm_Wind_Orchestra/1.57.Level_10_Palm_Wind_Orchestra.mp4: Copied (new)
<6>INFO  : 1.57.Level_10_Palm_Wind_Orchestra/prompt_info.json: Copied (new)
<6>INFO  : 1.57.Level_10_Palm_Wind_Orchestra/youtube_metadata.json: Copied (new)
<6>INFO  : 1.58.Level_10_Celestial_Coconut_Launcher/1.58.Level_10_YouTube_Metadata.json: Copied (new)
<6>INFO  : 1.58.Level_10_Celestial_Coconut_Launcher/1.58.Level_10_Prompt.json: Copied (new)
<6>INFO  : 1.58.Level_10_Celestial_Coconut_Launcher/1.58.Level_10_Celestial_Coconut_Launcher.mp4: Copied (new)
<6>INFO  : 1.58.Level_10_Celestial_Coconut_Launcher/prompt_info.json: Copied (new)
<6>INFO  : 
Transferred:   	    2.126 GiB / 2.599 GiB, 82%, 2.760 MiB/s, ETA 2m55s
Transferred:          855 / 1086, 79%
Elapsed time:   1h24m50.6s
Transferring:
 * 1.58.Level_10_Celestia…/youtube_metadata.json:100% /1.742Ki, 1.741Ki/s, 0s
 * 1.59.Level_10_Palm_Clo…Palm_Cloud_Factory.mp4:100% /8.416Mi, 7.999Mi/s, 0s
 * 1.59.Level_10_Palm_Clo…9.Level_10_Prompt.json:100% /2.471Ki, 0/s, -
 * 1.59.Level_10_Palm_Clo…_YouTube_Metadata.json:100% /1.614Ki, 0/s, -

<6>INFO  : 1.58.Level_10_Celestial_Coconut_Launcher/youtube_metadata.json: Copied (new)
<6>INFO  : 1.59.Level_10_Palm_Cloud_Factory/1.59.Level_10_Prompt.json: Copied (new)
<6>INFO  : 1.59.Level_10_Palm_Cloud_Factory/1.59.Level_10_YouTube_Metadata.json: Copied (new)
<6>INFO  : 1.59.Level_10_Palm_Cloud_Factory/1.59.Level_10_Palm_Cloud_Factory.mp4: Copied (new)
<6>INFO  : 1.59.Level_10_Palm_Cloud_Factory/prompt_info.json: Copied (new)
<6>INFO  : 1.59.Level_10_Palm_Cloud_Factory/youtube_metadata.json: Copied (new)
<6>INFO  : 1.6.Level_10_Sky_Reaper_Rice_Fortress/1.6.Level_10_Prompt.json: Copied (new)
<6>INFO  : 1.6.Level_10_Sky_Reaper_Rice_Fortress/1.6.Level_10_YouTube_Metadata.json: Copied (new)
<6>INFO  : 
Transferred:   	    2.137 GiB / 2.599 GiB, 82%, 2.166 MiB/s, ETA 3m38s
Transferred:          863 / 1086, 79%
Elapsed time:    1h25m0.6s
Transferring:
 * 1.6.Level_10_Sky_Reape…aper_Rice_Fortress.mp4:100% /10.456Mi, 1.162Mi/s, 0s
 * 1.6.Level_10_Sky_Reape…tress/prompt_info.json:  0% /5.460Ki, 0/s, -
 * 1.6.Level_10_Sky_Reape…/youtube_metadata.json:  0% /1.731Ki, 0/s, -
 * 1.60.Level_10_Frond_So…d_Solar_Sail_Array.mp4:  0% /9.686Mi, 0/s, -

<6>INFO  : 
Transferred:   	    2.137 GiB / 2.599 GiB, 82%, 1.136 MiB/s, ETA 6m56s
Transferred:          863 / 1086, 79%
Elapsed time:   1h25m10.6s
Transferring:
 * 1.6.Level_10_Sky_Reape…aper_Rice_Fortress.mp4:100% /10.456Mi, 551.394Ki/s, 0s
 * 1.6.Level_10_Sky_Reape…tress/prompt_info.json:  0% /5.460Ki, 0/s, -
 * 1.6.Level_10_Sky_Reape…/youtube_metadata.json:  0% /1.731Ki, 0/s, -
 * 1.60.Level_10_Frond_So…d_Solar_Sail_Array.mp4:  0% /9.686Mi, 0/s, -

<6>INFO  : 
Transferred:   	    2.137 GiB / 2.599 GiB, 82%, 609.942 KiB/s, ETA 13m14s
Transferred:          863 / 1086, 79%
Elapsed time:   1h25m20.6s
Transferring:
 * 1.6.Level_10_Sky_Reape…aper_Rice_Fortress.mp4:100% /10.456Mi, 289.185Ki/s, 0s
 * 1.6.Level_10_Sky_Reape…tress/prompt_info.json:  0% /5.460Ki, 0/s, -
 * 1.6.Level_10_Sky_Reape…/youtube_metadata.json:  0% /1.731Ki, 0/s, -
 * 1.60.Level_10_Frond_So…d_Solar_Sail_Array.mp4:  0% /9.686Mi, 0/s, -

<6>INFO  : 
Transferred:   	    2.137 GiB / 2.599 GiB, 82%, 319.891 KiB/s, ETA 25m15s
Transferred:          863 / 1086, 79%
Elapsed time:   1h25m30.6s
Transferring:
 * 1.6.Level_10_Sky_Reape…aper_Rice_Fortress.mp4:100% /10.456Mi, 151.665Ki/s, 0s
 * 1.6.Level_10_Sky_Reape…tress/prompt_info.json:  0% /5.460Ki, 0/s, -
 * 1.6.Level_10_Sky_Reape…/youtube_metadata.json:  0% /1.731Ki, 0/s, -
 * 1.60.Level_10_Frond_So…d_Solar_Sail_Array.mp4:  0% /9.686Mi, 0/s, -

<6>INFO  : 
Transferred:   	    2.137 GiB / 2.599 GiB, 82%, 167.770 KiB/s, ETA 48m9s
Transferred:          863 / 1086, 79%
Elapsed time:   1h25m40.6s
Transferring:
 * 1.6.Level_10_Sky_Reape…aper_Rice_Fortress.mp4:100% /10.456Mi, 79.542Ki/s, 0s
 * 1.6.Level_10_Sky_Reape…tress/prompt_info.json:  0% /5.460Ki, 0/s, -
 * 1.6.Level_10_Sky_Reape…/youtube_metadata.json:  0% /1.731Ki, 0/s, -
 * 1.60.Level_10_Frond_So…d_Solar_Sail_Array.mp4:  0% /9.686Mi, 0/s, -

<6>INFO  : 1.6.Level_10_Sky_Reaper_Rice_Fortress/youtube_metadata.json: Copied (new)
<6>INFO  : 1.6.Level_10_Sky_Reaper_Rice_Fortress/prompt_info.json: Copied (new)
<6>INFO  : 1.60.Level_10_Frond_Solar_Sail_Array/1.60.Level_10_YouTube_Metadata.json: Copied (new)
<6>INFO  : 1.60.Level_10_Frond_Solar_Sail_Array/1.60.Level_10_Prompt.json: Copied (new)
<6>INFO  : 
Transferred:   	    2.146 GiB / 2.609 GiB, 82%, 568.565 KiB/s, ETA 14m13s
Transferred:          867 / 1086, 80%
Elapsed time:   1h25m50.6s
Transferring:
 * 1.6.Level_10_Sky_Reape…aper_Rice_Fortress.mp4:  0% /10.456Mi, 0/s, -
 * 1.60.Level_10_Frond_So…d_Solar_Sail_Array.mp4:100% /9.686Mi, 480Ki/s, 0s
 * 1.60.Level_10_Frond_So…Array/prompt_info.json:100% /2.056Ki, 0/s, -
 * 1.60.Level_10_Frond_So…/youtube_metadata.json:100% /1.470Ki, 1.469Ki/s, 0s

<6>INFO  : 1.60.Level_10_Frond_Solar_Sail_Array/1.60.Level_10_Frond_Solar_Sail_Array.mp4: Copied (new)
<6>INFO  : 1.60.Level_10_Frond_Solar_Sail_Array/youtube_metadata.json: Copied (new)
<6>INFO  : 1.60.Level_10_Frond_Solar_Sail_Array/prompt_info.json: Copied (new)
<6>INFO  : 1.6.Level_10_Sky_Reaper_Rice_Fortress/1.6.Level_10_Sky_Reaper_Rice_Fortress.mp4: Copied (new)
<6>INFO  : 
Transferred:   	    2.156 GiB / 2.609 GiB, 83%, 813.014 KiB/s, ETA 9m44s
Transferred:          871 / 1086, 80%
Elapsed time:    1h26m0.6s
Transferring:
 * 1.43.Level_10_Canopy_O…anopy_Orbit_Engine.mp4:  0% /14.519Mi, 0/s, -
 * 1.43.Level_10_Canopy_O…3.Level_10_Prompt.json:  0% /4.900Ki, 0/s, -
 * 1.43.Level_10_Canopy_O…_YouTube_Metadata.json:  0% /1.516Ki, 0/s, -
 * 1.43.Level_10_Canopy_O…ngine/prompt_info.json:  0% /4.900Ki, 0/s, -

<6>INFO  : 
Transferred:   	    2.156 GiB / 2.609 GiB, 83%, 426.394 KiB/s, ETA 18m33s
Transferred:          871 / 1086, 80%
Elapsed time:   1h26m10.6s
Transferring:
 * 1.43.Level_10_Canopy_O…anopy_Orbit_Engine.mp4:  0% /14.519Mi, 0/s, -
 * 1.43.Level_10_Canopy_O…3.Level_10_Prompt.json:  0% /4.900Ki, 0/s, -
 * 1.43.Level_10_Canopy_O…_YouTube_Metadata.json:  0% /1.516Ki, 0/s, -
 * 1.43.Level_10_Canopy_O…ngine/prompt_info.json:  0% /4.900Ki, 0/s, -

<6>INFO  : 
Transferred:   	    2.156 GiB / 2.609 GiB, 83%, 223.626 KiB/s, ETA 35m23s
Transferred:          871 / 1086, 80%
Elapsed time:   1h26m20.6s
Transferring:
 * 1.43.Level_10_Canopy_O…anopy_Orbit_Engine.mp4:  0% /14.519Mi, 0/s, -
 * 1.43.Level_10_Canopy_O…3.Level_10_Prompt.json:  0% /4.900Ki, 0/s, -
 * 1.43.Level_10_Canopy_O…_YouTube_Metadata.json:  0% /1.516Ki, 0/s, -
 * 1.43.Level_10_Canopy_O…ngine/prompt_info.json:  0% /4.900Ki, 0/s, -

<6>INFO  : 
Transferred:   	    2.156 GiB / 2.609 GiB, 83%, 117.283 KiB/s, ETA 1h7m28s
Transferred:          871 / 1086, 80%
Elapsed time:   1h26m30.6s
Transferring:
 * 1.43.Level_10_Canopy_O…anopy_Orbit_Engine.mp4:  0% /14.519Mi, 0/s, -
 * 1.43.Level_10_Canopy_O…3.Level_10_Prompt.json:  0% /4.900Ki, 0/s, -
 * 1.43.Level_10_Canopy_O…_YouTube_Metadata.json:  0% /1.516Ki, 0/s, -
 * 1.43.Level_10_Canopy_O…ngine/prompt_info.json:  0% /4.900Ki, 0/s, -

<6>INFO  : 
Transferred:   	    2.156 GiB / 2.609 GiB, 83%, 61.510 KiB/s, ETA 2h8m39s
Transferred:          871 / 1086, 80%
Elapsed time:   1h26m40.6s
Transferring:
 * 1.43.Level_10_Canopy_O…anopy_Orbit_Engine.mp4:  0% /14.519Mi, 0/s, -
 * 1.43.Level_10_Canopy_O…3.Level_10_Prompt.json:  0% /4.900Ki, 0/s, -
 * 1.43.Level_10_Canopy_O…_YouTube_Metadata.json:  0% /1.516Ki, 0/s, -
 * 1.43.Level_10_Canopy_O…ngine/prompt_info.json:  0% /4.900Ki, 0/s, -

<6>INFO  : 1.43.Level_10_Canopy_Orbit_Engine/1.43.Level_10_Prompt.json: Copied (new)
<6>INFO  : 1.43.Level_10_Canopy_Orbit_Engine/prompt_info.json: Copied (new)
<6>INFO  : 1.43.Level_10_Canopy_Orbit_Engine/1.43.Level_10_YouTube_Metadata.json: Copied (new)
<6>INFO  : 1.43.Level_10_Canopy_Orbit_Engine/1.43.Level_10_Canopy_Orbit_Engine.mp4: Copied (new)
<6>INFO  : 1.273.Level_10_Rain_Cascade_Accelerator/1.273.Level_10_Prompt.json: Copied (new)
<6>INFO  : 1.43.Level_10_Canopy_Orbit_Engine/youtube_metadata.json: Copied (new)
<6>INFO  : 1.273.Level_10_Rain_Cascade_Accelerator/1.273.Level_10_YouTube_Metadata.json: Copied (new)
<6>INFO  : 1.273.Level_10_Rain_Cascade_Accelerator/1.273.Level_10_Rain_Cascade_Accelerator.mp4: Copied (new)
<6>INFO  : 1.273.Level_10_Rain_Cascade_Accelerator/prompt_info.json: Copied (new)
<6>INFO  : 1.273.Level_10_Rain_Cascade_Accelerator/youtube_metadata.json: Copied (new)
<6>INFO  : 1.65.Level_10_The_Bamboo_Ocean_Comb/1.65.Level_10_YouTube_Metadata.json: Copied (new)
<6>INFO  : 1.65.Level_10_The_Bamboo_Ocean_Comb/1.65.Level_10_Prompt.json: Copied (new)
<6>INFO  : 1.65.Level_10_The_Bamboo_Ocean_Comb/1.65.Level_10_The_Bamboo_Ocean_Comb.mp4: Copied (new)
<6>INFO  : 
Transferred:   	    2.192 GiB / 2.609 GiB, 84%, 2.096 MiB/s, ETA 3m23s
Transferred:          884 / 1086, 81%
Elapsed time:   1h26m50.6s
Transferring:
 * 1.65.Level_10_The_Bamb…_Comb/prompt_info.json:100% /2.176Ki, 0/s, -
 * 1.65.Level_10_The_Bamb…/youtube_metadata.json:  0% /1.691Ki, 0/s, -
 * 1.66.Level_10_Hollow-S…m_Resonance_Engine.mp4:  0% /13.177Mi, 0/s, -
 * 1.66.Level_10_Hollow-S…6.Level_10_Prompt.json:  0% /1.970Ki, 0/s, -

<6>INFO  : 1.65.Level_10_The_Bamboo_Ocean_Comb/prompt_info.json: Copied (new)
<6>INFO  : 1.65.Level_10_The_Bamboo_Ocean_Comb/youtube_metadata.json: Copied (new)
<6>INFO  : 1.66.Level_10_Hollow-Stem_Resonance_Engine/1.66.Level_10_YouTube_Metadata.json: Copied (new)
<6>INFO  : 1.66.Level_10_Hollow-Stem_Resonance_Engine/1.66.Level_10_Prompt.json: Copied (new)
<6>INFO  : 1.66.Level_10_Hollow-Stem_Resonance_Engine/1.66.Level_10_Hollow-Stem_Resonance_Engine.mp4: Copied (new)
<6>INFO  : 1.66.Level_10_Hollow-Stem_Resonance_Engine/prompt_info.json: Copied (new)
<6>INFO  : 1.66.Level_10_Hollow-Stem_Resonance_Engine/youtube_metadata.json: Copied (new)
<6>INFO  : 1.67.Level_10_The_Emerald_Stalk_Harvester/1.67.Level_10_Prompt.json: Copied (new)
<6>INFO  : 1.67.Level_10_The_Emerald_Stalk_Harvester/1.67.Level_10_YouTube_Metadata.json: Copied (new)
<6>INFO  : 1.67.Level_10_The_Emerald_Stalk_Harvester/1.67.Level_10_The_Emerald_Stalk_Harvester.mp4: Copied (new)
<6>INFO  : 1.67.Level_10_The_Emerald_Stalk_Harvester/prompt_info.json: Copied (new)
<6>INFO  : 1.67.Level_10_The_Emerald_Stalk_Harvester/youtube_metadata.json: Copied (new)
<6>INFO  : 1.68.Level_10_Bamboo_Canopy_Cloud-Drill/prompt_info.json: Copied (new)
<6>INFO  : 
Transferred:   	    2.227 GiB / 2.609 GiB, 85%, 2.645 MiB/s, ETA 2m27s
Transferred:          897 / 1086, 83%
Elapsed time:    1h27m0.6s
Transferring:
 * 1.68.Level_10_Bamboo_C…Canopy_Cloud-Drill.mp4:100% /10.331Mi, 1.722Mi/s, 0s
 * 1.68.Level_10_Bamboo_C…8.Level_10_Prompt.json:  0% /1.953Ki, 0/s, -
 * 1.68.Level_10_Bamboo_C…_YouTube_Metadata.json:  0% /1.582Ki, 0/s, -
 * 1.68.Level_10_Bamboo_C…/youtube_metadata.json:  0% /1.582Ki, 0/s, -

<6>INFO  : 
Transferred:   	    2.227 GiB / 2.609 GiB, 85%, 1.387 MiB/s, ETA 4m41s
Transferred:          897 / 1086, 83%
Elapsed time:   1h27m10.6s
Transferring:
 * 1.68.Level_10_Bamboo_C…Canopy_Cloud-Drill.mp4:100% /10.331Mi, 661.212Ki/s, 0s
 * 1.68.Level_10_Bamboo_C…8.Level_10_Prompt.json:  0% /1.953Ki, 0/s, -
 * 1.68.Level_10_Bamboo_C…_YouTube_Metadata.json:  0% /1.582Ki, 0/s, -
 * 1.68.Level_10_Bamboo_C…/youtube_metadata.json:  0% /1.582Ki, 0/s, -

<6>INFO  : 
Transferred:   	    2.227 GiB / 2.609 GiB, 85%, 744.885 KiB/s, ETA 8m57s
Transferred:          897 / 1086, 83%
Elapsed time:   1h27m20.6s
Transferring:
 * 1.68.Level_10_Bamboo_C…Canopy_Cloud-Drill.mp4:100% /10.331Mi, 346.779Ki/s, 0s
 * 1.68.Level_10_Bamboo_C…8.Level_10_Prompt.json:  0% /1.953Ki, 0/s, -
 * 1.68.Level_10_Bamboo_C…_YouTube_Metadata.json:  0% /1.582Ki, 0/s, -
 * 1.68.Level_10_Bamboo_C…/youtube_metadata.json:  0% /1.582Ki, 0/s, -

<6>INFO  : 
Transferred:   	    2.227 GiB / 2.609 GiB, 85%, 390.662 KiB/s, ETA 17m5s
Transferred:          897 / 1086, 83%
Elapsed time:   1h27m30.6s
Transferring:
 * 1.68.Level_10_Bamboo_C…Canopy_Cloud-Drill.mp4:100% /10.331Mi, 181.872Ki/s, 0s
 * 1.68.Level_10_Bamboo_C…8.Level_10_Prompt.json:  0% /1.953Ki, 0/s, -
 * 1.68.Level_10_Bamboo_C…_YouTube_Metadata.json:  0% /1.582Ki, 0/s, -
 * 1.68.Level_10_Bamboo_C…/youtube_metadata.json:  0% /1.582Ki, 0/s, -

<6>INFO  : 
Transferred:   	    2.227 GiB / 2.609 GiB, 85%, 204.887 KiB/s, ETA 32m34s
Transferred:          897 / 1086, 83%
Elapsed time:   1h27m40.6s
Transferring:
 * 1.68.Level_10_Bamboo_C…Canopy_Cloud-Drill.mp4:100% /10.331Mi, 95.385Ki/s, 0s
 * 1.68.Level_10_Bamboo_C…8.Level_10_Prompt.json:  0% /1.953Ki, 0/s, -
 * 1.68.Level_10_Bamboo_C…_YouTube_Metadata.json:  0% /1.582Ki, 0/s, -
 * 1.68.Level_10_Bamboo_C…/youtube_metadata.json:  0% /1.582Ki, 0/s, -

<6>INFO  : 1.68.Level_10_Bamboo_Canopy_Cloud-Drill/1.68.Level_10_Prompt.json: Copied (new)
<6>INFO  : 1.68.Level_10_Bamboo_Canopy_Cloud-Drill/youtube_metadata.json: Copied (new)
<6>INFO  : 1.68.Level_10_Bamboo_Canopy_Cloud-Drill/1.68.Level_10_YouTube_Metadata.json: Copied (new)
<6>INFO  : 
Transferred:   	    2.227 GiB / 2.609 GiB, 85%, 107.755 KiB/s, ETA 1h1m56s
Transferred:          900 / 1086, 83%
Elapsed time:   1h27m50.6s
Transferring:
 * 1.68.Level_10_Bamboo_C…Canopy_Cloud-Drill.mp4:100% /10.331Mi, 50.025Ki/s, 0s
 * 1.69.Level_10_The_Tita…9.Level_10_Prompt.json:  0% /2.176Ki, 0/s, -
 * 1.69.Level_10_The_Tita…an_Bamboo_Splitter.mp4:  0% /10.382Mi, 0/s, -
 * 1.69.Level_10_The_Tita…_YouTube_Metadata.json:  0% /1.561Ki, 0/s, -

<6>INFO  : 
Transferred:   	    2.227 GiB / 2.609 GiB, 85%, 56.513 KiB/s, ETA 1h58m5s
Transferred:          900 / 1086, 83%
Elapsed time:    1h28m0.6s
Transferring:
 * 1.68.Level_10_Bamboo_C…Canopy_Cloud-Drill.mp4:100% /10.331Mi, 26.236Ki/s, 0s
 * 1.69.Level_10_The_Tita…9.Level_10_Prompt.json:  0% /2.176Ki, 0/s, -
 * 1.69.Level_10_The_Tita…an_Bamboo_Splitter.mp4:  0% /10.382Mi, 0/s, -
 * 1.69.Level_10_The_Tita…_YouTube_Metadata.json:  0% /1.561Ki, 0/s, -

<6>INFO  : 
Transferred:   	    2.227 GiB / 2.609 GiB, 85%, 29.639 KiB/s, ETA 3h45m10s
Transferred:          900 / 1086, 83%
Elapsed time:   1h28m10.6s
Transferring:
 * 1.68.Level_10_Bamboo_C…Canopy_Cloud-Drill.mp4:100% /10.331Mi, 13.760Ki/s, 0s
 * 1.69.Level_10_The_Tita…9.Level_10_Prompt.json:  0% /2.176Ki, 0/s, -
 * 1.69.Level_10_The_Tita…an_Bamboo_Splitter.mp4:  0% /10.382Mi, 0/s, -
 * 1.69.Level_10_The_Tita…_YouTube_Metadata.json:  0% /1.561Ki, 0/s, -

<6>INFO  : 
Transferred:   	    2.227 GiB / 2.609 GiB, 85%, 15.544 KiB/s, ETA 7h9m21s
Transferred:          900 / 1086, 83%
Elapsed time:   1h28m20.6s
Transferring:
 * 1.68.Level_10_Bamboo_C…Canopy_Cloud-Drill.mp4:100% /10.331Mi, 7.216Ki/s, 0s
 * 1.69.Level_10_The_Tita…9.Level_10_Prompt.json:  0% /2.176Ki, 0/s, -
 * 1.69.Level_10_The_Tita…an_Bamboo_Splitter.mp4:  0% /10.382Mi, 0/s, -
 * 1.69.Level_10_The_Tita…_YouTube_Metadata.json:  0% /1.561Ki, 0/s, -

<6>INFO  : 
Transferred:   	    2.227 GiB / 2.609 GiB, 85%, 8.152 KiB/s, ETA 13h38m39s
Transferred:          900 / 1086, 83%
Elapsed time:   1h28m30.6s
Transferring:
 * 1.68.Level_10_Bamboo_C…Canopy_Cloud-Drill.mp4:100% /10.331Mi, 3.784Ki/s, 0s
 * 1.69.Level_10_The_Tita…9.Level_10_Prompt.json:  0% /2.176Ki, 0/s, -
 * 1.69.Level_10_The_Tita…an_Bamboo_Splitter.mp4:  0% /10.382Mi, 0/s, -
 * 1.69.Level_10_The_Tita…_YouTube_Metadata.json:  0% /1.561Ki, 0/s, -

<6>INFO  : 
Transferred:   	    2.227 GiB / 2.609 GiB, 85%, 4.275 KiB/s, ETA 1d2h58s
Transferred:          900 / 1086, 83%
Elapsed time:   1h28m40.6s
Transferring:
 * 1.68.Level_10_Bamboo_C…Canopy_Cloud-Drill.mp4:100% /10.331Mi, 1.984Ki/s, 0s
 * 1.69.Level_10_The_Tita…9.Level_10_Prompt.json:  0% /2.176Ki, 0/s, -
 * 1.69.Level_10_The_Tita…an_Bamboo_Splitter.mp4:  0% /10.382Mi, 0/s, -
 * 1.69.Level_10_The_Tita…_YouTube_Metadata.json:  0% /1.561Ki, 0/s, -

<6>INFO  : 
Transferred:   	    2.227 GiB / 2.609 GiB, 85%, 2.242 KiB/s, ETA 2d1h36m19s
Transferred:          900 / 1086, 83%
Elapsed time:   1h28m50.6s
Transferring:
 * 1.68.Level_10_Bamboo_C…Canopy_Cloud-Drill.mp4:100% /10.331Mi, 1.041Ki/s, 0s
 * 1.69.Level_10_The_Tita…9.Level_10_Prompt.json:  0% /2.176Ki, 0/s, -
 * 1.69.Level_10_The_Tita…an_Bamboo_Splitter.mp4:  0% /10.382Mi, 0/s, -
 * 1.69.Level_10_The_Tita…_YouTube_Metadata.json:  0% /1.561Ki, 0/s, -

<6>INFO  : 
Transferred:   	    2.227 GiB / 2.609 GiB, 85%, 1.295 KiB/s, ETA 3d13h51m29s
Transferred:          900 / 1086, 83%
Elapsed time:    1h29m0.6s
Transferring:
 * 1.68.Level_10_Bamboo_C…Canopy_Cloud-Drill.mp4:100% /10.331Mi, 559/s, 0s
 * 1.69.Level_10_The_Tita…9.Level_10_Prompt.json:  0% /2.176Ki, 0/s, -
 * 1.69.Level_10_The_Tita…an_Bamboo_Splitter.mp4:  0% /10.382Mi, 0/s, -
 * 1.69.Level_10_The_Tita…_YouTube_Metadata.json:  0% /1.561Ki, 0/s, -

<6>INFO  : 
Transferred:   	    2.227 GiB / 2.609 GiB, 85%, 695 B/s, ETA 6d19h42m28s
Transferred:          900 / 1086, 83%
Elapsed time:   1h29m10.6s
Transferring:
 * 1.68.Level_10_Bamboo_C…Canopy_Cloud-Drill.mp4:100% /10.331Mi, 293/s, 0s
 * 1.69.Level_10_The_Tita…9.Level_10_Prompt.json:  0% /2.176Ki, 0/s, -
 * 1.69.Level_10_The_Tita…an_Bamboo_Splitter.mp4:  0% /10.382Mi, 0/s, -
 * 1.69.Level_10_The_Tita…_YouTube_Metadata.json:  0% /1.561Ki, 0/s, -

<6>INFO  : 
Transferred:   	    2.227 GiB / 2.609 GiB, 85%, 364 B/s, ETA 1w6d8m43s
Transferred:          900 / 1086, 83%
Elapsed time:   1h29m20.6s
Transferring:
 * 1.68.Level_10_Bamboo_C…Canopy_Cloud-Drill.mp4:100% /10.331Mi, 153/s, 0s
 * 1.69.Level_10_The_Tita…9.Level_10_Prompt.json:  0% /2.176Ki, 0/s, -
 * 1.69.Level_10_The_Tita…an_Bamboo_Splitter.mp4:  0% /10.382Mi, 0/s, -
 * 1.69.Level_10_The_Tita…_YouTube_Metadata.json:  0% /1.561Ki, 0/s, -

<6>INFO  : 
Transferred:   	    2.227 GiB / 2.609 GiB, 85%, 191 B/s, ETA 3w3d19h10m26s
Transferred:          900 / 1086, 83%
Elapsed time:   1h29m30.6s
Transferring:
 * 1.68.Level_10_Bamboo_C…Canopy_Cloud-Drill.mp4:100% /10.331Mi, 80/s, 0s
 * 1.69.Level_10_The_Tita…9.Level_10_Prompt.json:  0% /2.176Ki, 0/s, -
 * 1.69.Level_10_The_Tita…an_Bamboo_Splitter.mp4:  0% /10.382Mi, 0/s, -
 * 1.69.Level_10_The_Tita…_YouTube_Metadata.json:  0% /1.561Ki, 0/s, -

<6>INFO  : 
Transferred:   	    2.227 GiB / 2.609 GiB, 85%, 100 B/s, ETA 6w5d6h49m52s
Transferred:          900 / 1086, 83%
Elapsed time:   1h29m40.6s
Transferring:
 * 1.68.Level_10_Bamboo_C…Canopy_Cloud-Drill.mp4:100% /10.331Mi, 42/s, 0s
 * 1.69.Level_10_The_Tita…9.Level_10_Prompt.json:  0% /2.176Ki, 0/s, -
 * 1.69.Level_10_The_Tita…an_Bamboo_Splitter.mp4:  0% /10.382Mi, 0/s, -
 * 1.69.Level_10_The_Tita…_YouTube_Metadata.json:  0% /1.561Ki, 0/s, -

<6>INFO  : 1.69.Level_10_The_Titan_Bamboo_Splitter/1.69.Level_10_YouTube_Metadata.json: Copied (new)
<6>INFO  : 1.69.Level_10_The_Titan_Bamboo_Splitter/1.69.Level_10_Prompt.json: Copied (new)
<6>INFO  : 1.69.Level_10_The_Titan_Bamboo_Splitter/prompt_info.json: Copied (new)
<6>INFO  : 1.69.Level_10_The_Titan_Bamboo_Splitter/youtube_metadata.json: Copied (new)
<6>INFO  : 1.69.Level_10_The_Titan_Bamboo_Splitter/1.69.Level_10_The_Titan_Bamboo_Splitter.mp4: Copied (new)
<6>INFO  : 
Transferred:   	    2.247 GiB / 2.619 GiB, 86%, 664.930 KiB/s, ETA 9m46s
Transferred:          905 / 1086, 83%
Elapsed time:   1h29m50.6s
Transferring:
 * 1.68.Level_10_Bamboo_C…Canopy_Cloud-Drill.mp4:100% /10.331Mi, 3.444Mi/s, 0s
 * 1.70.Level_10_Celestia…_Shoot_Accelerator.mp4:  0% /13.969Mi, 0/s, -
 * 1.70.Level_10_Celestia…0.Level_10_Prompt.json:  0% /2.155Ki, 0/s, -
 * 1.70.Level_10_Celestia…_YouTube_Metadata.json:  0% /1.579Ki, 0/s, -

<6>INFO  : 1.68.Level_10_Bamboo_Canopy_Cloud-Drill/1.68.Level_10_Bamboo_Canopy_Cloud-Drill.mp4: Copied (new)
<6>INFO  : 1.70.Level_10_Celestial_Shoot_Accelerator/1.70.Level_10_Prompt.json: Copied (new)
<6>INFO  : 1.70.Level_10_Celestial_Shoot_Accelerator/1.70.Level_10_YouTube_Metadata.json: Copied (new)
<6>INFO  : 1.70.Level_10_Celestial_Shoot_Accelerator/prompt_info.json: Copied (new)
<6>INFO  : 1.70.Level_10_Celestial_Shoot_Accelerator/1.70.Level_10_Celestial_Shoot_Accelerator.mp4: Copied (new)
<6>INFO  : 1.70.Level_10_Celestial_Shoot_Accelerator/youtube_metadata.json: Copied (new)
<6>INFO  : 1.71.Level_10_The_Bamboo_Ring_Leviathan/1.71.Level_10_Prompt.json: Copied (new)
<6>INFO  : 1.71.Level_10_The_Bamboo_Ring_Leviathan/1.71.Level_10_YouTube_Metadata.json: Copied (new)
<6>INFO  : 1.71.Level_10_The_Bamboo_Ring_Leviathan/prompt_info.json: Copied (new)
<6>INFO  : 1.71.Level_10_The_Bamboo_Ring_Leviathan/1.71.Level_10_The_Bamboo_Ring_Leviathan.mp4: Copied (new)
<6>INFO  : 
Transferred:   	    2.274 GiB / 2.619 GiB, 87%, 1.824 MiB/s, ETA 3m13s
Transferred:          915 / 1086, 84%
Elapsed time:    1h30m0.6s
Transferring:
 * 1.71.Level_10_The_Bamb…/youtube_metadata.json:  0% /1.731Ki, 0/s, -
 * 1.72.Level_10_The_Infi…2.Level_10_Prompt.json:  0% /2.250Ki, 0/s, -
 * 1.72.Level_10_The_Infi…_Bamboo_Grove_City.mp4:  0% /10.751Mi, 0/s, -
 * 1.72.Level_10_The_Infi…_YouTube_Metadata.json:  0% /1.625Ki, 0/s, -

<6>INFO  : 
Transferred:   	    2.274 GiB / 2.619 GiB, 87%, 979.769 KiB/s, ETA 6m9s
Transferred:          915 / 1086, 84%
Elapsed time:   1h30m10.6s
Transferring:
 * 1.71.Level_10_The_Bamb…/youtube_metadata.json:  0% /1.731Ki, 0/s, -
 * 1.72.Level_10_The_Infi…2.Level_10_Prompt.json:  0% /2.250Ki, 0/s, -
 * 1.72.Level_10_The_Infi…_Bamboo_Grove_City.mp4:  0% /10.751Mi, 0/s, -
 * 1.72.Level_10_The_Infi…_YouTube_Metadata.json:  0% /1.625Ki, 0/s, -

<6>INFO  : 
Transferred:   	    2.274 GiB / 2.619 GiB, 87%, 513.945 KiB/s, ETA 11m44s
Transferred:          915 / 1086, 84%
Elapsed time:   1h30m20.6s
Transferring:
 * 1.71.Level_10_The_Bamb…/youtube_metadata.json:  0% /1.731Ki, 0/s, -
 * 1.72.Level_10_The_Infi…2.Level_10_Prompt.json:  0% /2.250Ki, 0/s, -
 * 1.72.Level_10_The_Infi…_Bamboo_Grove_City.mp4:  0% /10.751Mi, 0/s, -
 * 1.72.Level_10_The_Infi…_YouTube_Metadata.json:  0% /1.625Ki, 0/s, -

<6>INFO  : 
Transferred:   	    2.274 GiB / 2.619 GiB, 87%, 269.544 KiB/s, ETA 22m22s
Transferred:          915 / 1086, 84%
Elapsed time:   1h30m30.6s
Transferring:
 * 1.71.Level_10_The_Bamb…/youtube_metadata.json:  0% /1.731Ki, 0/s, -
 * 1.72.Level_10_The_Infi…2.Level_10_Prompt.json:  0% /2.250Ki, 0/s, -
 * 1.72.Level_10_The_Infi…_Bamboo_Grove_City.mp4:  0% /10.751Mi, 0/s, -
 * 1.72.Level_10_The_Infi…_YouTube_Metadata.json:  0% /1.625Ki, 0/s, -

<6>INFO  : 1.71.Level_10_The_Bamboo_Ring_Leviathan/youtube_metadata.json: Copied (new)
<6>INFO  : 1.72.Level_10_The_Infinite_Bamboo_Grove_City/1.72.Level_10_Prompt.json: Copied (new)
<6>INFO  : 1.72.Level_10_The_Infinite_Bamboo_Grove_City/1.72.Level_10_YouTube_Metadata.json: Copied (new)
<6>INFO  : 1.72.Level_10_The_Infinite_Bamboo_Grove_City/1.72.Level_10_The_Infinite_Bamboo_Grove_City.mp4: Copied (new)
<6>INFO  : 1.72.Level_10_The_Infinite_Bamboo_Grove_City/youtube_metadata.json: Copied (new)
<6>INFO  : 1.72.Level_10_The_Infinite_Bamboo_Grove_City/prompt_info.json: Copied (new)
<6>INFO  : 1.73.Level_10_Titanic_Tea_Plucking_Colossus/1.73.Level_10_Prompt.json: Copied (new)
<6>INFO  : 1.73.Level_10_Titanic_Tea_Plucking_Colossus/prompt_info.json: Copied (new)
<6>INFO  : 1.73.Level_10_Titanic_Tea_Plucking_Colossus/youtube_metadata.json: Copied (new)
<6>INFO  : 1.73.Level_10_Titanic_Tea_Plucking_Colossus/1.73.Level_10_YouTube_Metadata.json: Copied (new)
<6>INFO  : 1.73.Level_10_Titanic_Tea_Plucking_Colossus/1.73.Level_10_Titanic_Tea_Plucking_Colossus.mp4: Copied (new)
<6>INFO  : 1.74.Level_10_Skyloom_Tea_Pruning_Ring/1.74.Level_10_Prompt.json: Copied (new)
<6>INFO  : 1.74.Level_10_Skyloom_Tea_Pruning_Ring/1.74.Level_10_YouTube_Metadata.json: Copied (new)
<6>INFO  : 1.74.Level_10_Skyloom_Tea_Pruning_Ring/prompt_info.json: Copied (new)
<6>INFO  : 1.74.Level_10_Skyloom_Tea_Pruning_Ring/1.74.Level_10_Skyloom_Tea_Pruning_Ring.mp4: Copied (new)
<6>INFO  : 1.74.Level_10_Skyloom_Tea_Pruning_Ring/youtube_metadata.json: Copied (new)
<6>INFO  : 1.63.Level_10_The_Verdant_Bamboo_Sky-Loom/1.63.Level_10_Prompt.json: Copied (new)
<6>INFO  : 1.63.Level_10_The_Verdant_Bamboo_Sky-Loom/1.63.Level_10_YouTube_Metadata.json: Copied (new)
<6>INFO  : 1.63.Level_10_The_Verdant_Bamboo_Sky-Loom/1.63.Level_10_The_Verdant_Bamboo_Sky-Loom.mp4: Copied (new)
<6>INFO  : 1.63.Level_10_The_Verdant_Bamboo_Sky-Loom/prompt_info.json: Copied (new)
<6>INFO  : 1.63.Level_10_The_Verdant_Bamboo_Sky-Loom/youtube_metadata.json: Copied (new)
<6>INFO  : 
Transferred:   	    2.323 GiB / 2.619 GiB, 89%, 2.291 MiB/s, ETA 2m12s
Transferred:          936 / 1086, 86%
Elapsed time:   1h30m40.6s
Transferring:
 * 1.351.Level_10_Molten_…lten_Serpent_Forge.mp4:100% /7.625Mi, 7.624Mi/s, 0s
 * 1.351.Level_10_Molten_…1.Level_10_Prompt.json:100% /2.793Ki, 2.792Ki/s, 0s
 * 1.351.Level_10_Molten_…_YouTube_Metadata.json:100% /1.590Ki, 0/s, -
 * 1.351.Level_10_Molten_…Forge/prompt_info.json:100% /2.793Ki, 0/s, -

<6>INFO  : 1.351.Level_10_Molten_Serpent_Forge/1.351.Level_10_Prompt.json: Copied (new)
<6>INFO  : 1.351.Level_10_Molten_Serpent_Forge/1.351.Level_10_YouTube_Metadata.json: Copied (new)
<6>INFO  : 1.351.Level_10_Molten_Serpent_Forge/prompt_info.json: Copied (new)
<6>INFO  : 1.351.Level_10_Molten_Serpent_Forge/1.351.Level_10_Molten_Serpent_Forge.mp4: Copied (new)
<6>INFO  : 1.351.Level_10_Molten_Serpent_Forge/youtube_metadata.json: Copied (new)
<6>INFO  : 1.64.Level_10_Jade_Spire_Harvesting_Spider/prompt_info.json: Copied (new)
<6>INFO  : 1.64.Level_10_Jade_Spire_Harvesting_Spider/1.64.Level_10_Prompt.json: Copied (new)
<6>INFO  : 1.64.Level_10_Jade_Spire_Harvesting_Spider/1.64.Level_10_YouTube_Metadata.json: Copied (new)
<6>INFO  : 1.64.Level_10_Jade_Spire_Harvesting_Spider/1.64.Level_10_Jade_Spire_Harvesting_Spider.mp4: Copied (new)
<6>INFO  : 1.64.Level_10_Jade_Spire_Harvesting_Spider/youtube_metadata.json: Copied (new)
<6>INFO  : 1.79.Level_10_Mountain_Compost_Walker/1.79.Level_10_Prompt.json: Copied (new)
<6>INFO  : 1.79.Level_10_Mountain_Compost_Walker/1.79.Level_10_YouTube_Metadata.json: Copied (new)
<6>INFO  : 1.79.Level_10_Mountain_Compost_Walker/prompt_info.json: Copied (new)
<6>INFO  : 1.79.Level_10_Mountain_Compost_Walker/1.79.Level_10_Mountain_Compost_Walker.mp4: Copied (new)
<6>INFO  : 1.78.Level_10_Colossus_Leaf_Sorting_Wheel/1.78.Level_10_Prompt.json: Copied (new)
<6>INFO  : 1.78.Level_10_Colossus_Leaf_Sorting_Wheel/1.78.Level_10_YouTube_Metadata.json: Copied (new)
<6>INFO  : 1.78.Level_10_Colossus_Leaf_Sorting_Wheel/prompt_info.json: Copied (new)
<6>INFO  : 1.78.Level_10_Colossus_Leaf_Sorting_Wheel/1.78.Level_10_Colossus_Leaf_Sorting_Wheel.mp4: Copied (new)
<6>INFO  : 1.79.Level_10_Mountain_Compost_Walker/youtube_metadata.json: Copied (new)
<6>INFO  : 1.78.Level_10_Colossus_Leaf_Sorting_Wheel/youtube_metadata.json: Copied (new)
<6>INFO  : 1.80.Level_10_Terrace-Shaping_Earth_Titan/1.80.Level_10_Prompt.json: Copied (new)
<6>INFO  : 1.80.Level_10_Terrace-Shaping_Earth_Titan/prompt_info.json: Copied (new)
<6>INFO  : 1.80.Level_10_Terrace-Shaping_Earth_Titan/1.80.Level_10_YouTube_Metadata.json: Copied (new)
<6>INFO  : 1.80.Level_10_Terrace-Shaping_Earth_Titan/1.80.Level_10_Terrace-Shaping_Earth_Titan.mp4: Copied (new)
<6>INFO  : 1.80.Level_10_Terrace-Shaping_Earth_Titan/youtube_metadata.json: Copied (new)
<6>INFO  : 1.81.Level_10_Solar_Tea_Harvesting_Cathedral/1.81.Level_10_Prompt.json: Copied (new)
<6>INFO  : 1.81.Level_10_Solar_Tea_Harvesting_Cathedral/1.81.Level_10_YouTube_Metadata.json: Copied (new)
<6>INFO  : 1.81.Level_10_Solar_Tea_Harvesting_Cathedral/1.81.Level_10_Solar_Tea_Harvesting_Cathedral.mp4: Copied (new)
<6>INFO  : 1.81.Level_10_Solar_Tea_Harvesting_Cathedral/prompt_info.json: Copied (new)
<6>INFO  : 1.81.Level_10_Solar_Tea_Harvesting_Cathedral/youtube_metadata.json: Copied (new)
<6>INFO  : 1.82.Level_10_Orbital_Tea_Garden_Caretaker/1.82.Level_10_Prompt.json: Copied (new)
<6>INFO  : 1.82.Level_10_Orbital_Tea_Garden_Caretaker/1.82.Level_10_YouTube_Metadata.json: Copied (new)
<6>INFO  : 
Transferred:   	    2.380 GiB / 2.619 GiB, 91%, 4.441 MiB/s, ETA 55s
Transferred:          968 / 1086, 89%
Elapsed time:   1h30m50.6s
Transferring:
 * 1.82.Level_10_Orbital_…a_Garden_Caretaker.mp4: 59% /13.385Mi, 4.000Mi/s, 1s
 * 1.82.Level_10_Orbital_…taker/prompt_info.json:  0% /1.992Ki, 0/s, -
 * 1.82.Level_10_Orbital_…/youtube_metadata.json:  0% /1.557Ki, 0/s, -
 * 1.83.Level_10_The_Gold…3.Level_10_Prompt.json:  0% /2.032Ki, 0/s, -

<6>INFO  : 1.82.Level_10_Orbital_Tea_Garden_Caretaker/prompt_info.json: Copied (new)
<6>INFO  : 1.82.Level_10_Orbital_Tea_Garden_Caretaker/1.82.Level_10_Orbital_Tea_Garden_Caretaker.mp4: Copied (new)
<6>INFO  : 1.82.Level_10_Orbital_Tea_Garden_Caretaker/youtube_metadata.json: Copied (new)
<6>INFO  : 1.83.Level_10_The_Golden_Bunch_Orbital_Harvester/1.83.Level_10_Prompt.json: Copied (new)
<6>INFO  : 1.83.Level_10_The_Golden_Bunch_Orbital_Harvester/1.83.Level_10_YouTube_Metadata.json: Copied (new)
<6>INFO  : 1.83.Level_10_The_Golden_Bunch_Orbital_Harvester/prompt_info.json: Copied (new)
<6>INFO  : 1.83.Level_10_The_Golden_Bunch_Orbital_Harvester/1.83.Level_10_The_Golden_Bunch_Orbital_Harvester.mp4: Copied (new)
<6>INFO  : 1.83.Level_10_The_Golden_Bunch_Orbital_Harvester/youtube_metadata.json: Copied (new)
<6>INFO  : 1.84.Level_10_Tropical_Frond_Solar_Siphon/1.84.Level_10_Prompt.json: Copied (new)
<6>INFO  : 
Transferred:   	    2.395 GiB / 2.619 GiB, 91%, 2.934 MiB/s, ETA 1m18s
Transferred:          977 / 1086, 90%
Elapsed time:    1h31m0.6s
Transferring:
 * 1.84.Level_10_Tropical…Frond_Solar_Siphon.mp4:  0% /10.323Mi, 0/s, -
 * 1.84.Level_10_Tropical…_YouTube_Metadata.json:  0% /1.606Ki, 0/s, -
 * 1.84.Level_10_Tropical…iphon/prompt_info.json:  0% /2.430Ki, 0/s, -
 * 1.84.Level_10_Tropical…/youtube_metadata.json:  0% /1.606Ki, 0/s, -

<6>INFO  : 
Transferred:   	    2.395 GiB / 2.619 GiB, 91%, 1.539 MiB/s, ETA 2m29s
Transferred:          977 / 1086, 90%
Elapsed time:   1h31m10.6s
Transferring:
 * 1.84.Level_10_Tropical…Frond_Solar_Siphon.mp4:  0% /10.323Mi, 0/s, -
 * 1.84.Level_10_Tropical…_YouTube_Metadata.json:  0% /1.606Ki, 0/s, -
 * 1.84.Level_10_Tropical…iphon/prompt_info.json:  0% /2.430Ki, 0/s, -
 * 1.84.Level_10_Tropical…/youtube_metadata.json:  0% /1.606Ki, 0/s, -

<6>INFO  : 
Transferred:   	    2.395 GiB / 2.619 GiB, 91%, 826.478 KiB/s, ETA 4m44s
Transferred:          977 / 1086, 90%
Elapsed time:   1h31m20.6s
Transferring:
 * 1.84.Level_10_Tropical…Frond_Solar_Siphon.mp4:  0% /10.323Mi, 0/s, -
 * 1.84.Level_10_Tropical…_YouTube_Metadata.json:  0% /1.606Ki, 0/s, -
 * 1.84.Level_10_Tropical…iphon/prompt_info.json:  0% /2.430Ki, 0/s, -
 * 1.84.Level_10_Tropical…/youtube_metadata.json:  0% /1.606Ki, 0/s, -

<6>INFO  : 
Transferred:   	    2.395 GiB / 2.619 GiB, 91%, 433.455 KiB/s, ETA 9m1s
Transferred:          977 / 1086, 90%
Elapsed time:   1h31m30.6s
Transferring:
 * 1.84.Level_10_Tropical…Frond_Solar_Siphon.mp4:  0% /10.323Mi, 0/s, -
 * 1.84.Level_10_Tropical…_YouTube_Metadata.json:  0% /1.606Ki, 0/s, -
 * 1.84.Level_10_Tropical…iphon/prompt_info.json:  0% /2.430Ki, 0/s, -
 * 1.84.Level_10_Tropical…/youtube_metadata.json:  0% /1.606Ki, 0/s, -

<6>INFO  : 
Transferred:   	    2.395 GiB / 2.619 GiB, 91%, 227.330 KiB/s, ETA 17m13s
Transferred:          977 / 1086, 90%
Elapsed time:   1h31m40.6s
Transferring:
 * 1.84.Level_10_Tropical…Frond_Solar_Siphon.mp4:  0% /10.323Mi, 0/s, -
 * 1.84.Level_10_Tropical…_YouTube_Metadata.json:  0% /1.606Ki, 0/s, -
 * 1.84.Level_10_Tropical…iphon/prompt_info.json:  0% /2.430Ki, 0/s, -
 * 1.84.Level_10_Tropical…/youtube_metadata.json:  0% /1.606Ki, 0/s, -

<6>INFO  : 1.84.Level_10_Tropical_Frond_Solar_Siphon/1.84.Level_10_YouTube_Metadata.json: Copied (new)
<6>INFO  : 1.84.Level_10_Tropical_Frond_Solar_Siphon/youtube_metadata.json: Copied (new)
<6>INFO  : 1.84.Level_10_Tropical_Frond_Solar_Siphon/prompt_info.json: Copied (new)
<6>INFO  : 1.84.Level_10_Tropical_Frond_Solar_Siphon/1.84.Level_10_Tropical_Frond_Solar_Siphon.mp4: Copied (new)
<6>INFO  : 1.85.Level_10_The_Banana_Canopy_Leviathan/1.85.Level_10_Prompt.json: Copied (new)
<6>INFO  : 
Transferred:   	    2.416 GiB / 2.619 GiB, 92%, 748.214 KiB/s, ETA 4m44s
Transferred:          982 / 1086, 90%
Elapsed time:   1h31m50.6s
Transferring:
 * 1.85.Level_10_The_Bana…a_Canopy_Leviathan.mp4:100% /11.277Mi, 0/s, -
 * 1.85.Level_10_The_Bana…_YouTube_Metadata.json:100% /1.680Ki, 1.679Ki/s, 0s
 * 1.85.Level_10_The_Bana…athan/prompt_info.json:100% /2.454Ki, 2.453Ki/s, 0s
 * 1.85.Level_10_The_Bana…/youtube_metadata.json:  0% /1.680Ki, 0/s, -

<6>INFO  : 1.85.Level_10_The_Banana_Canopy_Leviathan/prompt_info.json: Copied (new)
<6>INFO  : 1.85.Level_10_The_Banana_Canopy_Leviathan/1.85.Level_10_YouTube_Metadata.json: Copied (new)
<6>INFO  : 1.85.Level_10_The_Banana_Canopy_Leviathan/1.85.Level_10_The_Banana_Canopy_Leviathan.mp4: Copied (new)
<6>INFO  : 1.85.Level_10_The_Banana_Canopy_Leviathan/youtube_metadata.json: Copied (new)
<6>INFO  : 1.87.Level_10_The_Titan_Fruit_Loom/1.87.Level_10_Prompt.json: Copied (new)
<6>INFO  : 1.87.Level_10_The_Titan_Fruit_Loom/1.87.Level_10_YouTube_Metadata.json: Copied (new)
<6>INFO  : 1.87.Level_10_The_Titan_Fruit_Loom/prompt_info.json: Copied (new)
<6>INFO  : 1.87.Level_10_The_Titan_Fruit_Loom/1.87.Level_10_The_Titan_Fruit_Loom.mp4: Copied (new)
<6>INFO  : 1.87.Level_10_The_Titan_Fruit_Loom/youtube_metadata.json: Copied (new)
<6>INFO  : 1.88.Level_10_Monsoon_Banana_Ripening_Dome/1.88.Level_10_YouTube_Metadata.json: Copied (new)
<6>INFO  : 1.88.Level_10_Monsoon_Banana_Ripening_Dome/1.88.Level_10_Prompt.json: Copied (new)
<6>INFO  : 1.88.Level_10_Monsoon_Banana_Ripening_Dome/1.88.Level_10_Monsoon_Banana_Ripening_Dome.mp4: Copied (new)
<6>INFO  : 1.88.Level_10_Monsoon_Banana_Ripening_Dome/prompt_info.json: Copied (new)
<6>INFO  : 1.88.Level_10_Monsoon_Banana_Ripening_Dome/youtube_metadata.json: Copied (new)
<6>INFO  : 
Transferred:   	    2.452 GiB / 2.619 GiB, 94%, 2.405 MiB/s, ETA 1m11s
Transferred:          996 / 1086, 92%
Elapsed time:    1h32m0.6s
Transferring:
 * 1.86.Level_10_Plantati…Monorail_Harvester.mp4:100% /12.843Mi, 2.141Mi/s, 0s
 * 1.86.Level_10_Plantati…6.Level_10_Prompt.json:  0% /2.331Ki, 0/s, -
 * 1.86.Level_10_Plantati…_YouTube_Metadata.json:  0% /1.733Ki, 0/s, -
 * 1.86.Level_10_Plantati…ester/prompt_info.json:  0% /2.331Ki, 0/s, -

<6>INFO  : 
Transferred:   	    2.452 GiB / 2.619 GiB, 94%, 1.261 MiB/s, ETA 2m15s
Transferred:          996 / 1086, 92%
Elapsed time:   1h32m10.6s
Transferring:
 * 1.86.Level_10_Plantati…Monorail_Harvester.mp4:100% /12.843Mi, 821.959Ki/s, 0s
 * 1.86.Level_10_Plantati…6.Level_10_Prompt.json:  0% /2.331Ki, 0/s, -
 * 1.86.Level_10_Plantati…_YouTube_Metadata.json:  0% /1.733Ki, 0/s, -
 * 1.86.Level_10_Plantati…ester/prompt_info.json:  0% /2.331Ki, 0/s, -

<6>INFO  : 
Transferred:   	    2.452 GiB / 2.619 GiB, 94%, 677.479 KiB/s, ETA 4m18s
Transferred:          996 / 1086, 92%
Elapsed time:   1h32m20.6s
Transferring:
 * 1.86.Level_10_Plantati…Monorail_Harvester.mp4:100% /12.843Mi, 431.085Ki/s, 0s
 * 1.86.Level_10_Plantati…6.Level_10_Prompt.json:  0% /2.331Ki, 0/s, -
 * 1.86.Level_10_Plantati…_YouTube_Metadata.json:  0% /1.733Ki, 0/s, -
 * 1.86.Level_10_Plantati…ester/prompt_info.json:  0% /2.331Ki, 0/s, -

<6>INFO  : 
Transferred:   	    2.452 GiB / 2.619 GiB, 94%, 355.311 KiB/s, ETA 8m13s
Transferred:          996 / 1086, 92%
Elapsed time:   1h32m30.6s
Transferring:
 * 1.86.Level_10_Plantati…Monorail_Harvester.mp4:100% /12.843Mi, 226.087Ki/s, 0s
 * 1.86.Level_10_Plantati…6.Level_10_Prompt.json:  0% /2.331Ki, 0/s, -
 * 1.86.Level_10_Plantati…_YouTube_Metadata.json:  0% /1.733Ki, 0/s, -
 * 1.86.Level_10_Plantati…ester/prompt_info.json:  0% /2.331Ki, 0/s, -

<6>INFO  : 
Transferred:   	    2.452 GiB / 2.619 GiB, 94%, 186.346 KiB/s, ETA 15m40s
Transferred:          996 / 1086, 92%
Elapsed time:   1h32m40.6s
Transferring:
 * 1.86.Level_10_Plantati…Monorail_Harvester.mp4:100% /12.843Mi, 118.573Ki/s, 0s
 * 1.86.Level_10_Plantati…6.Level_10_Prompt.json:  0% /2.331Ki, 0/s, -
 * 1.86.Level_10_Plantati…_YouTube_Metadata.json:  0% /1.733Ki, 0/s, -
 * 1.86.Level_10_Plantati…ester/prompt_info.json:  0% /2.331Ki, 0/s, -

<6>INFO  : 1.86.Level_10_Plantation_Monorail_Harvester/1.86.Level_10_Prompt.json: Copied (new)
<6>INFO  : 1.86.Level_10_Plantation_Monorail_Harvester/prompt_info.json: Copied (new)
<6>INFO  : 1.86.Level_10_Plantation_Monorail_Harvester/1.86.Level_10_YouTube_Metadata.json: Copied (new)
<6>INFO  : 
Transferred:   	    2.452 GiB / 2.619 GiB, 94%, 98.105 KiB/s, ETA 29m46s
Transferred:          999 / 1086, 92%
Elapsed time:   1h32m50.6s
Transferring:
 * 1.86.Level_10_Plantati…Monorail_Harvester.mp4:100% /12.843Mi, 62.187Ki/s, 0s
 * 1.86.Level_10_Plantati…/youtube_metadata.json:  0% /1.733Ki, 0/s, -
 * 1.76.Level_10_Rootwate…6.Level_10_Prompt.json:  0% /2.300Ki, 0/s, -
 * 1.76.Level_10_Rootwate…er_Planetary_Drill.mp4:  0% /7.924Mi, 0/s, -

<6>INFO  : 1.76.Level_10_Rootwater_Planetary_Drill/1.76.Level_10_Prompt.json: Copied (new)
<6>INFO  : 1.86.Level_10_Plantation_Monorail_Harvester/youtube_metadata.json: Copied (new)
<6>INFO  : 
Transferred:   	    2.460 GiB / 2.627 GiB, 94%, 419.036 KiB/s, ETA 6m58s
Transferred:         1001 / 1086, 92%
Elapsed time:    1h33m0.6s
Transferring:
 * 1.86.Level_10_Plantati…Monorail_Harvester.mp4:100% /12.843Mi, 32.614Ki/s, 0s
 * 1.76.Level_10_Rootwate…er_Planetary_Drill.mp4:  0% /7.924Mi, 0/s, -
 * 1.76.Level_10_Rootwate…_YouTube_Metadata.json:  0% /1.646Ki, 0/s, -
 * 1.76.Level_10_Rootwate…Drill/prompt_info.json:  0% /2.300Ki, 0/s, -

<6>INFO  : 
Transferred:   	    2.460 GiB / 2.627 GiB, 94%, 219.768 KiB/s, ETA 13m17s
Transferred:         1001 / 1086, 92%
Elapsed time:   1h33m10.6s
Transferring:
 * 1.86.Level_10_Plantati…Monorail_Harvester.mp4:100% /12.843Mi, 17.104Ki/s, 0s
 * 1.76.Level_10_Rootwate…er_Planetary_Drill.mp4:  0% /7.924Mi, 0/s, -
 * 1.76.Level_10_Rootwate…_YouTube_Metadata.json:  0% /1.646Ki, 0/s, -
 * 1.76.Level_10_Rootwate…Drill/prompt_info.json:  0% /2.300Ki, 0/s, -

<6>INFO  : 
Transferred:   	    2.460 GiB / 2.627 GiB, 94%, 115.259 KiB/s, ETA 25m20s
Transferred:         1001 / 1086, 92%
Elapsed time:   1h33m20.6s
Transferring:
 * 1.86.Level_10_Plantati…Monorail_Harvester.mp4:100% /12.843Mi, 8.971Ki/s, 0s
 * 1.76.Level_10_Rootwate…er_Planetary_Drill.mp4:  0% /7.924Mi, 0/s, -
 * 1.76.Level_10_Rootwate…_YouTube_Metadata.json:  0% /1.646Ki, 0/s, -
 * 1.76.Level_10_Rootwate…Drill/prompt_info.json:  0% /2.300Ki, 0/s, -

<6>INFO  : 
Transferred:   	    2.460 GiB / 2.627 GiB, 94%, 60.448 KiB/s, ETA 48m19s
Transferred:         1001 / 1086, 92%
Elapsed time:   1h33m30.6s
Transferring:
 * 1.86.Level_10_Plantati…Monorail_Harvester.mp4:100% /12.843Mi, 4.704Ki/s, 0s
 * 1.76.Level_10_Rootwate…er_Planetary_Drill.mp4:  0% /7.924Mi, 0/s, -
 * 1.76.Level_10_Rootwate…_YouTube_Metadata.json:  0% /1.646Ki, 0/s, -
 * 1.76.Level_10_Rootwate…Drill/prompt_info.json:  0% /2.300Ki, 0/s, -

<6>INFO  : 
Transferred:   	    2.460 GiB / 2.627 GiB, 94%, 31.703 KiB/s, ETA 1h32m9s
Transferred:         1001 / 1086, 92%
Elapsed time:   1h33m40.6s
Transferring:
 * 1.86.Level_10_Plantati…Monorail_Harvester.mp4:100% /12.843Mi, 2.467Ki/s, 0s
 * 1.76.Level_10_Rootwate…er_Planetary_Drill.mp4:  0% /7.924Mi, 0/s, -
 * 1.76.Level_10_Rootwate…_YouTube_Metadata.json:  0% /1.646Ki, 0/s, -
 * 1.76.Level_10_Rootwate…Drill/prompt_info.json:  0% /2.300Ki, 0/s, -

<6>INFO  : 1.76.Level_10_Rootwater_Planetary_Drill/prompt_info.json: Copied (new)
<6>INFO  : 1.76.Level_10_Rootwater_Planetary_Drill/1.76.Level_10_YouTube_Metadata.json: Copied (new)
<6>INFO  : 1.76.Level_10_Rootwater_Planetary_Drill/1.76.Level_10_Rootwater_Planetary_Drill.mp4: Copied (new)
<6>INFO  : 1.76.Level_10_Rootwater_Planetary_Drill/youtube_metadata.json: Copied (new)
<6>INFO  : 1.77.Level_10_Tea_Garden_Climate_Engine/1.77.Level_10_Prompt.json: Copied (new)
<6>INFO  : 1.86.Level_10_Plantation_Monorail_Harvester/1.86.Level_10_Plantation_Monorail_Harvester.mp4: Copied (new)
<6>INFO  : 1.77.Level_10_Tea_Garden_Climate_Engine/1.77.Level_10_Tea_Garden_Climate_Engine.mp4: Copied (new)
<6>INFO  : 1.77.Level_10_Tea_Garden_Climate_Engine/1.77.Level_10_YouTube_Metadata.json: Copied (new)
<6>INFO  : 1.77.Level_10_Tea_Garden_Climate_Engine/prompt_info.json: Copied (new)
<6>INFO  : 1.77.Level_10_Tea_Garden_Climate_Engine/youtube_metadata.json: Copied (new)
<6>INFO  : 1.344.Level_10_Solar_Mirror_Excavation_Swarm/1.344.Level_10_Prompt.json: Copied (new)
<6>INFO  : 1.344.Level_10_Solar_Mirror_Excavation_Swarm/1.344.Level_10_YouTube_Metadata.json: Copied (new)
<6>INFO  : 1.344.Level_10_Solar_Mirror_Excavation_Swarm/1.344.Level_10_Solar_Mirror_Excavation_Swarm.mp4: Copied (new)
<6>INFO  : 1.344.Level_10_Solar_Mirror_Excavation_Swarm/prompt_info.json: Copied (new)
<6>INFO  : 
Transferred:   	    2.514 GiB / 2.640 GiB, 95%, 2.235 MiB/s, ETA 57s
Transferred:         1015 / 1086, 93%
Elapsed time:   1h33m50.6s
Transferring:
 * 1.344.Level_10_Solar_M…/youtube_metadata.json:100% /912, 911/s, 0s
 * 1.92.Level_10_The_Infi…2.Level_10_Prompt.json:100% /2.289Ki, 2.288Ki/s, 0s
 * 1.92.Level_10_The_Infi…antation_Caretaker.mp4:100% /15.106Mi, 0/s, -
 * 1.92.Level_10_The_Infi…_YouTube_Metadata.json:100% /1.667Ki, 0/s, -

<6>INFO  : 1.92.Level_10_The_Infinite_Plantation_Caretaker/1.92.Level_10_Prompt.json: Copied (new)
<6>INFO  : 1.344.Level_10_Solar_Mirror_Excavation_Swarm/youtube_metadata.json: Copied (new)
<6>INFO  : 1.92.Level_10_The_Infinite_Plantation_Caretaker/1.92.Level_10_YouTube_Metadata.json: Copied (new)
<6>INFO  : 1.92.Level_10_The_Infinite_Plantation_Caretaker/1.92.Level_10_The_Infinite_Plantation_Caretaker.mp4: Copied (new)
<6>INFO  : 1.92.Level_10_The_Infinite_Plantation_Caretaker/prompt_info.json: Copied (new)
<6>INFO  : 1.93.Level_10_Orchard_Moon_Harvester/1.93.Level_10_Prompt.json: Copied (new)
<6>INFO  : 1.92.Level_10_The_Infinite_Plantation_Caretaker/youtube_metadata.json: Copied (new)
<6>INFO  : 1.93.Level_10_Orchard_Moon_Harvester/1.93.Level_10_YouTube_Metadata.json: Copied (new)
<6>INFO  : 1.93.Level_10_Orchard_Moon_Harvester/1.93.Level_10_Orchard_Moon_Harvester.mp4: Copied (new)
<6>INFO  : 1.93.Level_10_Orchard_Moon_Harvester/prompt_info.json: Copied (new)
<6>INFO  : 1.93.Level_10_Orchard_Moon_Harvester/youtube_metadata.json: Copied (new)
<6>INFO  : 1.94.Level_10_Titan_Root_Sculptor/1.94.Level_10_Prompt.json: Copied (new)
<6>INFO  : 1.94.Level_10_Titan_Root_Sculptor/1.94.Level_10_Titan_Root_Sculptor.mp4: Copied (new)
<6>INFO  : 1.94.Level_10_Titan_Root_Sculptor/1.94.Level_10_YouTube_Metadata.json: Copied (new)
<6>INFO  : 1.94.Level_10_Titan_Root_Sculptor/prompt_info.json: Copied (new)
<6>INFO  : 
Transferred:   	    2.530 GiB / 2.640 GiB, 96%, 2.360 MiB/s, ETA 47s
Transferred:         1030 / 1086, 95%
Elapsed time:    1h34m0.6s
Transferring:
 * 1.94.Level_10_Titan_Ro…/youtube_metadata.json:  0% /1.679Ki, 0/s, -
 * 1.95.Level_10_Sky_Orch…5.Level_10_Prompt.json:  0% /2.193Ki, 0/s, -
 * 1.95.Level_10_Sky_Orch…y_Orchard_Shepherd.mp4:  0% /13.245Mi, 0/s, -
 * 1.95.Level_10_Sky_Orch…_YouTube_Metadata.json:  0% /1.804Ki, 0/s, -

<6>INFO  : 
Transferred:   	    2.530 GiB / 2.640 GiB, 96%, 1.238 MiB/s, ETA 1m30s
Transferred:         1030 / 1086, 95%
Elapsed time:   1h34m10.6s
Transferring:
 * 1.94.Level_10_Titan_Ro…/youtube_metadata.json:  0% /1.679Ki, 0/s, -
 * 1.95.Level_10_Sky_Orch…5.Level_10_Prompt.json:  0% /2.193Ki, 0/s, -
 * 1.95.Level_10_Sky_Orch…y_Orchard_Shepherd.mp4:  0% /13.245Mi, 0/s, -
 * 1.95.Level_10_Sky_Orch…_YouTube_Metadata.json:  0% /1.804Ki, 0/s, -

<6>INFO  : 
Transferred:   	    2.530 GiB / 2.640 GiB, 96%, 664.679 KiB/s, ETA 2m53s
Transferred:         1030 / 1086, 95%
Elapsed time:   1h34m20.6s
Transferring:
 * 1.94.Level_10_Titan_Ro…/youtube_metadata.json:  0% /1.679Ki, 0/s, -
 * 1.95.Level_10_Sky_Orch…5.Level_10_Prompt.json:  0% /2.193Ki, 0/s, -
 * 1.95.Level_10_Sky_Orch…y_Orchard_Shepherd.mp4:  0% /13.245Mi, 0/s, -
 * 1.95.Level_10_Sky_Orch…_YouTube_Metadata.json:  0% /1.804Ki, 0/s, -

<6>INFO  : 
Transferred:   	    2.530 GiB / 2.640 GiB, 96%, 348.598 KiB/s, ETA 5m30s
Transferred:         1030 / 1086, 95%
Elapsed time:   1h34m30.6s
Transferring:
 * 1.94.Level_10_Titan_Ro…/youtube_metadata.json:  0% /1.679Ki, 0/s, -
 * 1.95.Level_10_Sky_Orch…5.Level_10_Prompt.json:  0% /2.193Ki, 0/s, -
 * 1.95.Level_10_Sky_Orch…y_Orchard_Shepherd.mp4:  0% /13.245Mi, 0/s, -
 * 1.95.Level_10_Sky_Orch…_YouTube_Metadata.json:  0% /1.804Ki, 0/s, -

<6>INFO  : 
Transferred:   	    2.530 GiB / 2.640 GiB, 96%, 182.825 KiB/s, ETA 10m29s
Transferred:         1030 / 1086, 95%
Elapsed time:   1h34m40.6s
Transferring:
 * 1.94.Level_10_Titan_Ro…/youtube_metadata.json:  0% /1.679Ki, 0/s, -
 * 1.95.Level_10_Sky_Orch…5.Level_10_Prompt.json:  0% /2.193Ki, 0/s, -
 * 1.95.Level_10_Sky_Orch…y_Orchard_Shepherd.mp4:  0% /13.245Mi, 0/s, -
 * 1.95.Level_10_Sky_Orch…_YouTube_Metadata.json:  0% /1.804Ki, 0/s, -

<6>INFO  : 1.95.Level_10_Sky_Orchard_Shepherd/1.95.Level_10_Prompt.json: Copied (new)
<6>INFO  : 1.95.Level_10_Sky_Orchard_Shepherd/1.95.Level_10_YouTube_Metadata.json: Copied (new)
<6>INFO  : 1.94.Level_10_Titan_Root_Sculptor/youtube_metadata.json: Copied (new)
<6>INFO  : 1.95.Level_10_Sky_Orchard_Shepherd/1.95.Level_10_Sky_Orchard_Shepherd.mp4: Copied (new)
<6>INFO  : 1.95.Level_10_Sky_Orchard_Shepherd/youtube_metadata.json: Copied (new)
<6>INFO  : 1.95.Level_10_Sky_Orchard_Shepherd/prompt_info.json: Copied (new)
<6>INFO  : 1.96.Level_10_Apple_Gravity_Elevator/1.96.Level_10_YouTube_Metadata.json: Copied (new)
<6>INFO  : 1.96.Level_10_Apple_Gravity_Elevator/1.96.Level_10_Prompt.json: Copied (new)
<6>INFO  : 1.96.Level_10_Apple_Gravity_Elevator/prompt_info.json: Copied (new)
<6>INFO  : 1.96.Level_10_Apple_Gravity_Elevator/1.96.Level_10_Apple_Gravity_Elevator.mp4: Copied (new)
<6>INFO  : 
Transferred:   	    2.553 GiB / 2.640 GiB, 97%, 1.509 MiB/s, ETA 58s
Transferred:         1040 / 1086, 96%
Elapsed time:   1h34m50.6s
Transferring:
 * 1.96.Level_10_Apple_Gr…/youtube_metadata.json:100% /1.622Ki, 0/s, -
 * 1.97.Level_10_Colossus…_Pollination_Wheel.mp4:  0% /11.453Mi, 0/s, -
 * 1.97.Level_10_Colossus…7.Level_10_Prompt.json:100% /2.341Ki, 0/s, -
 * 1.97.Level_10_Colossus…_YouTube_Metadata.json:  0% /1.788Ki, 0/s, -

<6>INFO  : 1.96.Level_10_Apple_Gravity_Elevator/youtube_metadata.json: Copied (new)
<6>INFO  : 1.97.Level_10_Colossus_Pollination_Wheel/1.97.Level_10_Prompt.json: Copied (new)
<6>INFO  : 1.97.Level_10_Colossus_Pollination_Wheel/1.97.Level_10_YouTube_Metadata.json: Copied (new)
<6>INFO  : 1.97.Level_10_Colossus_Pollination_Wheel/1.97.Level_10_Colossus_Pollination_Wheel.mp4: Copied (new)
<6>INFO  : 1.97.Level_10_Colossus_Pollination_Wheel/prompt_info.json: Copied (new)
<6>INFO  : 1.97.Level_10_Colossus_Pollination_Wheel/youtube_metadata.json: Copied (new)
<6>INFO  : 1.98.Level_10_Orchard_Time_Engine/1.98.Level_10_Prompt.json: Copied (new)
<6>INFO  : 1.98.Level_10_Orchard_Time_Engine/prompt_info.json: Copied (new)
<6>INFO  : 1.98.Level_10_Orchard_Time_Engine/1.98.Level_10_YouTube_Metadata.json: Copied (new)
<6>INFO  : 1.98.Level_10_Orchard_Time_Engine/1.98.Level_10_Orchard_Time_Engine.mp4: Copied (new)
<6>INFO  : 1.98.Level_10_Orchard_Time_Engine/youtube_metadata.json: Copied (new)
<6>INFO  : 1.99.Level_10_Titanic_Apple_Sorter/1.99.Level_10_Prompt.json: Copied (new)
<6>INFO  : 1.99.Level_10_Titanic_Apple_Sorter/1.99.Level_10_YouTube_Metadata.json: Copied (new)
<6>INFO  : 1.99.Level_10_Titanic_Apple_Sorter/1.99.Level_10_Titanic_Apple_Sorter.mp4: Copied (new)
<6>INFO  : 
Transferred:   	    2.580 GiB / 2.640 GiB, 98%, 1.908 MiB/s, ETA 31s
Transferred:         1054 / 1086, 97%
Elapsed time:    1h35m0.6s
Transferring:
 * 1.99.Level_10_Titanic_…orter/prompt_info.json:  0% /2.498Ki, 0/s, -
 * 1.99.Level_10_Titanic_…/youtube_metadata.json:  0% /1.687Ki, 0/s, -
 * 1.89.Level_10_The_Plan…9.Level_10_Prompt.json:  0% /2.182Ki, 0/s, -
 * 1.89.Level_10_The_Plan…ary_Peel_Excavator.mp4:  0% /7.698Mi, 0/s, -

<6>INFO  : 
Transferred:   	    2.580 GiB / 2.640 GiB, 98%, 1.001 MiB/s, ETA 1m
Transferred:         1054 / 1086, 97%
Elapsed time:   1h35m10.6s
Transferring:
 * 1.99.Level_10_Titanic_…orter/prompt_info.json:  0% /2.498Ki, 0/s, -
 * 1.99.Level_10_Titanic_…/youtube_metadata.json:  0% /1.687Ki, 0/s, -
 * 1.89.Level_10_The_Plan…9.Level_10_Prompt.json:  0% /2.182Ki, 0/s, -
 * 1.89.Level_10_The_Plan…ary_Peel_Excavator.mp4:  0% /7.698Mi, 0/s, -

<6>INFO  : 
Transferred:   	    2.580 GiB / 2.640 GiB, 98%, 537.519 KiB/s, ETA 1m55s
Transferred:         1054 / 1086, 97%
Elapsed time:   1h35m20.6s
Transferring:
 * 1.99.Level_10_Titanic_…orter/prompt_info.json:  0% /2.498Ki, 0/s, -
 * 1.99.Level_10_Titanic_…/youtube_metadata.json:  0% /1.687Ki, 0/s, -
 * 1.89.Level_10_The_Plan…9.Level_10_Prompt.json:  0% /2.182Ki, 0/s, -
 * 1.89.Level_10_The_Plan…ary_Peel_Excavator.mp4:  0% /7.698Mi, 0/s, -

<6>INFO  : 
Transferred:   	    2.580 GiB / 2.640 GiB, 98%, 281.907 KiB/s, ETA 3m39s
Transferred:         1054 / 1086, 97%
Elapsed time:   1h35m30.6s
Transferring:
 * 1.99.Level_10_Titanic_…orter/prompt_info.json:  0% /2.498Ki, 0/s, -
 * 1.99.Level_10_Titanic_…/youtube_metadata.json:  0% /1.687Ki, 0/s, -
 * 1.89.Level_10_The_Plan…9.Level_10_Prompt.json:  0% /2.182Ki, 0/s, -
 * 1.89.Level_10_The_Plan…ary_Peel_Excavator.mp4:  0% /7.698Mi, 0/s, -

<6>INFO  : 
Transferred:   	    2.580 GiB / 2.640 GiB, 98%, 147.849 KiB/s, ETA 6m58s
Transferred:         1054 / 1086, 97%
Elapsed time:   1h35m40.6s
Transferring:
 * 1.99.Level_10_Titanic_…orter/prompt_info.json:  0% /2.498Ki, 0/s, -
 * 1.99.Level_10_Titanic_…/youtube_metadata.json:  0% /1.687Ki, 0/s, -
 * 1.89.Level_10_The_Plan…9.Level_10_Prompt.json:  0% /2.182Ki, 0/s, -
 * 1.89.Level_10_The_Plan…ary_Peel_Excavator.mp4:  0% /7.698Mi, 0/s, -

<6>INFO  : 1.89.Level_10_The_Planetary_Peel_Excavator/1.89.Level_10_Prompt.json: Copied (new)
<6>INFO  : 1.99.Level_10_Titanic_Apple_Sorter/youtube_metadata.json: Copied (new)
<6>INFO  : 1.99.Level_10_Titanic_Apple_Sorter/prompt_info.json: Copied (new)
<6>INFO  : 1.89.Level_10_The_Planetary_Peel_Excavator/1.89.Level_10_The_Planetary_Peel_Excavator.mp4: Copied (new)
<6>INFO  : 1.89.Level_10_The_Planetary_Peel_Excavator/youtube_metadata.json: Copied (new)
<6>INFO  : 1.89.Level_10_The_Planetary_Peel_Excavator/prompt_info.json: Copied (new)
<6>INFO  : 1.89.Level_10_The_Planetary_Peel_Excavator/1.89.Level_10_YouTube_Metadata.json: Copied (new)
<6>INFO  : 1.75.Level_10_Monsoon_Shield_Megadome/prompt_info.json: Copied (new)
<6>INFO  : 1.75.Level_10_Monsoon_Shield_Megadome/1.75.Level_10_YouTube_Metadata.json: Copied (new)
<6>INFO  : 1.75.Level_10_Monsoon_Shield_Megadome/1.75.Level_10_Prompt.json: Copied (new)
<6>INFO  : 1.75.Level_10_Monsoon_Shield_Megadome/1.75.Level_10_Monsoon_Shield_Megadome.mp4: Copied (new)
<6>INFO  : 
Transferred:   	    2.596 GiB / 2.640 GiB, 98%, 1009.889 KiB/s, ETA 45s
Transferred:         1065 / 1086, 98%
Elapsed time:   1h35m50.6s
Transferring:
 * 1.75.Level_10_Monsoon_…/youtube_metadata.json:100% /1.681Ki, 0/s, -
 * 1.90.Level_10_Tropical…0.Level_10_Prompt.json:100% /1.659Ki, 0/s, -
 * 1.90.Level_10_Tropical…em_Pressure_Engine.mp4:  0% /14.917Mi, 0/s, -
 * 1.90.Level_10_Tropical…_YouTube_Metadata.json:100% /1.679Ki, 0/s, -

<6>INFO  : 1.90.Level_10_Tropical_Stem_Pressure_Engine/1.90.Level_10_Prompt.json: Copied (new)
<6>INFO  : 1.90.Level_10_Tropical_Stem_Pressure_Engine/1.90.Level_10_YouTube_Metadata.json: Copied (new)
<6>INFO  : 1.75.Level_10_Monsoon_Shield_Megadome/youtube_metadata.json: Copied (new)
<6>INFO  : 1.90.Level_10_Tropical_Stem_Pressure_Engine/1.90.Level_10_Tropical_Stem_Pressure_Engine.mp4: Copied (new)
<6>INFO  : 1.90.Level_10_Tropical_Stem_Pressure_Engine/prompt_info.json: Copied (new)
<6>INFO  : 1.90.Level_10_Tropical_Stem_Pressure_Engine/youtube_metadata.json: Copied (new)
<6>INFO  : 1.282.Level_10_Shell_Gravity_Slinger/1.282.Level_10_Prompt.json: Copied (new)
<6>INFO  : 1.282.Level_10_Shell_Gravity_Slinger/1.282.Level_10_Shell_Gravity_Slinger.mp4: Copied (new)
<6>INFO  : 1.282.Level_10_Shell_Gravity_Slinger/1.282.Level_10_YouTube_Metadata.json: Copied (new)
<6>INFO  : 1.282.Level_10_Shell_Gravity_Slinger/youtube_metadata.json: Copied (new)
<6>INFO  : 1.282.Level_10_Shell_Gravity_Slinger/prompt_info.json: Copied (new)
<6>INFO  : 1.336.Level_10_Continental_Pile-Driver_Array/1.336.Level_10_YouTube_Metadata.json: Copied (new)
<6>INFO  : 1.336.Level_10_Continental_Pile-Driver_Array/1.336.Level_10_Prompt.json: Copied (new)
<6>INFO  : 1.336.Level_10_Continental_Pile-Driver_Array/prompt_info.json: Copied (new)
<6>INFO  : 1.336.Level_10_Continental_Pile-Driver_Array/1.336.Level_10_Continental_Pile-Driver_Array.mp4: Copied (new)
<6>INFO  : 
Transferred:   	    2.629 GiB / 2.640 GiB, 100%, 1.867 MiB/s, ETA 5s
Transferred:         1080 / 1086, 99%
Elapsed time:    1h36m0.6s
Transferring:
 * 1.336.Level_10_Contine…/youtube_metadata.json:  0% /1.630Ki, 0/s, -
 * 1.91.Level_10_The_Sola…1.Level_10_Prompt.json:  0% /2.100Ki, 0/s, -
 * 1.91.Level_10_The_Sola…ar_Banana_Conveyor.mp4:  0% /10.648Mi, 0/s, -
 * 1.91.Level_10_The_Sola…_YouTube_Metadata.json:  0% /1.657Ki, 0/s, -

<6>INFO  : 
Transferred:   	    2.629 GiB / 2.640 GiB, 100%, 1002.867 KiB/s, ETA 10s
Transferred:         1080 / 1086, 99%
Elapsed time:   1h36m10.6s
Transferring:
 * 1.336.Level_10_Contine…/youtube_metadata.json:  0% /1.630Ki, 0/s, -
 * 1.91.Level_10_The_Sola…1.Level_10_Prompt.json:  0% /2.100Ki, 0/s, -
 * 1.91.Level_10_The_Sola…ar_Banana_Conveyor.mp4:  0% /10.648Mi, 0/s, -
 * 1.91.Level_10_The_Sola…_YouTube_Metadata.json:  0% /1.657Ki, 0/s, -

<6>INFO  : 
Transferred:   	    2.629 GiB / 2.640 GiB, 100%, 525.964 KiB/s, ETA 20s
Transferred:         1080 / 1086, 99%
Elapsed time:   1h36m20.6s
Transferring:
 * 1.336.Level_10_Contine…/youtube_metadata.json:  0% /1.630Ki, 0/s, -
 * 1.91.Level_10_The_Sola…1.Level_10_Prompt.json:  0% /2.100Ki, 0/s, -
 * 1.91.Level_10_The_Sola…ar_Banana_Conveyor.mp4:  0% /10.648Mi, 0/s, -
 * 1.91.Level_10_The_Sola…_YouTube_Metadata.json:  0% /1.657Ki, 0/s, -

<6>INFO  : 
Transferred:   	    2.629 GiB / 2.640 GiB, 100%, 275.847 KiB/s, ETA 39s
Transferred:         1080 / 1086, 99%
Elapsed time:   1h36m30.6s
Transferring:
 * 1.336.Level_10_Contine…/youtube_metadata.json:  0% /1.630Ki, 0/s, -
 * 1.91.Level_10_The_Sola…1.Level_10_Prompt.json:  0% /2.100Ki, 0/s, -
 * 1.91.Level_10_The_Sola…ar_Banana_Conveyor.mp4:  0% /10.648Mi, 0/s, -
 * 1.91.Level_10_The_Sola…_YouTube_Metadata.json:  0% /1.657Ki, 0/s, -

<6>INFO  : 1.91.Level_10_The_Solar_Banana_Conveyor/1.91.Level_10_Prompt.json: Copied (new)
<6>INFO  : 1.336.Level_10_Continental_Pile-Driver_Array/youtube_metadata.json: Copied (new)
<6>INFO  : 1.91.Level_10_The_Solar_Banana_Conveyor/1.91.Level_10_YouTube_Metadata.json: Copied (new)
<6>INFO  : 1.91.Level_10_The_Solar_Banana_Conveyor/1.91.Level_10_The_Solar_Banana_Conveyor.mp4: Copied (new)
<6>INFO  : 1.91.Level_10_The_Solar_Banana_Conveyor/prompt_info.json: Copied (new)
<6>INFO  : 1.91.Level_10_The_Solar_Banana_Conveyor/youtube_metadata.json: Copied (new)
<6>INFO  : 
Transferred:   	    2.640 GiB / 2.640 GiB, 100%, 866.737 KiB/s, ETA 0s
Transferred:         1086 / 1086, 100%
Elapsed time:   1h36m33.1s

