/home/azureuser/.npm/_cacache/content-v2/sha512/d7/97/6dcaff5b26ad705b87f9cc0ea68092a10c0890f01cf05c87074a844b5f2be672d017b6f2e58f3594941e5e81b2944cd11d7f21230c11b1fc257b31c02144
/home/azureuser/.npm/_cacache/content-v2/sha512/5c/a2/1a6598b23c2e6287bcbdfa4366732ff8518445b149ee255c8557981fefe8baa7e2deb936271ecf10d4dc28d8b678823ab4dd5e94119f17631bd80b05d52d
/home/azureuser/.npm/_cacache/content-v2/sha512/18/f8/e767c601082b39eecf8f133429842bcc6a7818da490cd6162d215ef12298c1a28df1e174a5dec192b0017fab973fd8853c21f1a4fb1e75801dadc4fd7568
/home/azureuser/.npm/_cacache/content-v2/sha512/24/82/08ded6aa4399e21b553a2ab89520de128f3dd75815f1a6538aab5b00f3ac8394fc64c86e4b281bf095b9ddc51c5d55c482bb9a3083b4dd3c8e7d20203c6f
/home/azureuser/.npm/_cacache/content-v2/sha512/3e/a8/4af8adf3b689b53e19e1438debf7b976b75fa583bf2cb95511ccb2ab619428fb29f9227000f703f79105075e4aba16f5c746e0f869e2f0730a647f50f815
/home/azureuser/.npm/_cacache/content-v2/sha512/4b/68/0074b2ce1fd30332eba1b9840e565c2919ae9509deb3e5fa4c00aa1ca762f36c8b48718fd6b88c30fc8263fec8f979200b16aac36e555de8c497f22d9ab3
/home/azureuser/.npm/_cacache/content-v2/sha512/c3/c5/49c4b20d1a742941c44f634a0107e7db08f1d376747754b0d2aa50031d284a89ac70fcf549c8d953220bc58f26e2a0628300883a3618b5444fec21743581
/home/azureuser/.npm/_cacache/content-v2/sha512/eb/5d/a7e205c5ea4d4fd56d7790127eba040733ceddcbc53de3ed76abb6e28cf8492e1de0d07753a7186abdb93ad5305df4a82524bb42609c67d106f49069c2ff
/home/azureuser/.npm/_cacache/content-v2/sha512/1b/28/eddc0fb2b0e7c759c3aec068c000fd2b31981359fff2100aa150a76d61bf4734f57ad5cd7993b6f3943206b938b3f333d689956b2d9969c6f8e387df2ddf
/home/azureuser/.npm/_cacache/content-v2/sha512/15/08/e703aa742812f9faea53e957b577b68e28408d82a70fd09d478a12e388496394c5056caa4434db87369cd38f142ff912430bd32a1c0a1a8cfab476236abe
/home/azureuser/.npm/_cacache/content-v2/sha512/be/b4/5fc3b30360ff2e6e563483b25654a8350ade86d42b0866e618b217a70781b01acd60632d546bce009dd600f912d872a1f26061fd652cd68ff96c8ad9db72
/home/azureuser/.npm/_cacache/content-v2/sha512/5e/17/4274085aaee820f7ff858fa0b953d59245990cee33543a1422f73a3701c0665531ea9b7b901cca3bf1c6648071e165e088b0db520d0863372a305a437ddc
/home/azureuser/.npm/_cacache/content-v2/sha512/93/b9/c3db730f4f71ffa319ff507c2800281d63a8324df76429c9aa11c4ecd84ae19098789c637963f8ad2f58f69123e59fe671fbfacbfde5ffcc4daf03412db0
/home/azureuser/.npm/_cacache/content-v2/sha512/8a/ee/fbe68187c79b666e051dd8e042b131d0b039feb99833ca180b45ef8bd117f07231c3accffdc71b6437d95ce9b4b96577b41b33a4128d02a7ea1de054299b
/home/azureuser/.npm/_cacache/content-v2/sha512/75/7f/1af719b47d2dc7cabae1be66a81f4b8dd5a48868773b62ecf5498891facd02cd77308555bf305fa31dcab8584c6836b0cd95550b377651ae2a2f11890617
/home/azureuser/.npm/_cacache/content-v2/sha512/a1/08/85de087d0a20bd9865c5547af840b102fada385140407d05d1a6ea8eacc056dfdce79f71b4ced0f0b4a4e66aa4c53c656476f409a83a97dbff5736c3e3e4
/home/azureuser/.npm/_cacache/content-v2/sha512/0b/ed/c43cb2ae02f9c1c9e3c2a2c5337b234c9440503a1290b11f0235b7fcc55a40aeab3fa6c1d0ec220cb0a32e209a6b46dd35d7a5477c96ad00be0fc2b79de5
/home/azureuser/.npm/_cacache/content-v2/sha512/db/6b/94e059a0841a13b21b1b534f1172feb13c56e3276cc17f4004ea032144d87579dd69fbb2cb547e39c640c1a82e876df6323264f0d3f4c2aa31700045e254
/home/azureuser/.npm/_cacache/content-v2/sha512/db/d8/455b37623b7b9aa3a7fa876e923fd37da46d3c98105dee061df04bcca2ae0fbd083f69a2894ef16d77f3f0052598ded8a438b7dc849f7b09ab1ec8fa2e99
/home/azureuser/.npm/_cacache/content-v2/sha512/1c/53/e00226d94a6fcd662f886da9936e102d83942395d842c778a0bbec2c450bb20f3ca4f41d1cab23db0ec78ee88fa721a3616463f3c5962ad45df46fde8f24
/home/azureuser/.npm/_cacache/content-v2/sha512/e3/1f/451e861fe5869cb5bf7c6dfd49e9cdca187436dee4be95840dd47fa648570f852a3e03fa026a15a5fb1d1dbe3e1df9e22979bbab4edaa7f51c120e51838d
/home/azureuser/.npm/_cacache/content-v2/sha512/65/15/d585d4982d52c2e748cc8515131a0495a4daa4bb8aff2be1c0fc1916681873608690f96d91252f627456fa84e4c6dc2c5edb0c34b837fc88b7b166579189
/home/azureuser/.npm/_cacache/content-v2/sha512/a3/93/7c04af8341124ecbe8d3cc3881219fe9a6cb76190cff5a7c2e983952b0a3cc691a12ba358899e8975dff4d2602aa7033503462c17adb1eed42c2e8b0efb2
/home/azureuser/.npm/_cacache/content-v2/sha512/60/10/75d85efca0a8c186f8138c3286b6d149dd2562cdc4a5fdedbd7e36661a36c4bbfb70ddf80098034a5495323ef78d241f50205e6c08975a1af157ba8ee57e
/home/azureuser/.npm/_cacache/content-v2/sha512/9c/d9/e57b56e7b09a0fc7c04dd5e08428bc6a753455d08cb996104df8bc5e6d0fb4cea5cc3be97ce7fbd1a5e35db68a27b830721edbe07d6907e2b7f502195b5f
/home/azureuser/.npm/_cacache/content-v2/sha512/9c/65/26bb214d03d365c5f8e2bf8f82c676c0806de703186ba143e65b885aea737ffe2e901b32a0e50eca6944af6da97942b476d5e902da7e21eea706f1361b9d
/home/azureuser/.npm/_cacache/content-v2/sha512/2c/0d/4ef130fda17e82a9de6d330a61829c347cdf605c79dca52e0bd68c4d5adbf42943e3194e7ee0a36a0cc95215b0d1405625bb81e602f640ee954ec17436ab
/home/azureuser/.npm/_cacache/content-v2/sha512/08/c8/cd038e76be537a30f4062b012252329fa2d719123287a36c02bad2a928361e62d4576a52a5ce53634fe917ccc46eaf2cb888d74a216a6a3381cbfbb7408e
/home/azureuser/.npm/_cacache/content-v2/sha512/08/4b/6fdc85a9a760c61fdb091d594f7741d564d93cdbd9a0a2f933e4a29c2a8842d5a928423ac17e2a24c98cfc03bccdaf3f9403ee912105072d8332e1be7c59
/home/azureuser/.npm/_cacache/content-v2/sha512/0e/72/fe8aa4bf133d4c62e7b8e55da2bc991f98b669838a48ae4e60b1a7209db109f4baa0e8e9523d71d8c6c2ae697f551a58170d40431f64ff11388484fd2378
/home/azureuser/.npm/_cacache/content-v2/sha512/c7/d0/3f9a400f0e718432925ce7200a1a5e41a0cadcaf197090a82b6621b76ff8e5a5848d30deda40e28c3ac2b726770e5f11b2fc9c01a3cd48e06da2b67a2294
/home/azureuser/.npm/_cacache/content-v2/sha512/a7/1a/ee37cab86a0b1dc94727cd1227ff93306486f97c679e7ea1da2b2076e0651c0347456ecf026b07d2860dde1135d0c63e966947017d489f6be864a7a5945d
/home/azureuser/.npm/_cacache/content-v2/sha512/86/a4/ce847770c2b3e0adb367685ef556b709d276bd6876813af3a96fb1b5784e4d3042b79535bc55357dfdfac05951b2f2a1c4f07670d00442fdf06a81fbad28
/home/azureuser/.npm/_cacache/content-v2/sha512/07/bf/e9502e5509b4bef104f0c73d62a0aaf8e728656482b537643206fb27f9ebab8358eaa5fe335cdb16a7b2f5135f87be8de5f0c15e980031a9ff3a76616f35
/home/azureuser/.npm/_cacache/content-v2/sha512/29/05/1df2a4938dd6787de93bbc7c3e065c8affedf04b4a39a1593d0a421373cc348785e3b6f83ee536c6051cdf8b7b8dd521fadf2062e59ea83a6ccb11fa0f65
/home/azureuser/.npm/_cacache/content-v2/sha512/ea/3e/405c7885091fe7e029f5d7c391de1c0138949c51a6c2c1b4ea6f443f789f6236dbdbbd1e3daae76a2d0232e0ff8270b53afd8fa59393e87582b74779b025
/home/azureuser/.npm/_cacache/content-v2/sha512/bb/e0/761a420a5df3d577f90d3b5e6c35772d07d507fda6db4fc14956322d742f7c7c351c31caf52eef777e82bc062f7dfcbcc9eeb4592cc6900e9be8f0192b30
/home/azureuser/.npm/_cacache/content-v2/sha512/68/d8/6fa93b6abca77b3b90a9c2cde3d63040f85c2f094c9e13fd45edf8f2b310293b32dda9a9fb390ea47d57749c1a9cb8aee974eaf202868a7cec5dbe273d0b
/home/azureuser/.npm/_cacache/content-v2/sha512/64/7b/7b3c3f090a1977f67a427ef7ed4c179e69a6c7baefbfd1b75be392f5bd294d66156519d4b3ca80ef0c2ff8bb6889be8cf4b4c3f7b11645c83777d88156e2
/home/azureuser/.npm/_cacache/content-v2/sha512/22/68/dccfb91fb4c432cd0e50a2159f20bec1cfacad6f0b718d3ae179e4a43e5efe9539570a9f2024b380127ee8bcc08652f4296071db4d085472562288a8688a
/home/azureuser/.npm/_cacache/content-v2/sha512/12/34/2447ef7d67cba906c2007f80761457857c5e46e2a26844fa933b415e8e5f10d79c13282ffdade3c48e961e2f074b44b842c5b5f4abeeb868df7e4ad81835
/home/azureuser/.npm/_cacache/content-v2/sha512/67/3a/ecae41cbd3bbd7fc73898f4c211d1c1f44c878ea7d04ea66fd4222bc54fa195a23a1482ca17bc09866ae323f3c92b8cc0cc568839871d5b37334d760f1b3
/home/azureuser/.npm/_cacache/content-v2/sha512/80/51/47a72a1a59b7ab4eea6e4d33d6b4670be06a8984741a9c7e391dd04f3ea48a255f35f415b30f87d4bae16b374f2a16d8f8d598143e7d95dca8b27476bc09
/home/azureuser/.npm/_cacache/content-v2/sha512/19/14/69dd560ee23084f45d565024086e19321cc52fbd247cfa6f0463f6feb94614089c431c0025ba8c85a984e85edc1eb96d28b3155393244a87a206c80cebce
/home/azureuser/.npm/_cacache/content-v2/sha512/49/dd/946a396448702eaa437ab165ebd30fab5206f4c5170ecbc8add9c7c78a693c6ee5fd9e486d9503bdc47e4fe0420f71136ae94faaa80b4b61e4245f5ed238
/home/azureuser/.npm/_cacache/content-v2/sha512/ec/b7/d58c7fe1056595bf40aabd9519ed801f162f027d04ca6fb7bfc41acdcdb6c077f6a66a86ce75d0b0740c6c17ccecf733cf69aabb5df011f6293a8acf43d3
/home/azureuser/.npm/_cacache/content-v2/sha512/21/df/ecf0868204e41a0ed80ff319b3aa087c45bde75588ec8cdac38d2a3ba7e6227a3504ecc938430158c2db776b9f01dd654ee019506db20b0f2b5aebd23f43
/home/azureuser/GCP_FULL_BACKUP/gcp_home_FULL_filesystem_20260925.tar.gz
/home/azureuser/GCP_FULL_BACKUP/parts/gcp_home_backup_part_00.tar.gz
/home/azureuser/GCP_FULL_BACKUP/parts/gcp_home_backup_part_03.tar.gz
/home/azureuser/GCP_FULL_BACKUP/parts/gcp_home_backup_part_04.tar.gz
/home/azureuser/GCP_FULL_BACKUP/parts/gcp_home_backup_part_01.tar.gz
/home/azureuser/.gemini/antigravity-cli/history.jsonl
/home/azureuser/.gemini/antigravity-cli/brain/47f3f05e-b686-4d3d-9ae2-f215c03ab86b/pinned_live_links.md
/home/azureuser/.gemini/antigravity-cli/brain/47f3f05e-b686-4d3d-9ae2-f215c03ab86b/.system_generated/logs/chunks/transcript/00000042.jsonl
/home/azureuser/.gemini/antigravity-cli/brain/47f3f05e-b686-4d3d-9ae2-f215c03ab86b/.system_generated/logs/chunks/transcript/00000016.jsonl
/home/azureuser/.gemini/antigravity-cli/brain/47f3f05e-b686-4d3d-9ae2-f215c03ab86b/.system_generated/logs/chunks/transcript/00000062.jsonl
/home/azureuser/.gemini/antigravity-cli/brain/47f3f05e-b686-4d3d-9ae2-f215c03ab86b/.system_generated/logs/chunks/transcript/00000061.jsonl
/home/azureuser/.gemini/antigravity-cli/brain/47f3f05e-b686-4d3d-9ae2-f215c03ab86b/.system_generated/logs/chunks/transcript/00000064.jsonl
/home/azureuser/.gemini/antigravity-cli/brain/47f3f05e-b686-4d3d-9ae2-f215c03ab86b/.system_generated/logs/chunks/transcript/00000069.jsonl
/home/azureuser/.gemini/antigravity-cli/brain/47f3f05e-b686-4d3d-9ae2-f215c03ab86b/.system_generated/logs/chunks/transcript/00000068.jsonl
/home/azureuser/.gemini/antigravity-cli/brain/47f3f05e-b686-4d3d-9ae2-f215c03ab86b/.system_generated/logs/chunks/transcript/00000035.jsonl
/home/azureuser/.gemini/antigravity-cli/brain/47f3f05e-b686-4d3d-9ae2-f215c03ab86b/.system_generated/logs/chunks/transcript/00000072.jsonl
/home/azureuser/.gemini/antigravity-cli/brain/47f3f05e-b686-4d3d-9ae2-f215c03ab86b/.system_generated/logs/chunks/transcript/00000060.jsonl
/home/azureuser/.gemini/antigravity-cli/brain/47f3f05e-b686-4d3d-9ae2-f215c03ab86b/.system_generated/logs/chunks/transcript/00000074.jsonl
/home/azureuser/.gemini/antigravity-cli/brain/47f3f05e-b686-4d3d-9ae2-f215c03ab86b/.system_generated/logs/chunks/transcript/00000080.jsonl
/home/azureuser/.gemini/antigravity-cli/brain/47f3f05e-b686-4d3d-9ae2-f215c03ab86b/.system_generated/logs/chunks/transcript/00000079.jsonl
/home/azureuser/.gemini/antigravity-cli/brain/47f3f05e-b686-4d3d-9ae2-f215c03ab86b/.system_generated/logs/chunks/transcript/00000065.jsonl
/home/azureuser/.gemini/antigravity-cli/brain/47f3f05e-b686-4d3d-9ae2-f215c03ab86b/.system_generated/logs/chunks/transcript/00000013.jsonl
/home/azureuser/.gemini/antigravity-cli/brain/47f3f05e-b686-4d3d-9ae2-f215c03ab86b/.system_generated/logs/chunks/transcript/00000051.jsonl
/home/azureuser/.gemini/antigravity-cli/brain/47f3f05e-b686-4d3d-9ae2-f215c03ab86b/.system_generated/logs/chunks/transcript/00000063.jsonl
/home/azureuser/.gemini/antigravity-cli/brain/47f3f05e-b686-4d3d-9ae2-f215c03ab86b/.system_generated/logs/chunks/transcript/00000070.jsonl
/home/azureuser/.gemini/antigravity-cli/brain/47f3f05e-b686-4d3d-9ae2-f215c03ab86b/.system_generated/logs/chunks/transcript/00000043.jsonl
/home/azureuser/.gemini/antigravity-cli/brain/47f3f05e-b686-4d3d-9ae2-f215c03ab86b/.system_generated/logs/chunks/transcript/00000078.jsonl
/home/azureuser/.gemini/antigravity-cli/brain/47f3f05e-b686-4d3d-9ae2-f215c03ab86b/.system_generated/logs/chunks/transcript_full/00000042.jsonl
/home/azureuser/.gemini/antigravity-cli/brain/47f3f05e-b686-4d3d-9ae2-f215c03ab86b/.system_generated/logs/chunks/transcript_full/00000096.jsonl
/home/azureuser/.gemini/antigravity-cli/brain/47f3f05e-b686-4d3d-9ae2-f215c03ab86b/.system_generated/logs/chunks/transcript_full/00000075.jsonl
/home/azureuser/.gemini/antigravity-cli/brain/47f3f05e-b686-4d3d-9ae2-f215c03ab86b/.system_generated/logs/chunks/transcript_full/00000061.jsonl
/home/azureuser/.gemini/antigravity-cli/brain/47f3f05e-b686-4d3d-9ae2-f215c03ab86b/.system_generated/logs/chunks/transcript_full/00000076.jsonl
/home/azureuser/.gemini/antigravity-cli/brain/47f3f05e-b686-4d3d-9ae2-f215c03ab86b/.system_generated/logs/chunks/transcript_full/00000031.jsonl
/home/azureuser/.gemini/antigravity-cli/brain/47f3f05e-b686-4d3d-9ae2-f215c03ab86b/.system_generated/logs/chunks/transcript_full/00000090.jsonl
/home/azureuser/.gemini/antigravity-cli/brain/47f3f05e-b686-4d3d-9ae2-f215c03ab86b/.system_generated/logs/chunks/transcript_full/00000074.jsonl
/home/azureuser/.gemini/antigravity-cli/brain/47f3f05e-b686-4d3d-9ae2-f215c03ab86b/.system_generated/logs/chunks/transcript_full/00000017.jsonl
/home/azureuser/.gemini/antigravity-cli/brain/47f3f05e-b686-4d3d-9ae2-f215c03ab86b/.system_generated/logs/chunks/transcript_full/00000086.jsonl
/home/azureuser/.gemini/antigravity-cli/brain/47f3f05e-b686-4d3d-9ae2-f215c03ab86b/.system_generated/logs/chunks/transcript_full/00000080.jsonl
/home/azureuser/.gemini/antigravity-cli/brain/47f3f05e-b686-4d3d-9ae2-f215c03ab86b/.system_generated/logs/chunks/transcript_full/00000088.jsonl
/home/azureuser/.gemini/antigravity-cli/brain/47f3f05e-b686-4d3d-9ae2-f215c03ab86b/.system_generated/logs/chunks/transcript_full/00000079.jsonl
/home/azureuser/.gemini/antigravity-cli/brain/47f3f05e-b686-4d3d-9ae2-f215c03ab86b/.system_generated/logs/chunks/transcript_full/00000098.jsonl
/home/azureuser/.gemini/antigravity-cli/brain/47f3f05e-b686-4d3d-9ae2-f215c03ab86b/.system_generated/logs/chunks/transcript_full/00000051.jsonl
/home/azureuser/.gemini/antigravity-cli/brain/47f3f05e-b686-4d3d-9ae2-f215c03ab86b/.system_generated/logs/chunks/transcript_full/00000091.jsonl
/home/azureuser/.gemini/antigravity-cli/brain/47f3f05e-b686-4d3d-9ae2-f215c03ab86b/.system_generated/logs/chunks/transcript_full/00000077.jsonl
/home/azureuser/.gemini/antigravity-cli/brain/47f3f05e-b686-4d3d-9ae2-f215c03ab86b/.system_generated/logs/chunks/transcript_full/00000084.jsonl
/home/azureuser/.gemini/antigravity-cli/brain/47f3f05e-b686-4d3d-9ae2-f215c03ab86b/.system_generated/logs/chunks/transcript_full/00000021.jsonl
/home/azureuser/.gemini/antigravity-cli/brain/47f3f05e-b686-4d3d-9ae2-f215c03ab86b/.system_generated/logs/chunks/transcript_full/00000085.jsonl
/home/azureuser/.gemini/antigravity-cli/brain/47f3f05e-b686-4d3d-9ae2-f215c03ab86b/.system_generated/logs/chunks/transcript_full/00000073.jsonl
/home/azureuser/.gemini/antigravity-cli/brain/47f3f05e-b686-4d3d-9ae2-f215c03ab86b/.system_generated/logs/chunks/transcript_full/00000052.jsonl
/home/azureuser/.gemini/antigravity-cli/brain/47f3f05e-b686-4d3d-9ae2-f215c03ab86b/.system_generated/logs/chunks/transcript_full/00000071.jsonl
/home/azureuser/.gemini/antigravity-cli/brain/47f3f05e-b686-4d3d-9ae2-f215c03ab86b/.system_generated/logs/chunks/transcript_full/00000095.jsonl
/home/azureuser/.gemini/antigravity-cli/brain/47f3f05e-b686-4d3d-9ae2-f215c03ab86b/.system_generated/logs/transcript.jsonl
/home/azureuser/.gemini/antigravity-cli/brain/47f3f05e-b686-4d3d-9ae2-f215c03ab86b/.system_generated/logs/transcript_full.jsonl
/home/azureuser/.gemini/antigravity-cli/brain/47f3f05e-b686-4d3d-9ae2-f215c03ab86b/.system_generated/messages/fd312939-b2b5-4184-95b2-ffa0567b8dd1.json
/home/azureuser/.gemini/antigravity-cli/brain/47f3f05e-b686-4d3d-9ae2-f215c03ab86b/.system_generated/messages/ce35b790-c527-49b5-b8d7-709359f3a8da.json
/home/azureuser/.gemini/antigravity-cli/brain/47f3f05e-b686-4d3d-9ae2-f215c03ab86b/.system_generated/steps/6317/output.txt
/home/azureuser/.gemini/antigravity-cli/brain/47f3f05e-b686-4d3d-9ae2-f215c03ab86b/.system_generated/steps/11674/output.txt
/home/azureuser/.gemini/antigravity-cli/brain/47f3f05e-b686-4d3d-9ae2-f215c03ab86b/.system_generated/steps/12154/output.txt
/home/azureuser/.gemini/antigravity-cli/brain/47f3f05e-b686-4d3d-9ae2-f215c03ab86b/.system_generated/steps/12150/output.txt
/home/azureuser/.gemini/antigravity-cli/brain/47f3f05e-b686-4d3d-9ae2-f215c03ab86b/.system_generated/steps/9137/output.txt
/home/azureuser/.gemini/antigravity-cli/brain/47f3f05e-b686-4d3d-9ae2-f215c03ab86b/.system_generated/steps/9139/output.txt
/home/azureuser/.gemini/antigravity-cli/brain/47f3f05e-b686-4d3d-9ae2-f215c03ab86b/.system_generated/steps/12040/output.txt
/home/azureuser/.gemini/antigravity-cli/brain/47f3f05e-b686-4d3d-9ae2-f215c03ab86b/.system_generated/steps/10542/output.txt
/home/azureuser/.gemini/antigravity-cli/brain/47f3f05e-b686-4d3d-9ae2-f215c03ab86b/.system_generated/steps/6315/output.txt
/home/azureuser/.gemini/antigravity-cli/brain/47f3f05e-b686-4d3d-9ae2-f215c03ab86b/.system_generated/steps/10928/output.txt
/home/azureuser/.gemini/antigravity-cli/brain/47f3f05e-b686-4d3d-9ae2-f215c03ab86b/.system_generated/steps/10728/output.txt
/home/azureuser/.gemini/antigravity-cli/brain/47f3f05e-b686-4d3d-9ae2-f215c03ab86b/.system_generated/steps/11958/output.txt
/home/azureuser/.gemini/antigravity-cli/brain/47f3f05e-b686-4d3d-9ae2-f215c03ab86b/.system_generated/steps/11236/output.txt
/home/azureuser/.gemini/antigravity-cli/brain/47f3f05e-b686-4d3d-9ae2-f215c03ab86b/.system_generated/steps/11000/output.txt
/home/azureuser/.gemini/antigravity-cli/brain/47f3f05e-b686-4d3d-9ae2-f215c03ab86b/.system_generated/steps/10996/output.txt
/home/azureuser/.gemini/antigravity-cli/brain/47f3f05e-b686-4d3d-9ae2-f215c03ab86b/.system_generated/steps/7206/output.txt
/home/azureuser/.gemini/antigravity-cli/brain/47f3f05e-b686-4d3d-9ae2-f215c03ab86b/.system_generated/steps/10990/output.txt
/home/azureuser/.gemini/antigravity-cli/brain/47f3f05e-b686-4d3d-9ae2-f215c03ab86b/.system_generated/steps/10688/output.txt
/home/azureuser/.gemini/antigravity-cli/brain/47f3f05e-b686-4d3d-9ae2-f215c03ab86b/.system_generated/steps/10628/output.txt
/home/azureuser/.gemini/antigravity-cli/brain/47f3f05e-b686-4d3d-9ae2-f215c03ab86b/.system_generated/steps/12133/output.txt
/home/azureuser/.gemini/antigravity-cli/brain/47f3f05e-b686-4d3d-9ae2-f215c03ab86b/.system_generated/steps/10796/output.txt
/home/azureuser/.gemini/antigravity-cli/brain/47f3f05e-b686-4d3d-9ae2-f215c03ab86b/.system_generated/steps/11952/output.txt
/home/azureuser/.gemini/antigravity-cli/brain/47f3f05e-b686-4d3d-9ae2-f215c03ab86b/.system_generated/steps/10818/output.txt
/home/azureuser/.gemini/antigravity-cli/brain/47f3f05e-b686-4d3d-9ae2-f215c03ab86b/.system_generated/steps/11024/output.txt
/home/azureuser/.gemini/antigravity-cli/brain/47f3f05e-b686-4d3d-9ae2-f215c03ab86b/.system_generated/steps/12131/output.txt
/home/azureuser/.gemini/antigravity-cli/brain/47f3f05e-b686-4d3d-9ae2-f215c03ab86b/.system_generated/steps/9735/output.txt
/home/azureuser/.gemini/antigravity-cli/brain/47f3f05e-b686-4d3d-9ae2-f215c03ab86b/.system_generated/steps/11002/output.txt
/home/azureuser/.gemini/antigravity-cli/brain/47f3f05e-b686-4d3d-9ae2-f215c03ab86b/.system_generated/steps/10822/output.txt
/home/azureuser/.gemini/antigravity-cli/brain/47f3f05e-b686-4d3d-9ae2-f215c03ab86b/.system_generated/steps/6538/output.txt
/home/azureuser/.gemini/antigravity-cli/brain/47f3f05e-b686-4d3d-9ae2-f215c03ab86b/.system_generated/steps/12146/output.txt
/home/azureuser/.gemini/antigravity-cli/brain/47f3f05e-b686-4d3d-9ae2-f215c03ab86b/.system_generated/steps/11678/output.txt
/home/azureuser/.gemini/antigravity-cli/brain/47f3f05e-b686-4d3d-9ae2-f215c03ab86b/.system_generated/steps/9053/output.txt
/home/azureuser/.gemini/antigravity-cli/brain/47f3f05e-b686-4d3d-9ae2-f215c03ab86b/.system_generated/steps/11680/output.txt
/home/azureuser/.gemini/antigravity-cli/brain/47f3f05e-b686-4d3d-9ae2-f215c03ab86b/.system_generated/steps/12141/output.txt
/home/azureuser/.gemini/antigravity-cli/brain/47f3f05e-b686-4d3d-9ae2-f215c03ab86b/.system_generated/terminals/term1.env
/home/azureuser/.gemini/antigravity-cli/brain/47f3f05e-b686-4d3d-9ae2-f215c03ab86b/.system_generated/tasks/task-11992.log
/home/azureuser/.gemini/antigravity-cli/brain/47f3f05e-b686-4d3d-9ae2-f215c03ab86b/.system_generated/tasks/task-5508.log
/home/azureuser/.gemini/antigravity-cli/brain/47f3f05e-b686-4d3d-9ae2-f215c03ab86b/.system_generated/tasks/task-5457.log
/home/azureuser/.gemini/antigravity-cli/brain/47f3f05e-b686-4d3d-9ae2-f215c03ab86b/.system_generated/tasks/task-5483.log
/home/azureuser/.gemini/antigravity-cli/brain/47f3f05e-b686-4d3d-9ae2-f215c03ab86b/.system_generated/tasks/task-5866.log
/home/azureuser/.gemini/antigravity-cli/brain/47f3f05e-b686-4d3d-9ae2-f215c03ab86b/.system_generated/tasks/task-5652.log
/home/azureuser/RESTORED_VIDEOS/I_0014584273.mp4
/home/azureuser/RESTORED_VIDEOS/I_0014581279.mp4
/home/azureuser/RESTORED_VIDEOS/I_0014586216.mp4
/home/azureuser/RESTORED_VIDEOS/I_0014575662.mp4
/home/azureuser/RESTORED_VIDEOS/I_0014586219.mp4
/home/azureuser/PINNED_LINKS.md
/home/azureuser/AGY-MASTER/INCIDENTS/active/INC-DEL-20260925202440-87e11a.json
/home/azureuser/AGY-MASTER/INCIDENTS/active/INC-DEL-20260925214111-4edbb3.json
/home/azureuser/AGY-MASTER/INCIDENTS/active/INC-DEL-20260925214920-522b4e.json
/home/azureuser/AGY-MASTER/INCIDENTS/active/INC-DEL-20260925215122-809070.json
/home/azureuser/AGY-MASTER/INCIDENTS/active/INC-DEL-20260925220134-9f144f.json
/home/azureuser/AGY-MASTER/INCIDENTS/active/INC-DEL-20260925224825-6b56d9.json
/home/azureuser/AGY-MASTER/INCIDENTS/active/INC-DEL-20260925231456-eda7a8.json
/home/azureuser/AGY-MASTER/INCIDENTS/active/INC-DEL-20260925232914-809025.json
/home/azureuser/AGY-MASTER/INCIDENTS/active/INC-DEL-20260926002213-aaa43f.json
/home/azureuser/AGY-MASTER/INCIDENTS/delete_attempts.jsonl
/home/azureuser/AGY-MASTER/RECOVERED_LOGS/cli-20260924_163443.log
/home/azureuser/AGY-MASTER/RECOVERED_LOGS/cli-20260922_183427.log
/home/azureuser/DATABASE_BACKUPS_VAULT/gcp_dumps/gcp_frappe_mariadb.sql
/home/azureuser/DATABASE_BACKUPS_VAULT/azure_youtube_pipeline_consistent.db
/home/azureuser/RESTORE_VERIFY_TEMP/home/azureuser/.npm/_cacache/content-v2/sha512/d7/97/6dcaff5b26ad705b87f9cc0ea68092a10c0890f01cf05c87074a844b5f2be672d017b6f2e58f3594941e5e81b2944cd11d7f21230c11b1fc257b31c02144
/home/azureuser/RESTORE_VERIFY_TEMP/home/azureuser/.npm/_cacache/content-v2/sha512/5c/a2/1a6598b23c2e6287bcbdfa4366732ff8518445b149ee255c8557981fefe8baa7e2deb936271ecf10d4dc28d8b678823ab4dd5e94119f17631bd80b05d52d
/home/azureuser/RESTORE_VERIFY_TEMP/home/azureuser/.npm/_cacache/content-v2/sha512/18/f8/e767c601082b39eecf8f133429842bcc6a7818da490cd6162d215ef12298c1a28df1e174a5dec192b0017fab973fd8853c21f1a4fb1e75801dadc4fd7568
/home/azureuser/RESTORE_VERIFY_TEMP/home/azureuser/.npm/_cacache/content-v2/sha512/24/82/08ded6aa4399e21b553a2ab89520de128f3dd75815f1a6538aab5b00f3ac8394fc64c86e4b281bf095b9ddc51c5d55c482bb9a3083b4dd3c8e7d20203c6f
/home/azureuser/RESTORE_VERIFY_TEMP/home/azureuser/.npm/_cacache/content-v2/sha512/3e/a8/4af8adf3b689b53e19e1438debf7b976b75fa583bf2cb95511ccb2ab619428fb29f9227000f703f79105075e4aba16f5c746e0f869e2f0730a647f50f815
/home/azureuser/RESTORE_VERIFY_TEMP/home/azureuser/.npm/_cacache/content-v2/sha512/4b/68/0074b2ce1fd30332eba1b9840e565c2919ae9509deb3e5fa4c00aa1ca762f36c8b48718fd6b88c30fc8263fec8f979200b16aac36e555de8c497f22d9ab3
/home/azureuser/RESTORE_VERIFY_TEMP/home/azureuser/.npm/_cacache/content-v2/sha512/c3/c5/49c4b20d1a742941c44f634a0107e7db08f1d376747754b0d2aa50031d284a89ac70fcf549c8d953220bc58f26e2a0628300883a3618b5444fec21743581
/home/azureuser/RESTORE_VERIFY_TEMP/home/azureuser/.npm/_cacache/content-v2/sha512/eb/5d/a7e205c5ea4d4fd56d7790127eba040733ceddcbc53de3ed76abb6e28cf8492e1de0d07753a7186abdb93ad5305df4a82524bb42609c67d106f49069c2ff
/home/azureuser/RESTORE_VERIFY_TEMP/home/azureuser/.npm/_cacache/content-v2/sha512/1b/28/eddc0fb2b0e7c759c3aec068c000fd2b31981359fff2100aa150a76d61bf4734f57ad5cd7993b6f3943206b938b3f333d689956b2d9969c6f8e387df2ddf
/home/azureuser/RESTORE_VERIFY_TEMP/home/azureuser/.npm/_cacache/content-v2/sha512/15/08/e703aa742812f9faea53e957b577b68e28408d82a70fd09d478a12e388496394c5056caa4434db87369cd38f142ff912430bd32a1c0a1a8cfab476236abe
/home/azureuser/RESTORE_VERIFY_TEMP/home/azureuser/.npm/_cacache/content-v2/sha512/be/b4/5fc3b30360ff2e6e563483b25654a8350ade86d42b0866e618b217a70781b01acd60632d546bce009dd600f912d872a1f26061fd652cd68ff96c8ad9db72
/home/azureuser/RESTORE_VERIFY_TEMP/home/azureuser/.npm/_cacache/content-v2/sha512/5e/17/4274085aaee820f7ff858fa0b953d59245990cee33543a1422f73a3701c0665531ea9b7b901cca3bf1c6648071e165e088b0db520d0863372a305a437ddc
/home/azureuser/RESTORE_VERIFY_TEMP/home/azureuser/.npm/_cacache/content-v2/sha512/93/b9/c3db730f4f71ffa319ff507c2800281d63a8324df76429c9aa11c4ecd84ae19098789c637963f8ad2f58f69123e59fe671fbfacbfde5ffcc4daf03412db0
/home/azureuser/RESTORE_VERIFY_TEMP/home/azureuser/.npm/_cacache/content-v2/sha512/8a/ee/fbe68187c79b666e051dd8e042b131d0b039feb99833ca180b45ef8bd117f07231c3accffdc71b6437d95ce9b4b96577b41b33a4128d02a7ea1de054299b
/home/azureuser/RESTORE_VERIFY_TEMP/home/azureuser/.npm/_cacache/content-v2/sha512/75/7f/1af719b47d2dc7cabae1be66a81f4b8dd5a48868773b62ecf5498891facd02cd77308555bf305fa31dcab8584c6836b0cd95550b377651ae2a2f11890617
/home/azureuser/RESTORE_VERIFY_TEMP/home/azureuser/.npm/_cacache/content-v2/sha512/a1/08/85de087d0a20bd9865c5547af840b102fada385140407d05d1a6ea8eacc056dfdce79f71b4ced0f0b4a4e66aa4c53c656476f409a83a97dbff5736c3e3e4
/home/azureuser/RESTORE_VERIFY_TEMP/home/azureuser/.npm/_cacache/content-v2/sha512/0b/ed/c43cb2ae02f9c1c9e3c2a2c5337b234c9440503a1290b11f0235b7fcc55a40aeab3fa6c1d0ec220cb0a32e209a6b46dd35d7a5477c96ad00be0fc2b79de5
/home/azureuser/RESTORE_VERIFY_TEMP/home/azureuser/.npm/_cacache/content-v2/sha512/db/6b/94e059a0841a13b21b1b534f1172feb13c56e3276cc17f4004ea032144d87579dd69fbb2cb547e39c640c1a82e876df6323264f0d3f4c2aa31700045e254
/home/azureuser/RESTORE_VERIFY_TEMP/home/azureuser/.npm/_cacache/content-v2/sha512/db/d8/455b37623b7b9aa3a7fa876e923fd37da46d3c98105dee061df04bcca2ae0fbd083f69a2894ef16d77f3f0052598ded8a438b7dc849f7b09ab1ec8fa2e99
/home/azureuser/RESTORE_VERIFY_TEMP/home/azureuser/.npm/_cacache/content-v2/sha512/1c/53/e00226d94a6fcd662f886da9936e102d83942395d842c778a0bbec2c450bb20f3ca4f41d1cab23db0ec78ee88fa721a3616463f3c5962ad45df46fde8f24
/home/azureuser/RESTORE_VERIFY_TEMP/home/azureuser/.npm/_cacache/content-v2/sha512/e3/1f/451e861fe5869cb5bf7c6dfd49e9cdca187436dee4be95840dd47fa648570f852a3e03fa026a15a5fb1d1dbe3e1df9e22979bbab4edaa7f51c120e51838d
/home/azureuser/RESTORE_VERIFY_TEMP/home/azureuser/.npm/_cacache/content-v2/sha512/65/15/d585d4982d52c2e748cc8515131a0495a4daa4bb8aff2be1c0fc1916681873608690f96d91252f627456fa84e4c6dc2c5edb0c34b837fc88b7b166579189
/home/azureuser/RESTORE_VERIFY_TEMP/home/azureuser/.npm/_cacache/content-v2/sha512/a3/93/7c04af8341124ecbe8d3cc3881219fe9a6cb76190cff5a7c2e983952b0a3cc691a12ba358899e8975dff4d2602aa7033503462c17adb1eed42c2e8b0efb2
/home/azureuser/RESTORE_VERIFY_TEMP/home/azureuser/.npm/_cacache/content-v2/sha512/60/10/75d85efca0a8c186f8138c3286b6d149dd2562cdc4a5fdedbd7e36661a36c4bbfb70ddf80098034a5495323ef78d241f50205e6c08975a1af157ba8ee57e
/home/azureuser/RESTORE_VERIFY_TEMP/home/azureuser/.npm/_cacache/content-v2/sha512/9c/d9/e57b56e7b09a0fc7c04dd5e08428bc6a753455d08cb996104df8bc5e6d0fb4cea5cc3be97ce7fbd1a5e35db68a27b830721edbe07d6907e2b7f502195b5f
/home/azureuser/RESTORE_VERIFY_TEMP/home/azureuser/.npm/_cacache/content-v2/sha512/9c/65/26bb214d03d365c5f8e2bf8f82c676c0806de703186ba143e65b885aea737ffe2e901b32a0e50eca6944af6da97942b476d5e902da7e21eea706f1361b9d
/home/azureuser/RESTORE_VERIFY_TEMP/home/azureuser/.npm/_cacache/content-v2/sha512/2c/0d/4ef130fda17e82a9de6d330a61829c347cdf605c79dca52e0bd68c4d5adbf42943e3194e7ee0a36a0cc95215b0d1405625bb81e602f640ee954ec17436ab
/home/azureuser/RESTORE_VERIFY_TEMP/home/azureuser/.npm/_cacache/content-v2/sha512/08/c8/cd038e76be537a30f4062b012252329fa2d719123287a36c02bad2a928361e62d4576a52a5ce53634fe917ccc46eaf2cb888d74a216a6a3381cbfbb7408e
/home/azureuser/RESTORE_VERIFY_TEMP/home/azureuser/.npm/_cacache/content-v2/sha512/08/4b/6fdc85a9a760c61fdb091d594f7741d564d93cdbd9a0a2f933e4a29c2a8842d5a928423ac17e2a24c98cfc03bccdaf3f9403ee912105072d8332e1be7c59
/home/azureuser/RESTORE_VERIFY_TEMP/home/azureuser/.npm/_cacache/content-v2/sha512/0e/72/fe8aa4bf133d4c62e7b8e55da2bc991f98b669838a48ae4e60b1a7209db109f4baa0e8e9523d71d8c6c2ae697f551a58170d40431f64ff11388484fd2378
/home/azureuser/RESTORE_VERIFY_TEMP/home/azureuser/.npm/_cacache/content-v2/sha512/c7/d0/3f9a400f0e718432925ce7200a1a5e41a0cadcaf197090a82b6621b76ff8e5a5848d30deda40e28c3ac2b726770e5f11b2fc9c01a3cd48e06da2b67a2294
/home/azureuser/RESTORE_VERIFY_TEMP/home/azureuser/.npm/_cacache/content-v2/sha512/a7/1a/ee37cab86a0b1dc94727cd1227ff93306486f97c679e7ea1da2b2076e0651c0347456ecf026b07d2860dde1135d0c63e966947017d489f6be864a7a5945d
/home/azureuser/RESTORE_VERIFY_TEMP/home/azureuser/.npm/_cacache/content-v2/sha512/86/a4/ce847770c2b3e0adb367685ef556b709d276bd6876813af3a96fb1b5784e4d3042b79535bc55357dfdfac05951b2f2a1c4f07670d00442fdf06a81fbad28
/home/azureuser/RESTORE_VERIFY_TEMP/home/azureuser/.npm/_cacache/content-v2/sha512/07/bf/e9502e5509b4bef104f0c73d62a0aaf8e728656482b537643206fb27f9ebab8358eaa5fe335cdb16a7b2f5135f87be8de5f0c15e980031a9ff3a76616f35
/home/azureuser/RESTORE_VERIFY_TEMP/home/azureuser/.npm/_cacache/content-v2/sha512/29/05/1df2a4938dd6787de93bbc7c3e065c8affedf04b4a39a1593d0a421373cc348785e3b6f83ee536c6051cdf8b7b8dd521fadf2062e59ea83a6ccb11fa0f65
/home/azureuser/RESTORE_VERIFY_TEMP/home/azureuser/.npm/_cacache/content-v2/sha512/ea/3e/405c7885091fe7e029f5d7c391de1c0138949c51a6c2c1b4ea6f443f789f6236dbdbbd1e3daae76a2d0232e0ff8270b53afd8fa59393e87582b74779b025
/home/azureuser/RESTORE_VERIFY_TEMP/home/azureuser/.npm/_cacache/content-v2/sha512/bb/e0/761a420a5df3d577f90d3b5e6c35772d07d507fda6db4fc14956322d742f7c7c351c31caf52eef777e82bc062f7dfcbcc9eeb4592cc6900e9be8f0192b30
/home/azureuser/RESTORE_VERIFY_TEMP/home/azureuser/.npm/_cacache/content-v2/sha512/68/d8/6fa93b6abca77b3b90a9c2cde3d63040f85c2f094c9e13fd45edf8f2b310293b32dda9a9fb390ea47d57749c1a9cb8aee974eaf202868a7cec5dbe273d0b
/home/azureuser/RESTORE_VERIFY_TEMP/home/azureuser/.npm/_cacache/content-v2/sha512/64/7b/7b3c3f090a1977f67a427ef7ed4c179e69a6c7baefbfd1b75be392f5bd294d66156519d4b3ca80ef0c2ff8bb6889be8cf4b4c3f7b11645c83777d88156e2
/home/azureuser/RESTORE_VERIFY_TEMP/home/azureuser/.npm/_cacache/content-v2/sha512/22/68/dccfb91fb4c432cd0e50a2159f20bec1cfacad6f0b718d3ae179e4a43e5efe9539570a9f2024b380127ee8bcc08652f4296071db4d085472562288a8688a
/home/azureuser/RESTORE_VERIFY_TEMP/home/azureuser/.npm/_cacache/content-v2/sha512/12/34/2447ef7d67cba906c2007f80761457857c5e46e2a26844fa933b415e8e5f10d79c13282ffdade3c48e961e2f074b44b842c5b5f4abeeb868df7e4ad81835
/home/azureuser/RESTORE_VERIFY_TEMP/home/azureuser/.npm/_cacache/content-v2/sha512/67/3a/ecae41cbd3bbd7fc73898f4c211d1c1f44c878ea7d04ea66fd4222bc54fa195a23a1482ca17bc09866ae323f3c92b8cc0cc568839871d5b37334d760f1b3
/home/azureuser/RESTORE_VERIFY_TEMP/home/azureuser/.npm/_cacache/content-v2/sha512/80/51/47a72a1a59b7ab4eea6e4d33d6b4670be06a8984741a9c7e391dd04f3ea48a255f35f415b30f87d4bae16b374f2a16d8f8d598143e7d95dca8b27476bc09
/home/azureuser/RESTORE_VERIFY_TEMP/home/azureuser/.npm/_cacache/content-v2/sha512/19/14/69dd560ee23084f45d565024086e19321cc52fbd247cfa6f0463f6feb94614089c431c0025ba8c85a984e85edc1eb96d28b3155393244a87a206c80cebce
/home/azureuser/RESTORE_VERIFY_TEMP/home/azureuser/.npm/_cacache/content-v2/sha512/49/dd/946a396448702eaa437ab165ebd30fab5206f4c5170ecbc8add9c7c78a693c6ee5fd9e486d9503bdc47e4fe0420f71136ae94faaa80b4b61e4245f5ed238
/home/azureuser/RESTORE_VERIFY_TEMP/home/azureuser/.npm/_cacache/content-v2/sha512/ec/b7/d58c7fe1056595bf40aabd9519ed801f162f027d04ca6fb7bfc41acdcdb6c077f6a66a86ce75d0b0740c6c17ccecf733cf69aabb5df011f6293a8acf43d3
/home/azureuser/RESTORE_VERIFY_TEMP/home/azureuser/.npm/_cacache/content-v2/sha512/21/df/ecf0868204e41a0ed80ff319b3aa087c45bde75588ec8cdac38d2a3ba7e6227a3504ecc938430158c2db776b9f01dd654ee019506db20b0f2b5aebd23f43
/home/azureuser/RESTORE_VERIFY_TEMP/home/azureuser/.gemini/antigravity-cli/history.jsonl
/home/azureuser/RESTORE_VERIFY_TEMP/home/azureuser/.gemini/antigravity-cli/brain/47f3f05e-b686-4d3d-9ae2-f215c03ab86b/.system_generated/logs/chunks/transcript/00000016.jsonl
/home/azureuser/RESTORE_VERIFY_TEMP/home/azureuser/.gemini/antigravity-cli/brain/47f3f05e-b686-4d3d-9ae2-f215c03ab86b/.system_generated/logs/chunks/transcript/00000013.jsonl
/home/azureuser/RESTORE_VERIFY_TEMP/home/azureuser/.gemini/antigravity-cli/brain/47f3f05e-b686-4d3d-9ae2-f215c03ab86b/.system_generated/logs/chunks/transcript_full/00000031.jsonl
/home/azureuser/RESTORE_VERIFY_TEMP/home/azureuser/.gemini/antigravity-cli/brain/47f3f05e-b686-4d3d-9ae2-f215c03ab86b/.system_generated/logs/chunks/transcript_full/00000017.jsonl
/home/azureuser/RESTORE_VERIFY_TEMP/home/azureuser/.gemini/antigravity-cli/brain/47f3f05e-b686-4d3d-9ae2-f215c03ab86b/.system_generated/logs/chunks/transcript_full/00000021.jsonl
/home/azureuser/RESTORE_VERIFY_TEMP/home/azureuser/.gemini/antigravity-cli/brain/47f3f05e-b686-4d3d-9ae2-f215c03ab86b/.system_generated/logs/transcript.jsonl
/home/azureuser/RESTORE_VERIFY_TEMP/home/azureuser/.gemini/antigravity-cli/brain/47f3f05e-b686-4d3d-9ae2-f215c03ab86b/.system_generated/logs/transcript_full.jsonl
/home/azureuser/RESTORE_VERIFY_TEMP/home/azureuser/.gemini/antigravity-cli/brain/47f3f05e-b686-4d3d-9ae2-f215c03ab86b/.system_generated/steps/6317/output.txt
/home/azureuser/RESTORE_VERIFY_TEMP/home/azureuser/.gemini/antigravity-cli/brain/47f3f05e-b686-4d3d-9ae2-f215c03ab86b/.system_generated/steps/6315/output.txt
/home/azureuser/RESTORE_VERIFY_TEMP/home/azureuser/.gemini/antigravity-cli/brain/47f3f05e-b686-4d3d-9ae2-f215c03ab86b/.system_generated/steps/7206/output.txt
/home/azureuser/RESTORE_VERIFY_TEMP/home/azureuser/.gemini/antigravity-cli/brain/47f3f05e-b686-4d3d-9ae2-f215c03ab86b/.system_generated/steps/6538/output.txt
/home/azureuser/RESTORE_VERIFY_TEMP/home/azureuser/.gemini/antigravity-cli/brain/47f3f05e-b686-4d3d-9ae2-f215c03ab86b/.system_generated/tasks/task-5508.log
/home/azureuser/RESTORE_VERIFY_TEMP/home/azureuser/.gemini/antigravity-cli/brain/47f3f05e-b686-4d3d-9ae2-f215c03ab86b/.system_generated/tasks/task-5457.log
/home/azureuser/RESTORE_VERIFY_TEMP/home/azureuser/.gemini/antigravity-cli/brain/47f3f05e-b686-4d3d-9ae2-f215c03ab86b/.system_generated/tasks/task-5483.log
/home/azureuser/RESTORE_VERIFY_TEMP/home/azureuser/.gemini/antigravity-cli/brain/47f3f05e-b686-4d3d-9ae2-f215c03ab86b/.system_generated/tasks/task-5866.log
/home/azureuser/RESTORE_VERIFY_TEMP/home/azureuser/.gemini/antigravity-cli/brain/47f3f05e-b686-4d3d-9ae2-f215c03ab86b/.system_generated/tasks/task-5652.log
/home/azureuser/RESTORE_VERIFY_TEMP/home/azureuser/RESTORED_VIDEOS/I_0014584273.mp4
/home/azureuser/RESTORE_VERIFY_TEMP/home/azureuser/RESTORED_VIDEOS/I_0014581279.mp4
/home/azureuser/RESTORE_VERIFY_TEMP/home/azureuser/RESTORED_VIDEOS/I_0014586216.mp4
/home/azureuser/RESTORE_VERIFY_TEMP/home/azureuser/RESTORED_VIDEOS/I_0014575662.mp4
/home/azureuser/RESTORE_VERIFY_TEMP/home/azureuser/RESTORED_VIDEOS/I_0014586219.mp4
/home/azureuser/RESTORE_VERIFY_TEMP/home/azureuser/AGY-MASTER/RECOVERED_LOGS/cli-20260924_163443.log
/home/azureuser/RESTORE_VERIFY_TEMP/home/azureuser/AGY-MASTER/RECOVERED_LOGS/cli-20260922_183427.log
/home/azureuser/RESTORE_VERIFY_TEMP/home/azureuser/DATABASE_BACKUPS_VAULT/gcp_dumps/gcp_frappe_mariadb.sql
/home/azureuser/RESTORE_VERIFY_TEMP/home/azureuser/DATABASE_BACKUPS_VAULT/azure_youtube_pipeline_consistent.db
/home/azureuser/RESTORE_VERIFY_TEMP/home/azureuser/.local/bin/agy
/home/azureuser/RESTORE_VERIFY_TEMP/home/azureuser/.local/bin/agy.1790323328348797097.old
/home/azureuser/RESTORE_VERIFY_TEMP/home/azureuser/.config/google-chrome/Profile_Irak_Master/Extensions/fdpohaocaechififmbbbbbknoalclacl/8.9_0/editor.afd2adb8.js
/home/azureuser/RESTORE_VERIFY_TEMP/home/azureuser/.config/google-chrome/Profile_Irak_Master/AccountBookmarks
/home/azureuser/RESTORE_VERIFY_TEMP/home/azureuser/.config/google-chrome/Profile_Irak_Master/Preferences
/home/azureuser/RESTORE_VERIFY_TEMP/home/azureuser/RESTORED_PROJECTS/014088.sst
/home/azureuser/RESTORE_VERIFY_TEMP/home/azureuser/RESTORED_PROJECTS/014033.sst
/home/azureuser/RESTORE_VERIFY_TEMP/home/azureuser/RESTORED_PROJECTS/.gemini/antigravity-cli/brain/47f3f05e-b686-4d3d-9ae2-f215c03ab86b/.system_generated/steps/5146/config
/home/azureuser/RESTORE_VERIFY_TEMP/home/azureuser/RESTORED_PROJECTS/014032.sst
/home/azureuser/RESTORE_VERIFY_TEMP/home/azureuser/RESTORED_PROJECTS/013972.sst
/home/azureuser/RESTORE_VERIFY_TEMP/home/azureuser/RESTORED_PROJECTS/014089.sst
/home/azureuser/RESTORE_VERIFY_TEMP/home/azureuser/RESTORED_PROJECTS/014035.sst
/home/azureuser/RESTORE_VERIFY_TEMP/home/azureuser/RESTORED_PROJECTS/014052.sst
/home/azureuser/RESTORE_VERIFY_TEMP/home/azureuser/RESTORED_PROJECTS/014046.sst
/home/azureuser/RESTORE_VERIFY_TEMP/home/azureuser/RESTORED_PROJECTS/flutter_tools.snapshot
/home/azureuser/RESTORE_VERIFY_TEMP/home/azureuser/RESTORED_PROJECTS/014054.sst
/home/azureuser/RESTORE_VERIFY_TEMP/home/azureuser/RESTORED_PROJECTS/RECOVERED_BY_NAME/33533_memstats.2026-09-23T22_41_49.203.1390616576.txt
/home/azureuser/RESTORE_VERIFY_TEMP/home/azureuser/RESTORED_PROJECTS/RECOVERED_BY_NAME/13994912_11a7fff9-a733-4b60-8dac-85108663142c.db
/home/azureuser/RESTORE_VERIFY_TEMP/home/azureuser/RESTORED_PROJECTS/RECOVERED_BY_NAME/33674_memprof.2026-09-25T02_59_35.232.612550856.pprof
/home/azureuser/RESTORE_VERIFY_TEMP/home/azureuser/RESTORED_PROJECTS/RECOVERED_BY_NAME/33627_memstats.2026-09-24T17_12_43.254.1073901568.txt
/home/azureuser/RESTORE_VERIFY_TEMP/home/azureuser/RESTORED_PROJECTS/RECOVERED_BY_NAME/33389_memprof.2026-09-23T06_08_15.719.518931504.pprof
/home/azureuser/RESTORE_VERIFY_TEMP/home/azureuser/RESTORED_PROJECTS/RECOVERED_BY_NAME/13994911_0f4959f8-b0de-416c-ad67-c2d2543657e5.db
/home/azureuser/RESTORE_VERIFY_TEMP/home/azureuser/RESTORED_PROJECTS/RECOVERED_BY_NAME/33359_memprof.2026-09-23T03_14_05.136.518122696.pprof
/home/azureuser/RESTORE_VERIFY_TEMP/home/azureuser/RESTORED_PROJECTS/RECOVERED_BY_NAME/532245_seo_competitors_backup_before_reset.csv
/home/azureuser/RESTORE_VERIFY_TEMP/home/azureuser/RESTORED_PROJECTS/RECOVERED_BY_NAME/33713_memprof.2026-09-25T05_31_55.772.776716576.pprof
/home/azureuser/RESTORE_VERIFY_TEMP/home/azureuser/RESTORED_PROJECTS/RECOVERED_BY_NAME/33619_memprof.2026-09-24T13_58_32.387.627010248.pprof
/home/azureuser/RESTORE_VERIFY_TEMP/home/azureuser/RESTORED_PROJECTS/RECOVERED_BY_NAME/33688_memprof.2026-09-25T02_48_25.192.611141104.pprof
/home/azureuser/RESTORE_VERIFY_TEMP/home/azureuser/RESTORED_PROJECTS/LIVE_FD_DUMPS/1448_agy_cli-20260922_183427.log
/home/azureuser/RESTORE_VERIFY_TEMP/home/azureuser/RESTORED_PROJECTS/LIVE_FD_DUMPS/1446_agy_cli-20260922_183427.log
/home/azureuser/RESTORE_VERIFY_TEMP/home/azureuser/RESTORED_PROJECTS/LIVE_FD_DUMPS/1444_agy_cli-20260922_183427.log
/home/azureuser/RESTORE_VERIFY_TEMP/home/azureuser/RESTORED_PROJECTS/LIVE_FD_DUMPS/1445_agy_cli-20260922_183427.log
/home/azureuser/RESTORE_VERIFY_TEMP/home/azureuser/RESTORED_PROJECTS/LIVE_FD_DUMPS/1449_agy_cli-20260922_183427.log
/home/azureuser/RESTORE_VERIFY_TEMP/home/azureuser/RESTORED_PROJECTS/LIVE_FD_DUMPS/1451_agy_cli-20260922_183427.log
/home/azureuser/RESTORE_VERIFY_TEMP/home/azureuser/RESTORED_PROJECTS/LIVE_FD_DUMPS/1447_agy_cli-20260922_183427.log
/home/azureuser/RESTORE_VERIFY_TEMP/home/azureuser/RESTORED_PROJECTS/LIVE_FD_DUMPS/1450_agy_cli-20260922_183427.log
/home/azureuser/RESTORE_VERIFY_TEMP/home/azureuser/RESTORED_PROJECTS/LIVE_FD_DUMPS/669951_python3_youtube_pipeline.db-wal
/home/azureuser/RESTORE_VERIFY_TEMP/home/azureuser/RESTORED_PROJECTS/LIVE_FD_DUMPS/266192_agy_cli-20260924_163443.log
/home/azureuser/RESTORE_VERIFY_TEMP/home/azureuser/RESTORED_PROJECTS/LIVE_FD_DUMPS/1556_agy_cli-20260922_183427.log
/home/azureuser/RESTORE_VERIFY_TEMP/home/azureuser/RESTORED_PROJECTS/LIVE_FD_DUMPS/190240_bash_start_monitor_tunnel.sh
/home/azureuser/RESTORE_VERIFY_TEMP/home/azureuser/RESTORED_PROJECTS/LIVE_FD_DUMPS/1454_agy_cli-20260922_183427.log
/home/azureuser/RESTORE_VERIFY_TEMP/home/azureuser/RESTORED_PROJECTS/LIVE_FD_DUMPS/669951_python3_youtube_pipeline.db
/home/azureuser/RESTORE_VERIFY_TEMP/home/azureuser/RESTORED_PROJECTS/d1307be7-22ec-43df-93b9-1f07594946be
/home/azureuser/RESTORE_VERIFY_TEMP/home/azureuser/RESTORED_PROJECTS/temp-628889.rdb
/home/azureuser/RESTORE_VERIFY_TEMP/home/azureuser/RESTORED_PROJECTS/flutter_test_listener.DTIDZR/listener.dart.dill/flutter_test_compiler.PWFPLO/flutter_test_compiler.HQIEGT/output.dill
/home/azureuser/RESTORE_VERIFY_TEMP/home/azureuser/RESTORED_PROJECTS/014053.sst
/home/azureuser/RESTORE_VERIFY_TEMP/home/azureuser/.webterminal/wa_auth/lid-mapping-139122647818278_reverse.json
/home/azureuser/RESTORE_VERIFY_TEMP/home/azureuser/.webterminal/wa_auth/lid-mapping-8801889147685.json
/home/azureuser/RESTORE_VERIFY_TEMP/home/azureuser/.webterminal/wa_auth/lid-mapping-42219729907903_reverse.json
/home/azureuser/RESTORE_VERIFY_TEMP/home/azureuser/.webterminal/wa_auth/lid-mapping-8801637909037.json
/home/azureuser/RESTORE_VERIFY_TEMP/home/azureuser/.webterminal/wa_auth/lid-mapping-96044511694898_reverse.json
/home/azureuser/RESTORE_VERIFY_TEMP/home/azureuser/.webterminal/wa_auth/lid-mapping-8801537529134.json
/home/azureuser/RESTORE_VERIFY_TEMP/home/azureuser/.webterminal/wa_auth/lid-mapping-8801710646019.json
/home/azureuser/RESTORE_VERIFY_TEMP/home/azureuser/.webterminal/wa_auth/lid-mapping-8801304014584.json
/home/azureuser/RESTORE_VERIFY_TEMP/home/azureuser/.webterminal/wa_auth/lid-mapping-8801977887935.json
/home/azureuser/RESTORE_VERIFY_TEMP/home/azureuser/.webterminal/wa_auth/lid-mapping-8801681563313.json
/home/azureuser/RESTORE_VERIFY_TEMP/home/azureuser/.webterminal/wa_auth/lid-mapping-75205212946649_reverse.json
/home/azureuser/RESTORE_VERIFY_TEMP/home/azureuser/.webterminal/wa_auth/lid-mapping-8801315779733.json
/home/azureuser/RESTORE_VERIFY_TEMP/home/azureuser/.webterminal/wa_auth/lid-mapping-8801705062664.json
/home/azureuser/RESTORE_VERIFY_TEMP/home/azureuser/.webterminal/wa_auth/lid-mapping-8801576448464.json
/home/azureuser/RESTORE_VERIFY_TEMP/home/azureuser/.webterminal/wa_auth/lid-mapping-8801944612756.json
/home/azureuser/RESTORE_VERIFY_TEMP/home/azureuser/.webterminal/wa_auth/lid-mapping-8801602476871.json
/home/azureuser/RESTORE_VERIFY_TEMP/home/azureuser/.webterminal/wa_auth/lid-mapping-13855766242.json
/home/azureuser/RESTORE_VERIFY_TEMP/home/azureuser/.webterminal/wa_auth/lid-mapping-8801723581302.json
/home/azureuser/RESTORE_VERIFY_TEMP/home/azureuser/.webterminal/wa_auth/lid-mapping-8801719247360.json
/home/azureuser/RESTORE_VERIFY_TEMP/home/azureuser/.webterminal/wa_auth/lid-mapping-8801954902299.json
/home/azureuser/RESTORE_VERIFY_TEMP/home/azureuser/.webterminal/wa_auth/lid-mapping-138753381253372_reverse.json
/home/azureuser/Antigravity-Global-Notifier/archive/.gemini/antigravity-cli/history.jsonl
/home/azureuser/Antigravity-Global-Notifier/archive/.gemini/antigravity-cli/brain/47f3f05e-b686-4d3d-9ae2-f215c03ab86b/pinned_live_links.md
/home/azureuser/Antigravity-Global-Notifier/archive/.gemini/antigravity-cli/brain/47f3f05e-b686-4d3d-9ae2-f215c03ab86b/.system_generated/logs/chunks/transcript/00000042.jsonl
/home/azureuser/Antigravity-Global-Notifier/archive/.gemini/antigravity-cli/brain/47f3f05e-b686-4d3d-9ae2-f215c03ab86b/.system_generated/logs/chunks/transcript/00000016.jsonl
/home/azureuser/Antigravity-Global-Notifier/archive/.gemini/antigravity-cli/brain/47f3f05e-b686-4d3d-9ae2-f215c03ab86b/.system_generated/logs/chunks/transcript/00000062.jsonl
/home/azureuser/Antigravity-Global-Notifier/archive/.gemini/antigravity-cli/brain/47f3f05e-b686-4d3d-9ae2-f215c03ab86b/.system_generated/logs/chunks/transcript/00000061.jsonl
/home/azureuser/Antigravity-Global-Notifier/archive/.gemini/antigravity-cli/brain/47f3f05e-b686-4d3d-9ae2-f215c03ab86b/.system_generated/logs/chunks/transcript/00000064.jsonl
/home/azureuser/Antigravity-Global-Notifier/archive/.gemini/antigravity-cli/brain/47f3f05e-b686-4d3d-9ae2-f215c03ab86b/.system_generated/logs/chunks/transcript/00000069.jsonl
/home/azureuser/Antigravity-Global-Notifier/archive/.gemini/antigravity-cli/brain/47f3f05e-b686-4d3d-9ae2-f215c03ab86b/.system_generated/logs/chunks/transcript/00000068.jsonl
/home/azureuser/Antigravity-Global-Notifier/archive/.gemini/antigravity-cli/brain/47f3f05e-b686-4d3d-9ae2-f215c03ab86b/.system_generated/logs/chunks/transcript/00000035.jsonl
/home/azureuser/Antigravity-Global-Notifier/archive/.gemini/antigravity-cli/brain/47f3f05e-b686-4d3d-9ae2-f215c03ab86b/.system_generated/logs/chunks/transcript/00000072.jsonl
/home/azureuser/Antigravity-Global-Notifier/archive/.gemini/antigravity-cli/brain/47f3f05e-b686-4d3d-9ae2-f215c03ab86b/.system_generated/logs/chunks/transcript/00000060.jsonl
/home/azureuser/Antigravity-Global-Notifier/archive/.gemini/antigravity-cli/brain/47f3f05e-b686-4d3d-9ae2-f215c03ab86b/.system_generated/logs/chunks/transcript/00000074.jsonl
/home/azureuser/Antigravity-Global-Notifier/archive/.gemini/antigravity-cli/brain/47f3f05e-b686-4d3d-9ae2-f215c03ab86b/.system_generated/logs/chunks/transcript/00000065.jsonl
/home/azureuser/Antigravity-Global-Notifier/archive/.gemini/antigravity-cli/brain/47f3f05e-b686-4d3d-9ae2-f215c03ab86b/.system_generated/logs/chunks/transcript/00000013.jsonl
/home/azureuser/Antigravity-Global-Notifier/archive/.gemini/antigravity-cli/brain/47f3f05e-b686-4d3d-9ae2-f215c03ab86b/.system_generated/logs/chunks/transcript/00000051.jsonl
/home/azureuser/Antigravity-Global-Notifier/archive/.gemini/antigravity-cli/brain/47f3f05e-b686-4d3d-9ae2-f215c03ab86b/.system_generated/logs/chunks/transcript/00000063.jsonl
/home/azureuser/Antigravity-Global-Notifier/archive/.gemini/antigravity-cli/brain/47f3f05e-b686-4d3d-9ae2-f215c03ab86b/.system_generated/logs/chunks/transcript/00000070.jsonl
/home/azureuser/Antigravity-Global-Notifier/archive/.gemini/antigravity-cli/brain/47f3f05e-b686-4d3d-9ae2-f215c03ab86b/.system_generated/logs/chunks/transcript/00000043.jsonl
/home/azureuser/Antigravity-Global-Notifier/archive/.gemini/antigravity-cli/brain/47f3f05e-b686-4d3d-9ae2-f215c03ab86b/.system_generated/logs/chunks/transcript_full/00000042.jsonl
/home/azureuser/Antigravity-Global-Notifier/archive/.gemini/antigravity-cli/brain/47f3f05e-b686-4d3d-9ae2-f215c03ab86b/.system_generated/logs/chunks/transcript_full/00000075.jsonl
/home/azureuser/Antigravity-Global-Notifier/archive/.gemini/antigravity-cli/brain/47f3f05e-b686-4d3d-9ae2-f215c03ab86b/.system_generated/logs/chunks/transcript_full/00000061.jsonl
/home/azureuser/Antigravity-Global-Notifier/archive/.gemini/antigravity-cli/brain/47f3f05e-b686-4d3d-9ae2-f215c03ab86b/.system_generated/logs/chunks/transcript_full/00000076.jsonl
/home/azureuser/Antigravity-Global-Notifier/archive/.gemini/antigravity-cli/brain/47f3f05e-b686-4d3d-9ae2-f215c03ab86b/.system_generated/logs/chunks/transcript_full/00000031.jsonl
/home/azureuser/Antigravity-Global-Notifier/archive/.gemini/antigravity-cli/brain/47f3f05e-b686-4d3d-9ae2-f215c03ab86b/.system_generated/logs/chunks/transcript_full/00000090.jsonl
/home/azureuser/Antigravity-Global-Notifier/archive/.gemini/antigravity-cli/brain/47f3f05e-b686-4d3d-9ae2-f215c03ab86b/.system_generated/logs/chunks/transcript_full/00000074.jsonl
/home/azureuser/Antigravity-Global-Notifier/archive/.gemini/antigravity-cli/brain/47f3f05e-b686-4d3d-9ae2-f215c03ab86b/.system_generated/logs/chunks/transcript_full/00000017.jsonl
/home/azureuser/Antigravity-Global-Notifier/archive/.gemini/antigravity-cli/brain/47f3f05e-b686-4d3d-9ae2-f215c03ab86b/.system_generated/logs/chunks/transcript_full/00000086.jsonl
/home/azureuser/Antigravity-Global-Notifier/archive/.gemini/antigravity-cli/brain/47f3f05e-b686-4d3d-9ae2-f215c03ab86b/.system_generated/logs/chunks/transcript_full/00000080.jsonl
/home/azureuser/Antigravity-Global-Notifier/archive/.gemini/antigravity-cli/brain/47f3f05e-b686-4d3d-9ae2-f215c03ab86b/.system_generated/logs/chunks/transcript_full/00000088.jsonl
/home/azureuser/Antigravity-Global-Notifier/archive/.gemini/antigravity-cli/brain/47f3f05e-b686-4d3d-9ae2-f215c03ab86b/.system_generated/logs/chunks/transcript_full/00000079.jsonl
/home/azureuser/Antigravity-Global-Notifier/archive/.gemini/antigravity-cli/brain/47f3f05e-b686-4d3d-9ae2-f215c03ab86b/.system_generated/logs/chunks/transcript_full/00000051.jsonl
/home/azureuser/Antigravity-Global-Notifier/archive/.gemini/antigravity-cli/brain/47f3f05e-b686-4d3d-9ae2-f215c03ab86b/.system_generated/logs/chunks/transcript_full/00000091.jsonl
/home/azureuser/Antigravity-Global-Notifier/archive/.gemini/antigravity-cli/brain/47f3f05e-b686-4d3d-9ae2-f215c03ab86b/.system_generated/logs/chunks/transcript_full/00000077.jsonl
/home/azureuser/Antigravity-Global-Notifier/archive/.gemini/antigravity-cli/brain/47f3f05e-b686-4d3d-9ae2-f215c03ab86b/.system_generated/logs/chunks/transcript_full/00000084.jsonl
/home/azureuser/Antigravity-Global-Notifier/archive/.gemini/antigravity-cli/brain/47f3f05e-b686-4d3d-9ae2-f215c03ab86b/.system_generated/logs/chunks/transcript_full/00000021.jsonl
/home/azureuser/Antigravity-Global-Notifier/archive/.gemini/antigravity-cli/brain/47f3f05e-b686-4d3d-9ae2-f215c03ab86b/.system_generated/logs/chunks/transcript_full/00000085.jsonl
/home/azureuser/Antigravity-Global-Notifier/archive/.gemini/antigravity-cli/brain/47f3f05e-b686-4d3d-9ae2-f215c03ab86b/.system_generated/logs/chunks/transcript_full/00000073.jsonl
/home/azureuser/Antigravity-Global-Notifier/archive/.gemini/antigravity-cli/brain/47f3f05e-b686-4d3d-9ae2-f215c03ab86b/.system_generated/logs/chunks/transcript_full/00000052.jsonl
/home/azureuser/Antigravity-Global-Notifier/archive/.gemini/antigravity-cli/brain/47f3f05e-b686-4d3d-9ae2-f215c03ab86b/.system_generated/logs/chunks/transcript_full/00000071.jsonl
/home/azureuser/Antigravity-Global-Notifier/archive/.gemini/antigravity-cli/brain/47f3f05e-b686-4d3d-9ae2-f215c03ab86b/.system_generated/logs/transcript.jsonl
/home/azureuser/Antigravity-Global-Notifier/archive/.gemini/antigravity-cli/brain/47f3f05e-b686-4d3d-9ae2-f215c03ab86b/.system_generated/logs/transcript_full.jsonl
/home/azureuser/Antigravity-Global-Notifier/archive/.gemini/antigravity-cli/brain/47f3f05e-b686-4d3d-9ae2-f215c03ab86b/.system_generated/steps/6317/output.txt
/home/azureuser/Antigravity-Global-Notifier/archive/.gemini/antigravity-cli/brain/47f3f05e-b686-4d3d-9ae2-f215c03ab86b/.system_generated/steps/11674/output.txt
/home/azureuser/Antigravity-Global-Notifier/archive/.gemini/antigravity-cli/brain/47f3f05e-b686-4d3d-9ae2-f215c03ab86b/.system_generated/steps/9137/output.txt
/home/azureuser/Antigravity-Global-Notifier/archive/.gemini/antigravity-cli/brain/47f3f05e-b686-4d3d-9ae2-f215c03ab86b/.system_generated/steps/9139/output.txt
/home/azureuser/Antigravity-Global-Notifier/archive/.gemini/antigravity-cli/brain/47f3f05e-b686-4d3d-9ae2-f215c03ab86b/.system_generated/steps/10542/output.txt
/home/azureuser/Antigravity-Global-Notifier/archive/.gemini/antigravity-cli/brain/47f3f05e-b686-4d3d-9ae2-f215c03ab86b/.system_generated/steps/6315/output.txt
/home/azureuser/Antigravity-Global-Notifier/archive/.gemini/antigravity-cli/brain/47f3f05e-b686-4d3d-9ae2-f215c03ab86b/.system_generated/steps/10928/output.txt
/home/azureuser/Antigravity-Global-Notifier/archive/.gemini/antigravity-cli/brain/47f3f05e-b686-4d3d-9ae2-f215c03ab86b/.system_generated/steps/10728/output.txt
/home/azureuser/Antigravity-Global-Notifier/archive/.gemini/antigravity-cli/brain/47f3f05e-b686-4d3d-9ae2-f215c03ab86b/.system_generated/steps/11236/output.txt
/home/azureuser/Antigravity-Global-Notifier/archive/.gemini/antigravity-cli/brain/47f3f05e-b686-4d3d-9ae2-f215c03ab86b/.system_generated/steps/11000/output.txt
/home/azureuser/Antigravity-Global-Notifier/archive/.gemini/antigravity-cli/brain/47f3f05e-b686-4d3d-9ae2-f215c03ab86b/.system_generated/steps/10996/output.txt
/home/azureuser/Antigravity-Global-Notifier/archive/.gemini/antigravity-cli/brain/47f3f05e-b686-4d3d-9ae2-f215c03ab86b/.system_generated/steps/7206/output.txt
/home/azureuser/Antigravity-Global-Notifier/archive/.gemini/antigravity-cli/brain/47f3f05e-b686-4d3d-9ae2-f215c03ab86b/.system_generated/steps/10990/output.txt
/home/azureuser/Antigravity-Global-Notifier/archive/.gemini/antigravity-cli/brain/47f3f05e-b686-4d3d-9ae2-f215c03ab86b/.system_generated/steps/10688/output.txt
/home/azureuser/Antigravity-Global-Notifier/archive/.gemini/antigravity-cli/brain/47f3f05e-b686-4d3d-9ae2-f215c03ab86b/.system_generated/steps/10628/output.txt
/home/azureuser/Antigravity-Global-Notifier/archive/.gemini/antigravity-cli/brain/47f3f05e-b686-4d3d-9ae2-f215c03ab86b/.system_generated/steps/10796/output.txt
/home/azureuser/Antigravity-Global-Notifier/archive/.gemini/antigravity-cli/brain/47f3f05e-b686-4d3d-9ae2-f215c03ab86b/.system_generated/steps/10818/output.txt
/home/azureuser/Antigravity-Global-Notifier/archive/.gemini/antigravity-cli/brain/47f3f05e-b686-4d3d-9ae2-f215c03ab86b/.system_generated/steps/11024/output.txt
/home/azureuser/Antigravity-Global-Notifier/archive/.gemini/antigravity-cli/brain/47f3f05e-b686-4d3d-9ae2-f215c03ab86b/.system_generated/steps/9735/output.txt
/home/azureuser/Antigravity-Global-Notifier/archive/.gemini/antigravity-cli/brain/47f3f05e-b686-4d3d-9ae2-f215c03ab86b/.system_generated/steps/11002/output.txt
/home/azureuser/Antigravity-Global-Notifier/archive/.gemini/antigravity-cli/brain/47f3f05e-b686-4d3d-9ae2-f215c03ab86b/.system_generated/steps/10822/output.txt
/home/azureuser/Antigravity-Global-Notifier/archive/.gemini/antigravity-cli/brain/47f3f05e-b686-4d3d-9ae2-f215c03ab86b/.system_generated/steps/6538/output.txt
/home/azureuser/Antigravity-Global-Notifier/archive/.gemini/antigravity-cli/brain/47f3f05e-b686-4d3d-9ae2-f215c03ab86b/.system_generated/steps/11678/output.txt
/home/azureuser/Antigravity-Global-Notifier/archive/.gemini/antigravity-cli/brain/47f3f05e-b686-4d3d-9ae2-f215c03ab86b/.system_generated/steps/9053/output.txt
/home/azureuser/Antigravity-Global-Notifier/archive/.gemini/antigravity-cli/brain/47f3f05e-b686-4d3d-9ae2-f215c03ab86b/.system_generated/steps/11680/output.txt
/home/azureuser/Antigravity-Global-Notifier/archive/.gemini/antigravity-cli/brain/47f3f05e-b686-4d3d-9ae2-f215c03ab86b/.system_generated/tasks/task-5508.log
/home/azureuser/Antigravity-Global-Notifier/archive/.gemini/antigravity-cli/brain/47f3f05e-b686-4d3d-9ae2-f215c03ab86b/.system_generated/tasks/task-5457.log
/home/azureuser/Antigravity-Global-Notifier/archive/.gemini/antigravity-cli/brain/47f3f05e-b686-4d3d-9ae2-f215c03ab86b/.system_generated/tasks/task-5483.log
/home/azureuser/Antigravity-Global-Notifier/archive/.gemini/antigravity-cli/brain/47f3f05e-b686-4d3d-9ae2-f215c03ab86b/.system_generated/tasks/task-5866.log
/home/azureuser/Antigravity-Global-Notifier/archive/.gemini/antigravity-cli/brain/47f3f05e-b686-4d3d-9ae2-f215c03ab86b/.system_generated/tasks/task-5652.log
/home/azureuser/Antigravity-Global-Notifier/Cloud_VM_Live_Preview/server.py
/home/azureuser/Antigravity-Global-Notifier/Cloud_VM_Live_Preview/chart.min.js
/home/azureuser/Antigravity-Global-Notifier/Cloud_VM_Live_Preview/static/chart.min.js
/home/azureuser/Reporting-Agent/logs/sentinel.log
/home/azureuser/Reporting-Agent/reports/gdrive_sync_metrics.jsonl
/home/azureuser/mismatched_files_manifest.json
/home/azureuser/chart.min.js
/home/azureuser/.local/bin/agy
/home/azureuser/.local/bin/agy.1790323328348797097.old
/home/azureuser/.local/bin/chart.min.js
/home/azureuser/FULL_HOME_BACKUP/azure_home_FULL_filesystem_20260925.tar.gz
/home/azureuser/FULL_HOME_BACKUP/archive_file_list.txt
/home/azureuser/.config/google-chrome/Profile_Irak_Master/Extensions/fdpohaocaechififmbbbbbknoalclacl/8.9_0/editor.afd2adb8.js
/home/azureuser/.config/google-chrome/Profile_Irak_Master/AccountBookmarks
/home/azureuser/.config/google-chrome/Profile_Irak_Master/Preferences
/home/azureuser/reconciliation_result.txt
/home/azureuser/RESTORED_PROJECTS/014088.sst
/home/azureuser/RESTORED_PROJECTS/014033.sst
/home/azureuser/RESTORED_PROJECTS/.gemini/antigravity-cli/brain/47f3f05e-b686-4d3d-9ae2-f215c03ab86b/.system_generated/steps/5146/config
/home/azureuser/RESTORED_PROJECTS/014032.sst
/home/azureuser/RESTORED_PROJECTS/013972.sst
/home/azureuser/RESTORED_PROJECTS/014089.sst
/home/azureuser/RESTORED_PROJECTS/014035.sst
/home/azureuser/RESTORED_PROJECTS/014052.sst
/home/azureuser/RESTORED_PROJECTS/014046.sst
/home/azureuser/RESTORED_PROJECTS/flutter_tools.snapshot
/home/azureuser/RESTORED_PROJECTS/014054.sst
/home/azureuser/RESTORED_PROJECTS/RECOVERED_BY_NAME/33533_memstats.2026-09-23T22_41_49.203.1390616576.txt
/home/azureuser/RESTORED_PROJECTS/RECOVERED_BY_NAME/13994912_11a7fff9-a733-4b60-8dac-85108663142c.db
/home/azureuser/RESTORED_PROJECTS/RECOVERED_BY_NAME/33674_memprof.2026-09-25T02_59_35.232.612550856.pprof
/home/azureuser/RESTORED_PROJECTS/RECOVERED_BY_NAME/33627_memstats.2026-09-24T17_12_43.254.1073901568.txt
/home/azureuser/RESTORED_PROJECTS/RECOVERED_BY_NAME/33389_memprof.2026-09-23T06_08_15.719.518931504.pprof
/home/azureuser/RESTORED_PROJECTS/RECOVERED_BY_NAME/13994911_0f4959f8-b0de-416c-ad67-c2d2543657e5.db
/home/azureuser/RESTORED_PROJECTS/RECOVERED_BY_NAME/33359_memprof.2026-09-23T03_14_05.136.518122696.pprof
/home/azureuser/RESTORED_PROJECTS/RECOVERED_BY_NAME/532245_seo_competitors_backup_before_reset.csv
/home/azureuser/RESTORED_PROJECTS/RECOVERED_BY_NAME/33713_memprof.2026-09-25T05_31_55.772.776716576.pprof
/home/azureuser/RESTORED_PROJECTS/RECOVERED_BY_NAME/33619_memprof.2026-09-24T13_58_32.387.627010248.pprof
/home/azureuser/RESTORED_PROJECTS/RECOVERED_BY_NAME/33688_memprof.2026-09-25T02_48_25.192.611141104.pprof
/home/azureuser/RESTORED_PROJECTS/LIVE_FD_DUMPS/1448_agy_cli-20260922_183427.log
/home/azureuser/RESTORED_PROJECTS/LIVE_FD_DUMPS/1446_agy_cli-20260922_183427.log
/home/azureuser/RESTORED_PROJECTS/LIVE_FD_DUMPS/1444_agy_cli-20260922_183427.log
/home/azureuser/RESTORED_PROJECTS/LIVE_FD_DUMPS/1445_agy_cli-20260922_183427.log
/home/azureuser/RESTORED_PROJECTS/LIVE_FD_DUMPS/1449_agy_cli-20260922_183427.log
/home/azureuser/RESTORED_PROJECTS/LIVE_FD_DUMPS/1451_agy_cli-20260922_183427.log
/home/azureuser/RESTORED_PROJECTS/LIVE_FD_DUMPS/1447_agy_cli-20260922_183427.log
/home/azureuser/RESTORED_PROJECTS/LIVE_FD_DUMPS/1450_agy_cli-20260922_183427.log
/home/azureuser/RESTORED_PROJECTS/LIVE_FD_DUMPS/669951_python3_youtube_pipeline.db-wal
/home/azureuser/RESTORED_PROJECTS/LIVE_FD_DUMPS/266192_agy_cli-20260924_163443.log
/home/azureuser/RESTORED_PROJECTS/LIVE_FD_DUMPS/1556_agy_cli-20260922_183427.log
/home/azureuser/RESTORED_PROJECTS/LIVE_FD_DUMPS/190240_bash_start_monitor_tunnel.sh
/home/azureuser/RESTORED_PROJECTS/LIVE_FD_DUMPS/1454_agy_cli-20260922_183427.log
/home/azureuser/RESTORED_PROJECTS/LIVE_FD_DUMPS/669951_python3_youtube_pipeline.db
/home/azureuser/RESTORED_PROJECTS/d1307be7-22ec-43df-93b9-1f07594946be
/home/azureuser/RESTORED_PROJECTS/temp-628889.rdb
/home/azureuser/RESTORED_PROJECTS/flutter_test_listener.DTIDZR/listener.dart.dill/flutter_test_compiler.PWFPLO/flutter_test_compiler.HQIEGT/output.dill
/home/azureuser/RESTORED_PROJECTS/014053.sst
/home/azureuser/.webterminal/whatsapp.log
/home/azureuser/.webterminal/chart.min.js
/home/azureuser/.webterminal/wa_auth/lid-mapping-8801304014584.json
/home/azureuser/.webterminal/wa_auth/lid-mapping-8801719247360.json
/home/azureuser/.webterminal/wa_auth/lid-mapping-8801723581302.json
/home/azureuser/.webterminal/wa_auth/lid-mapping-8801710646019.json
/home/azureuser/.webterminal/wa_auth/lid-mapping-8801944612756.json
/home/azureuser/.webterminal/wa_auth/lid-mapping-13855766242.json
/home/azureuser/.webterminal/wa_auth/lid-mapping-139122647818278_reverse.json
/home/azureuser/.webterminal/wa_auth/lid-mapping-8801705062664.json
/home/azureuser/.webterminal/wa_auth/lid-mapping-8801637909037.json
/home/azureuser/.webterminal/wa_auth/lid-mapping-75205212946649_reverse.json
/home/azureuser/.webterminal/wa_auth/lid-mapping-8801681563313.json
/home/azureuser/.webterminal/wa_auth/lid-mapping-8801889147685.json
/home/azureuser/.webterminal/wa_auth/lid-mapping-8801315779733.json
/home/azureuser/.webterminal/wa_auth/lid-mapping-8801954902299.json
/home/azureuser/.webterminal/wa_auth/lid-mapping-8801977887935.json
/home/azureuser/.webterminal/wa_auth/lid-mapping-8801602476871.json
/home/azureuser/.webterminal/wa_auth/lid-mapping-138753381253372_reverse.json
/home/azureuser/.webterminal/wa_auth/lid-mapping-8801576448464.json
/home/azureuser/.webterminal/wa_auth/lid-mapping-8801537529134.json
/home/azureuser/.webterminal/wa_auth/lid-mapping-96044511694898_reverse.json
/home/azureuser/.webterminal/wa_auth/lid-mapping-42219729907903_reverse.json
/home/azureuser/IrakIroan/azure_file_explorer/server.py
/home/azureuser/IrakIroan/azure_file_explorer/chart.min.js
/home/azureuser/IrakIroan/azure_file_explorer/static/chart.min.js
/home/azureuser/IrakIroan/azure_file_explorer/__pycache__/server.cpython-313.pyc
/home/azureuser/IrakIroan/.gemini/antigravity-cli/history.jsonl
/home/azureuser/IrakIroan/.gemini/antigravity-cli/brain/47f3f05e-b686-4d3d-9ae2-f215c03ab86b/pinned_live_links.md
/home/azureuser/IrakIroan/.gemini/antigravity-cli/brain/47f3f05e-b686-4d3d-9ae2-f215c03ab86b/.system_generated/logs/chunks/transcript/00000042.jsonl
/home/azureuser/IrakIroan/.gemini/antigravity-cli/brain/47f3f05e-b686-4d3d-9ae2-f215c03ab86b/.system_generated/logs/chunks/transcript/00000016.jsonl
/home/azureuser/IrakIroan/.gemini/antigravity-cli/brain/47f3f05e-b686-4d3d-9ae2-f215c03ab86b/.system_generated/logs/chunks/transcript/00000062.jsonl
/home/azureuser/IrakIroan/.gemini/antigravity-cli/brain/47f3f05e-b686-4d3d-9ae2-f215c03ab86b/.system_generated/logs/chunks/transcript/00000061.jsonl
/home/azureuser/IrakIroan/.gemini/antigravity-cli/brain/47f3f05e-b686-4d3d-9ae2-f215c03ab86b/.system_generated/logs/chunks/transcript/00000064.jsonl
/home/azureuser/IrakIroan/.gemini/antigravity-cli/brain/47f3f05e-b686-4d3d-9ae2-f215c03ab86b/.system_generated/logs/chunks/transcript/00000069.jsonl
/home/azureuser/IrakIroan/.gemini/antigravity-cli/brain/47f3f05e-b686-4d3d-9ae2-f215c03ab86b/.system_generated/logs/chunks/transcript/00000068.jsonl
/home/azureuser/IrakIroan/.gemini/antigravity-cli/brain/47f3f05e-b686-4d3d-9ae2-f215c03ab86b/.system_generated/logs/chunks/transcript/00000035.jsonl
/home/azureuser/IrakIroan/.gemini/antigravity-cli/brain/47f3f05e-b686-4d3d-9ae2-f215c03ab86b/.system_generated/logs/chunks/transcript/00000060.jsonl
/home/azureuser/IrakIroan/.gemini/antigravity-cli/brain/47f3f05e-b686-4d3d-9ae2-f215c03ab86b/.system_generated/logs/chunks/transcript/00000065.jsonl
/home/azureuser/IrakIroan/.gemini/antigravity-cli/brain/47f3f05e-b686-4d3d-9ae2-f215c03ab86b/.system_generated/logs/chunks/transcript/00000013.jsonl
/home/azureuser/IrakIroan/.gemini/antigravity-cli/brain/47f3f05e-b686-4d3d-9ae2-f215c03ab86b/.system_generated/logs/chunks/transcript/00000051.jsonl
/home/azureuser/IrakIroan/.gemini/antigravity-cli/brain/47f3f05e-b686-4d3d-9ae2-f215c03ab86b/.system_generated/logs/chunks/transcript/00000063.jsonl
/home/azureuser/IrakIroan/.gemini/antigravity-cli/brain/47f3f05e-b686-4d3d-9ae2-f215c03ab86b/.system_generated/logs/chunks/transcript/00000043.jsonl
/home/azureuser/IrakIroan/.gemini/antigravity-cli/brain/47f3f05e-b686-4d3d-9ae2-f215c03ab86b/.system_generated/logs/chunks/transcript_full/00000042.jsonl
/home/azureuser/IrakIroan/.gemini/antigravity-cli/brain/47f3f05e-b686-4d3d-9ae2-f215c03ab86b/.system_generated/logs/chunks/transcript_full/00000075.jsonl
/home/azureuser/IrakIroan/.gemini/antigravity-cli/brain/47f3f05e-b686-4d3d-9ae2-f215c03ab86b/.system_generated/logs/chunks/transcript_full/00000061.jsonl
/home/azureuser/IrakIroan/.gemini/antigravity-cli/brain/47f3f05e-b686-4d3d-9ae2-f215c03ab86b/.system_generated/logs/chunks/transcript_full/00000076.jsonl
/home/azureuser/IrakIroan/.gemini/antigravity-cli/brain/47f3f05e-b686-4d3d-9ae2-f215c03ab86b/.system_generated/logs/chunks/transcript_full/00000031.jsonl
/home/azureuser/IrakIroan/.gemini/antigravity-cli/brain/47f3f05e-b686-4d3d-9ae2-f215c03ab86b/.system_generated/logs/chunks/transcript_full/00000074.jsonl
/home/azureuser/IrakIroan/.gemini/antigravity-cli/brain/47f3f05e-b686-4d3d-9ae2-f215c03ab86b/.system_generated/logs/chunks/transcript_full/00000017.jsonl
/home/azureuser/IrakIroan/.gemini/antigravity-cli/brain/47f3f05e-b686-4d3d-9ae2-f215c03ab86b/.system_generated/logs/chunks/transcript_full/00000080.jsonl
/home/azureuser/IrakIroan/.gemini/antigravity-cli/brain/47f3f05e-b686-4d3d-9ae2-f215c03ab86b/.system_generated/logs/chunks/transcript_full/00000079.jsonl
/home/azureuser/IrakIroan/.gemini/antigravity-cli/brain/47f3f05e-b686-4d3d-9ae2-f215c03ab86b/.system_generated/logs/chunks/transcript_full/00000051.jsonl
/home/azureuser/IrakIroan/.gemini/antigravity-cli/brain/47f3f05e-b686-4d3d-9ae2-f215c03ab86b/.system_generated/logs/chunks/transcript_full/00000077.jsonl
/home/azureuser/IrakIroan/.gemini/antigravity-cli/brain/47f3f05e-b686-4d3d-9ae2-f215c03ab86b/.system_generated/logs/chunks/transcript_full/00000084.jsonl
/home/azureuser/IrakIroan/.gemini/antigravity-cli/brain/47f3f05e-b686-4d3d-9ae2-f215c03ab86b/.system_generated/logs/chunks/transcript_full/00000021.jsonl
/home/azureuser/IrakIroan/.gemini/antigravity-cli/brain/47f3f05e-b686-4d3d-9ae2-f215c03ab86b/.system_generated/logs/chunks/transcript_full/00000073.jsonl
/home/azureuser/IrakIroan/.gemini/antigravity-cli/brain/47f3f05e-b686-4d3d-9ae2-f215c03ab86b/.system_generated/logs/chunks/transcript_full/00000052.jsonl
/home/azureuser/IrakIroan/.gemini/antigravity-cli/brain/47f3f05e-b686-4d3d-9ae2-f215c03ab86b/.system_generated/logs/chunks/transcript_full/00000071.jsonl
/home/azureuser/IrakIroan/.gemini/antigravity-cli/brain/47f3f05e-b686-4d3d-9ae2-f215c03ab86b/.system_generated/logs/transcript.jsonl
/home/azureuser/IrakIroan/.gemini/antigravity-cli/brain/47f3f05e-b686-4d3d-9ae2-f215c03ab86b/.system_generated/logs/transcript_full.jsonl
/home/azureuser/IrakIroan/.gemini/antigravity-cli/brain/47f3f05e-b686-4d3d-9ae2-f215c03ab86b/.system_generated/steps/6317/output.txt
/home/azureuser/IrakIroan/.gemini/antigravity-cli/brain/47f3f05e-b686-4d3d-9ae2-f215c03ab86b/.system_generated/steps/9137/output.txt
/home/azureuser/IrakIroan/.gemini/antigravity-cli/brain/47f3f05e-b686-4d3d-9ae2-f215c03ab86b/.system_generated/steps/9139/output.txt
/home/azureuser/IrakIroan/.gemini/antigravity-cli/brain/47f3f05e-b686-4d3d-9ae2-f215c03ab86b/.system_generated/steps/10542/output.txt
/home/azureuser/IrakIroan/.gemini/antigravity-cli/brain/47f3f05e-b686-4d3d-9ae2-f215c03ab86b/.system_generated/steps/6315/output.txt
/home/azureuser/IrakIroan/.gemini/antigravity-cli/brain/47f3f05e-b686-4d3d-9ae2-f215c03ab86b/.system_generated/steps/10928/output.txt
/home/azureuser/IrakIroan/.gemini/antigravity-cli/brain/47f3f05e-b686-4d3d-9ae2-f215c03ab86b/.system_generated/steps/10728/output.txt
/home/azureuser/IrakIroan/.gemini/antigravity-cli/brain/47f3f05e-b686-4d3d-9ae2-f215c03ab86b/.system_generated/steps/11236/output.txt
/home/azureuser/IrakIroan/.gemini/antigravity-cli/brain/47f3f05e-b686-4d3d-9ae2-f215c03ab86b/.system_generated/steps/11000/output.txt
/home/azureuser/IrakIroan/.gemini/antigravity-cli/brain/47f3f05e-b686-4d3d-9ae2-f215c03ab86b/.system_generated/steps/10996/output.txt
/home/azureuser/IrakIroan/.gemini/antigravity-cli/brain/47f3f05e-b686-4d3d-9ae2-f215c03ab86b/.system_generated/steps/7206/output.txt
/home/azureuser/IrakIroan/.gemini/antigravity-cli/brain/47f3f05e-b686-4d3d-9ae2-f215c03ab86b/.system_generated/steps/10990/output.txt
/home/azureuser/IrakIroan/.gemini/antigravity-cli/brain/47f3f05e-b686-4d3d-9ae2-f215c03ab86b/.system_generated/steps/10688/output.txt
/home/azureuser/IrakIroan/.gemini/antigravity-cli/brain/47f3f05e-b686-4d3d-9ae2-f215c03ab86b/.system_generated/steps/10628/output.txt
/home/azureuser/IrakIroan/.gemini/antigravity-cli/brain/47f3f05e-b686-4d3d-9ae2-f215c03ab86b/.system_generated/steps/10796/output.txt
/home/azureuser/IrakIroan/.gemini/antigravity-cli/brain/47f3f05e-b686-4d3d-9ae2-f215c03ab86b/.system_generated/steps/10818/output.txt
/home/azureuser/IrakIroan/.gemini/antigravity-cli/brain/47f3f05e-b686-4d3d-9ae2-f215c03ab86b/.system_generated/steps/11024/output.txt
/home/azureuser/IrakIroan/.gemini/antigravity-cli/brain/47f3f05e-b686-4d3d-9ae2-f215c03ab86b/.system_generated/steps/9735/output.txt
/home/azureuser/IrakIroan/.gemini/antigravity-cli/brain/47f3f05e-b686-4d3d-9ae2-f215c03ab86b/.system_generated/steps/11002/output.txt
/home/azureuser/IrakIroan/.gemini/antigravity-cli/brain/47f3f05e-b686-4d3d-9ae2-f215c03ab86b/.system_generated/steps/10822/output.txt
/home/azureuser/IrakIroan/.gemini/antigravity-cli/brain/47f3f05e-b686-4d3d-9ae2-f215c03ab86b/.system_generated/steps/6538/output.txt
/home/azureuser/IrakIroan/.gemini/antigravity-cli/brain/47f3f05e-b686-4d3d-9ae2-f215c03ab86b/.system_generated/steps/9053/output.txt
/home/azureuser/IrakIroan/.gemini/antigravity-cli/brain/47f3f05e-b686-4d3d-9ae2-f215c03ab86b/.system_generated/tasks/task-5508.log
/home/azureuser/IrakIroan/.gemini/antigravity-cli/brain/47f3f05e-b686-4d3d-9ae2-f215c03ab86b/.system_generated/tasks/task-5457.log
/home/azureuser/IrakIroan/.gemini/antigravity-cli/brain/47f3f05e-b686-4d3d-9ae2-f215c03ab86b/.system_generated/tasks/task-5483.log
/home/azureuser/IrakIroan/.gemini/antigravity-cli/brain/47f3f05e-b686-4d3d-9ae2-f215c03ab86b/.system_generated/tasks/task-5866.log
/home/azureuser/IrakIroan/.gemini/antigravity-cli/brain/47f3f05e-b686-4d3d-9ae2-f215c03ab86b/.system_generated/tasks/task-5652.log
/home/azureuser/IrakIroan/Google_Drive_Backup/Extracted files/mdkamruzzamanirak_gmail_com/android-sdk/ndk/28.2.13676358/simpleperf/doc/report_bottleneck.html
/home/azureuser/IrakIroan/Google_Drive_Backup/Extracted files/mdkamruzzamanirak_gmail_com/android-sdk/ndk/28.2.13676358/python-packages/fetchartifact/poetry.lock
/home/azureuser/IrakIroan/Google_Drive_Backup/Extracted files/mdkamruzzamanirak_gmail_com/android-sdk/ndk/28.2.13676358/sources/third_party/shaderc/third_party/glslang/glslang/MachineIndependent/glslang_tab.cpp
/home/azureuser/IrakIroan/Google_Drive_Backup/Extracted files/mdkamruzzamanirak_gmail_com/android-sdk/ndk/28.2.13676358/toolchains/llvm/prebuilt/linux-x86_64/lib/liblldbIntelFeatures.so
/home/azureuser/IrakIroan/Google_Drive_Backup/Extracted files/mdkamruzzamanirak_gmail_com/android-sdk/ndk/28.2.13676358/toolchains/llvm/prebuilt/linux-x86_64/lib/liblldb.so
/home/azureuser/IrakIroan/Google_Drive_Backup/Extracted files/mdkamruzzamanirak_gmail_com/android-sdk/ndk/28.2.13676358/toolchains/llvm/prebuilt/linux-x86_64/lib/x86_64-w64-windows-gnu/libsimpleperf_readelf.a
/home/azureuser/IrakIroan/Google_Drive_Backup/Extracted files/mdkamruzzamanirak_gmail_com/android-sdk/ndk/28.2.13676358/toolchains/llvm/prebuilt/linux-x86_64/lib/libclang-cpp.so
/home/azureuser/IrakIroan/Google_Drive_Backup/Extracted files/mdkamruzzamanirak_gmail_com/android-sdk/ndk/28.2.13676358/toolchains/llvm/prebuilt/linux-x86_64/lib/clang/19/include/ppc_wrappers/xmmintrin.h
/home/azureuser/IrakIroan/Google_Drive_Backup/Extracted files/mdkamruzzamanirak_gmail_com/android-sdk/ndk/28.2.13676358/toolchains/llvm/prebuilt/linux-x86_64/lib/clang/19/include/ppc_wrappers/emmintrin.h
/home/azureuser/IrakIroan/Google_Drive_Backup/Extracted files/mdkamruzzamanirak_gmail_com/android-sdk/ndk/28.2.13676358/toolchains/llvm/prebuilt/linux-x86_64/lib/libclang.so
/home/azureuser/IrakIroan/Google_Drive_Backup/Extracted files/mdkamruzzamanirak_gmail_com/android-sdk/ndk/28.2.13676358/toolchains/llvm/prebuilt/linux-x86_64/lib/x86_64-unknown-linux-gnu/libsimpleperf_readelf.a
/home/azureuser/IrakIroan/Google_Drive_Backup/Extracted files/mdkamruzzamanirak_gmail_com/android-sdk/ndk/28.2.13676358/toolchains/llvm/prebuilt/linux-x86_64/sysroot/usr/include/GLES/gl.h
/home/azureuser/IrakIroan/Google_Drive_Backup/Extracted files/mdkamruzzamanirak_gmail_com/android-sdk/ndk/28.2.13676358/toolchains/llvm/prebuilt/linux-x86_64/python3/lib/python3.11/site-packages/pip/_vendor/chardet/euctwfreq.py
/home/azureuser/IrakIroan/Google_Drive_Backup/Extracted files/mdkamruzzamanirak_gmail_com/android-sdk/ndk/28.2.13676358/toolchains/llvm/prebuilt/linux-x86_64/python3/lib/python3.11/site-packages/pip/_vendor/certifi/cacert.pem
/home/azureuser/IrakIroan/Google_Drive_Backup/Extracted files/mdkamruzzamanirak_gmail_com/android-sdk/platforms/android-36/data/res/values-el/strings.xml
/home/azureuser/IrakIroan/Google_Drive_Backup/Extracted files/mdkamruzzamanirak_gmail_com/android-sdk/platforms/android-36/data/res/values-hy/strings.xml
/home/azureuser/IrakIroan/Google_Drive_Backup/Extracted files/mdkamruzzamanirak_gmail_com/android-sdk/platforms/android-36/data/res/values-lv/strings.xml
/home/azureuser/IrakIroan/Google_Drive_Backup/Extracted files/mdkamruzzamanirak_gmail_com/android-sdk/platforms/android-36/data/res/values-ta/strings.xml
/home/azureuser/IrakIroan/Google_Drive_Backup/Extracted files/mdkamruzzamanirak_gmail_com/android-sdk/platforms/android-36/data/res/values-mn/strings.xml
/home/azureuser/IrakIroan/Google_Drive_Backup/Extracted files/mdkamruzzamanirak_gmail_com/android-sdk/platforms/android-36/data/res/values-as/strings.xml
/home/azureuser/IrakIroan/Google_Drive_Backup/Extracted files/mdkamruzzamanirak_gmail_com/android-sdk/platforms/android-36/data/res/values-ur/strings.xml
/home/azureuser/IrakIroan/Google_Drive_Backup/Extracted files/mdkamruzzamanirak_gmail_com/android-sdk/platforms/android-36/data/res/values-zu/strings.xml
/home/azureuser/IrakIroan/Google_Drive_Backup/Extracted files/mdkamruzzamanirak_gmail_com/android-sdk/platforms/android-36/data/res/values-lo/strings.xml
/home/azureuser/IrakIroan/Google_Drive_Backup/Extracted files/mdkamruzzamanirak_gmail_com/android-sdk/platforms/android-36/data/res/values-is/strings.xml
/home/azureuser/IrakIroan/Google_Drive_Backup/Extracted files/mdkamruzzamanirak_gmail_com/android-sdk/platforms/android-36/data/res/values-km/strings.xml
/home/azureuser/IrakIroan/Google_Drive_Backup/Extracted files/mdkamruzzamanirak_gmail_com/android-sdk/platforms/android-36/data/res/values-it/strings.xml
/home/azureuser/IrakIroan/Google_Drive_Backup/Extracted files/mdkamruzzamanirak_gmail_com/android-sdk/platforms/android-36/data/res/values/config.xml
/home/azureuser/IrakIroan/Google_Drive_Backup/Extracted files/mdkamruzzamanirak_gmail_com/android-sdk/platforms/android-36/data/res/values-b+sr+Latn/strings.xml
/home/azureuser/IrakIroan/Google_Drive_Backup/Extracted files/mdkamruzzamanirak_gmail_com/android-sdk/platforms/android-36/data/res/values-kn/strings.xml
/home/azureuser/IrakIroan/Google_Drive_Backup/Extracted files/mdkamruzzamanirak_gmail_com/android-sdk/platforms/android-36/data/res/values-ja/strings.xml
/home/azureuser/IrakIroan/Google_Drive_Backup/Extracted files/mdkamruzzamanirak_gmail_com/android-sdk/platforms/android-36/data/res/values-sv/strings.xml
/home/azureuser/IrakIroan/Google_Drive_Backup/Extracted files/mdkamruzzamanirak_gmail_com/android-sdk/platforms/android-36/data/res/values-en-rAU/strings.xml
/home/azureuser/IrakIroan/Google_Drive_Backup/Extracted files/mdkamruzzamanirak_gmail_com/android-sdk/platforms/android-36/data/res/values-fr-rCA/strings.xml
/home/azureuser/IrakIroan/Google_Drive_Backup/Extracted files/mdkamruzzamanirak_gmail_com/android-sdk/platforms/android-36/data/res/values-mr/strings.xml
/home/azureuser/IrakIroan/Google_Drive_Backup/Extracted files/mdkamruzzamanirak_gmail_com/android-sdk/platforms/android-36/data/res/values-sr/strings.xml
/home/azureuser/IrakIroan/Google_Drive_Backup/Extracted files/mdkamruzzamanirak_gmail_com/android-sdk/platforms/android-36/data/res/values-ko/strings.xml
/home/azureuser/IrakIroan/Google_Drive_Backup/Extracted files/mdkamruzzamanirak_gmail_com/android-sdk/platforms/android-36/data/res/values-fa/strings.xml
/home/azureuser/IrakIroan/Google_Drive_Backup/Extracted files/mdkamruzzamanirak_gmail_com/android-sdk/platforms/android-36/data/res/values-te/strings.xml
/home/azureuser/IrakIroan/Google_Drive_Backup/Extracted files/mdkamruzzamanirak_gmail_com/android-sdk/platforms/android-36/data/res/values-hr/strings.xml
/home/azureuser/IrakIroan/Google_Drive_Backup/Extracted files/mdkamruzzamanirak_gmail_com/android-sdk/platforms/android-36/data/res/values-et/strings.xml
/home/azureuser/IrakIroan/Google_Drive_Backup/Extracted files/mdkamruzzamanirak_gmail_com/android-sdk/platforms/android-36/data/res/values-zh-rCN/strings.xml
/home/azureuser/IrakIroan/Google_Drive_Backup/Extracted files/mdkamruzzamanirak_gmail_com/android-sdk/platforms/android-36/data/res/values-uk/strings.xml
/home/azureuser/IrakIroan/Google_Drive_Backup/Extracted files/mdkamruzzamanirak_gmail_com/android-sdk/platforms/android-36/data/res/values-bs/strings.xml
/home/azureuser/IrakIroan/Google_Drive_Backup/Extracted files/mdkamruzzamanirak_gmail_com/android-sdk/platforms/android-36/data/res/values-pt/strings.xml
/home/azureuser/IrakIroan/Google_Drive_Backup/Extracted files/mdkamruzzamanirak_gmail_com/android-sdk/platforms/android-36/data/res/values-si/strings.xml
/home/azureuser/IrakIroan/Google_Drive_Backup/Extracted files/mdkamruzzamanirak_gmail_com/android-sdk/platforms/android-36/data/res/values-sl/strings.xml
/home/azureuser/IrakIroan/Google_Drive_Backup/Extracted files/mdkamruzzamanirak_gmail_com/android-sdk/platforms/android-36/data/res/values-vi/strings.xml
/home/azureuser/IrakIroan/Google_Drive_Backup/Extracted files/mdkamruzzamanirak_gmail_com/android-sdk/platforms/android-36/data/res/values-en-rGB/strings.xml
/home/azureuser/IrakIroan/Google_Drive_Backup/Extracted files/mdkamruzzamanirak_gmail_com/android-sdk/platforms/android-36/data/res/values-nl/strings.xml
/home/azureuser/IrakIroan/Google_Drive_Backup/Extracted files/mdkamruzzamanirak_gmail_com/android-sdk/platforms/android-36/data/res/values-be/strings.xml
/home/azureuser/IrakIroan/Google_Drive_Backup/Extracted files/mdkamruzzamanirak_gmail_com/android-sdk/platforms/android-36/data/res/values-pt-rPT/strings.xml
/home/azureuser/IrakIroan/Google_Drive_Backup/Extracted files/mdkamruzzamanirak_gmail_com/android-sdk/platforms/android-36/data/res/values-my/strings.xml
/home/azureuser/IrakIroan/Google_Drive_Backup/Extracted files/mdkamruzzamanirak_gmail_com/android-sdk/platforms/android-36/data/res/values-ro/strings.xml
/home/azureuser/IrakIroan/Google_Drive_Backup/Extracted files/mdkamruzzamanirak_gmail_com/android-sdk/platforms/android-36/data/res/values-ne/strings.xml
/home/azureuser/IrakIroan/Google_Drive_Backup/Extracted files/mdkamruzzamanirak_gmail_com/android-sdk/platforms/android-36/data/res/values-hu/strings.xml
/home/azureuser/IrakIroan/Google_Drive_Backup/Extracted files/mdkamruzzamanirak_gmail_com/android-sdk/platforms/android-36/data/res/values-af/strings.xml
/home/azureuser/IrakIroan/Google_Drive_Backup/Extracted files/mdkamruzzamanirak_gmail_com/android-sdk/platforms/android-36/data/res/values-ru/strings.xml
/home/azureuser/IrakIroan/Google_Drive_Backup/Extracted files/mdkamruzzamanirak_gmail_com/android-sdk/platforms/android-36/data/res/values-pa/strings.xml
/home/azureuser/IrakIroan/Google_Drive_Backup/Extracted files/mdkamruzzamanirak_gmail_com/android-sdk/platforms/android-36/data/res/values-bg/strings.xml
/home/azureuser/IrakIroan/Google_Drive_Backup/Extracted files/mdkamruzzamanirak_gmail_com/android-sdk/platforms/android-36/data/res/values-en-rIN/strings.xml
/home/azureuser/IrakIroan/Google_Drive_Backup/Extracted files/mdkamruzzamanirak_gmail_com/android-sdk/platforms/android-36/data/res/values-ca/strings.xml
/home/azureuser/IrakIroan/Google_Drive_Backup/Extracted files/mdkamruzzamanirak_gmail_com/android-sdk/platforms/android-36/data/res/values-ky/strings.xml
/home/azureuser/IrakIroan/Google_Drive_Backup/Extracted files/mdkamruzzamanirak_gmail_com/android-sdk/platforms/android-36/data/res/values-nb/strings.xml
/home/azureuser/IrakIroan/Google_Drive_Backup/Extracted files/mdkamruzzamanirak_gmail_com/android-sdk/platforms/android-36/data/res/values-es/strings.xml
/home/azureuser/IrakIroan/Google_Drive_Backup/Extracted files/mdkamruzzamanirak_gmail_com/android-sdk/platforms/android-36/data/res/values-ml/strings.xml
/home/azureuser/IrakIroan/Google_Drive_Backup/Extracted files/mdkamruzzamanirak_gmail_com/android-sdk/platforms/android-36/data/res/values-fi/strings.xml
/home/azureuser/IrakIroan/Google_Drive_Backup/Extracted files/mdkamruzzamanirak_gmail_com/android-sdk/platforms/android-36/data/res/values-bn/strings.xml
/home/azureuser/IrakIroan/Google_Drive_Backup/Extracted files/mdkamruzzamanirak_gmail_com/android-sdk/platforms/android-36/data/res/values-da/strings.xml
/home/azureuser/IrakIroan/Google_Drive_Backup/Extracted files/mdkamruzzamanirak_gmail_com/android-sdk/platforms/android-36/data/res/values-th/strings.xml
/home/azureuser/IrakIroan/Google_Drive_Backup/Extracted files/mdkamruzzamanirak_gmail_com/android-sdk/platforms/android-36/data/res/values-gu/strings.xml
/home/azureuser/IrakIroan/Google_Drive_Backup/Extracted files/mdkamruzzamanirak_gmail_com/android-sdk/platforms/android-36/data/res/values-zh-rHK/strings.xml
/home/azureuser/IrakIroan/Google_Drive_Backup/Extracted files/mdkamruzzamanirak_gmail_com/android-sdk/platforms/android-36/data/res/values-de/strings.xml
/home/azureuser/IrakIroan/Google_Drive_Backup/Extracted files/mdkamruzzamanirak_gmail_com/android-sdk/platforms/android-36/data/res/values-in/strings.xml
/home/azureuser/IrakIroan/Google_Drive_Backup/Extracted files/mdkamruzzamanirak_gmail_com/android-sdk/platforms/android-36/data/res/values-mk/strings.xml
/home/azureuser/IrakIroan/Google_Drive_Backup/Extracted files/mdkamruzzamanirak_gmail_com/android-sdk/platforms/android-36/data/res/values-sk/strings.xml
/home/azureuser/IrakIroan/Google_Drive_Backup/Extracted files/mdkamruzzamanirak_gmail_com/android-sdk/platforms/android-36/data/res/values-en-rXC/strings.xml
/home/azureuser/IrakIroan/Google_Drive_Backup/Extracted files/mdkamruzzamanirak_gmail_com/android-sdk/platforms/android-36/data/res/values-hi/strings.xml
/home/azureuser/IrakIroan/Google_Drive_Backup/Extracted files/mdkamruzzamanirak_gmail_com/android-sdk/platforms/android-36/data/res/values-ka/strings.xml
/home/azureuser/IrakIroan/Google_Drive_Backup/Extracted files/mdkamruzzamanirak_gmail_com/android-sdk/platforms/android-36/data/res/values-en-rCA/strings.xml
/home/azureuser/IrakIroan/Google_Drive_Backup/Extracted files/mdkamruzzamanirak_gmail_com/android-sdk/platforms/android-36/data/res/values-am/strings.xml
/home/azureuser/IrakIroan/Google_Drive_Backup/Extracted files/mdkamruzzamanirak_gmail_com/android-sdk/platforms/android-36/data/res/values-es-rUS/strings.xml
/home/azureuser/IrakIroan/Google_Drive_Backup/Extracted files/mdkamruzzamanirak_gmail_com/android-sdk/platforms/android-36/data/res/values-sq/strings.xml
/home/azureuser/IrakIroan/Google_Drive_Backup/Extracted files/mdkamruzzamanirak_gmail_com/android-sdk/platforms/android-36/data/res/values-or/strings.xml
/home/azureuser/IrakIroan/Google_Drive_Backup/Extracted files/mdkamruzzamanirak_gmail_com/android-sdk/platforms/android-36/data/res/values-kk/strings.xml
/home/azureuser/IrakIroan/Google_Drive_Backup/Extracted files/mdkamruzzamanirak_gmail_com/android-sdk/platforms/android-36/data/res/values-gl/strings.xml
/home/azureuser/IrakIroan/Google_Drive_Backup/Extracted files/mdkamruzzamanirak_gmail_com/android-sdk/platforms/android-36/data/res/values-ms/strings.xml
/home/azureuser/IrakIroan/Google_Drive_Backup/Extracted files/mdkamruzzamanirak_gmail_com/android-sdk/platforms/android-36/data/res/values-iw/strings.xml
/home/azureuser/IrakIroan/Google_Drive_Backup/Extracted files/mdkamruzzamanirak_gmail_com/android-sdk/platforms/android-36/data/res/values-pl/strings.xml
/home/azureuser/IrakIroan/Google_Drive_Backup/Extracted files/mdkamruzzamanirak_gmail_com/android-sdk/platforms/android-36/data/res/values-tr/strings.xml
/home/azureuser/IrakIroan/Google_Drive_Backup/Extracted files/mdkamruzzamanirak_gmail_com/android-sdk/platforms/android-36/data/res/values-sw/strings.xml
/home/azureuser/IrakIroan/Google_Drive_Backup/Extracted files/mdkamruzzamanirak_gmail_com/android-sdk/platforms/android-36/data/res/values-zh-rTW/strings.xml
/home/azureuser/IrakIroan/Google_Drive_Backup/Extracted files/mdkamruzzamanirak_gmail_com/android-sdk/platforms/android-36/data/res/values-pt-rBR/strings.xml
/home/azureuser/IrakIroan/Google_Drive_Backup/Extracted files/mdkamruzzamanirak_gmail_com/android-sdk/platforms/android-36/data/res/values-fr/strings.xml
/home/azureuser/IrakIroan/Google_Drive_Backup/Extracted files/mdkamruzzamanirak_gmail_com/android-sdk/platforms/android-36/data/res/values-eu/strings.xml
/home/azureuser/IrakIroan/Google_Drive_Backup/Extracted files/mdkamruzzamanirak_gmail_com/android-sdk/platforms/android-36/data/res/values-tl/strings.xml
/home/azureuser/IrakIroan/Google_Drive_Backup/Extracted files/mdkamruzzamanirak_gmail_com/android-sdk/platforms/android-36/data/res/values-az/strings.xml
/home/azureuser/IrakIroan/Google_Drive_Backup/Extracted files/mdkamruzzamanirak_gmail_com/android-sdk/platforms/android-36/data/res/values-cs/strings.xml
/home/azureuser/IrakIroan/Google_Drive_Backup/Extracted files/mdkamruzzamanirak_gmail_com/android-sdk/platforms/android-36/data/res/values-lt/strings.xml
/home/azureuser/IrakIroan/Google_Drive_Backup/Extracted files/mdkamruzzamanirak_gmail_com/android-sdk/platforms/android-36/data/res/values-uz/strings.xml
/home/azureuser/IrakIroan/Google_Drive_Backup/Extracted files/mdkamruzzamanirak_gmail_com/android-sdk/platforms/android-36/data/res/values-ar/strings.xml
/home/azureuser/IrakIroan/Google_Drive_Backup/Extracted files/mdkamruzzamanirak_gmail_com/android-sdk/platforms/android-35/data/res/values-el/strings.xml
/home/azureuser/IrakIroan/Google_Drive_Backup/Extracted files/mdkamruzzamanirak_gmail_com/android-sdk/platforms/android-35/data/res/values-hy/strings.xml
/home/azureuser/IrakIroan/Google_Drive_Backup/Extracted files/mdkamruzzamanirak_gmail_com/android-sdk/platforms/android-35/data/res/values-lv/strings.xml
/home/azureuser/IrakIroan/Google_Drive_Backup/Extracted files/mdkamruzzamanirak_gmail_com/android-sdk/platforms/android-35/data/res/values-ta/strings.xml
/home/azureuser/IrakIroan/Google_Drive_Backup/Extracted files/mdkamruzzamanirak_gmail_com/android-sdk/platforms/android-35/data/res/values-mn/strings.xml
/home/azureuser/IrakIroan/Google_Drive_Backup/Extracted files/mdkamruzzamanirak_gmail_com/android-sdk/platforms/android-35/data/res/values-as/strings.xml
/home/azureuser/IrakIroan/Google_Drive_Backup/Extracted files/mdkamruzzamanirak_gmail_com/android-sdk/platforms/android-35/data/res/values-ur/strings.xml
/home/azureuser/IrakIroan/Google_Drive_Backup/Extracted files/mdkamruzzamanirak_gmail_com/android-sdk/platforms/android-35/data/res/values-zu/strings.xml
/home/azureuser/IrakIroan/Google_Drive_Backup/Extracted files/mdkamruzzamanirak_gmail_com/android-sdk/platforms/android-35/data/res/values-lo/strings.xml
/home/azureuser/IrakIroan/Google_Drive_Backup/Extracted files/mdkamruzzamanirak_gmail_com/android-sdk/platforms/android-35/data/res/values-is/strings.xml
/home/azureuser/IrakIroan/Google_Drive_Backup/Extracted files/mdkamruzzamanirak_gmail_com/android-sdk/platforms/android-35/data/res/values-km/strings.xml
/home/azureuser/IrakIroan/Google_Drive_Backup/Extracted files/mdkamruzzamanirak_gmail_com/android-sdk/platforms/android-35/data/res/values-it/strings.xml
/home/azureuser/IrakIroan/Google_Drive_Backup/Extracted files/mdkamruzzamanirak_gmail_com/android-sdk/platforms/android-35/data/res/values/config.xml
/home/azureuser/IrakIroan/Google_Drive_Backup/Extracted files/mdkamruzzamanirak_gmail_com/android-sdk/platforms/android-35/data/res/values-b+sr+Latn/strings.xml
/home/azureuser/IrakIroan/Google_Drive_Backup/Extracted files/mdkamruzzamanirak_gmail_com/android-sdk/platforms/android-35/data/res/values-kn/strings.xml
/home/azureuser/IrakIroan/Google_Drive_Backup/Extracted files/mdkamruzzamanirak_gmail_com/android-sdk/platforms/android-35/data/res/values-ja/strings.xml
/home/azureuser/IrakIroan/Google_Drive_Backup/Extracted files/mdkamruzzamanirak_gmail_com/android-sdk/platforms/android-35/data/res/values-sv/strings.xml
/home/azureuser/IrakIroan/Google_Drive_Backup/Extracted files/mdkamruzzamanirak_gmail_com/android-sdk/platforms/android-35/data/res/values-en-rAU/strings.xml
/home/azureuser/IrakIroan/Google_Drive_Backup/Extracted files/mdkamruzzamanirak_gmail_com/android-sdk/platforms/android-35/data/res/values-fr-rCA/strings.xml
/home/azureuser/IrakIroan/Google_Drive_Backup/Extracted files/mdkamruzzamanirak_gmail_com/android-sdk/platforms/android-35/data/res/values-mr/strings.xml
/home/azureuser/IrakIroan/Google_Drive_Backup/Extracted files/mdkamruzzamanirak_gmail_com/android-sdk/platforms/android-35/data/res/values-sr/strings.xml
/home/azureuser/IrakIroan/Google_Drive_Backup/Extracted files/mdkamruzzamanirak_gmail_com/android-sdk/platforms/android-35/data/res/values-ko/strings.xml
/home/azureuser/IrakIroan/Google_Drive_Backup/Extracted files/mdkamruzzamanirak_gmail_com/android-sdk/platforms/android-35/data/res/values-fa/strings.xml
/home/azureuser/IrakIroan/Google_Drive_Backup/Extracted files/mdkamruzzamanirak_gmail_com/android-sdk/platforms/android-35/data/res/values-te/strings.xml
/home/azureuser/IrakIroan/Google_Drive_Backup/Extracted files/mdkamruzzamanirak_gmail_com/android-sdk/platforms/android-35/data/res/values-hr/strings.xml
/home/azureuser/IrakIroan/Google_Drive_Backup/Extracted files/mdkamruzzamanirak_gmail_com/android-sdk/platforms/android-35/data/res/values-et/strings.xml
/home/azureuser/IrakIroan/Google_Drive_Backup/Extracted files/mdkamruzzamanirak_gmail_com/android-sdk/platforms/android-35/data/res/values-zh-rCN/strings.xml
/home/azureuser/IrakIroan/Google_Drive_Backup/Extracted files/mdkamruzzamanirak_gmail_com/android-sdk/platforms/android-35/data/res/values-uk/strings.xml
/home/azureuser/IrakIroan/Google_Drive_Backup/Extracted files/mdkamruzzamanirak_gmail_com/android-sdk/platforms/android-35/data/res/values-bs/strings.xml
/home/azureuser/IrakIroan/Google_Drive_Backup/Extracted files/mdkamruzzamanirak_gmail_com/android-sdk/platforms/android-35/data/res/values-pt/strings.xml
/home/azureuser/IrakIroan/Google_Drive_Backup/Extracted files/mdkamruzzamanirak_gmail_com/android-sdk/platforms/android-35/data/res/values-si/strings.xml
/home/azureuser/IrakIroan/Google_Drive_Backup/Extracted files/mdkamruzzamanirak_gmail_com/android-sdk/platforms/android-35/data/res/values-sl/strings.xml
/home/azureuser/IrakIroan/Google_Drive_Backup/Extracted files/mdkamruzzamanirak_gmail_com/android-sdk/platforms/android-35/data/res/values-vi/strings.xml
/home/azureuser/IrakIroan/Google_Drive_Backup/Extracted files/mdkamruzzamanirak_gmail_com/android-sdk/platforms/android-35/data/res/values-en-rGB/strings.xml
/home/azureuser/IrakIroan/Google_Drive_Backup/Extracted files/mdkamruzzamanirak_gmail_com/android-sdk/platforms/android-35/data/res/values-nl/strings.xml
/home/azureuser/IrakIroan/Google_Drive_Backup/Extracted files/mdkamruzzamanirak_gmail_com/android-sdk/platforms/android-35/data/res/values-be/strings.xml
/home/azureuser/IrakIroan/Google_Drive_Backup/Extracted files/mdkamruzzamanirak_gmail_com/android-sdk/platforms/android-35/data/res/values-pt-rPT/strings.xml
/home/azureuser/IrakIroan/Google_Drive_Backup/Extracted files/mdkamruzzamanirak_gmail_com/android-sdk/platforms/android-35/data/res/values-my/strings.xml
/home/azureuser/IrakIroan/Google_Drive_Backup/Extracted files/mdkamruzzamanirak_gmail_com/android-sdk/platforms/android-35/data/res/values-ro/strings.xml
/home/azureuser/IrakIroan/Google_Drive_Backup/Extracted files/mdkamruzzamanirak_gmail_com/android-sdk/platforms/android-35/data/res/values-ne/strings.xml
/home/azureuser/IrakIroan/Google_Drive_Backup/Extracted files/mdkamruzzamanirak_gmail_com/android-sdk/platforms/android-35/data/res/values-hu/strings.xml
/home/azureuser/IrakIroan/Google_Drive_Backup/Extracted files/mdkamruzzamanirak_gmail_com/android-sdk/platforms/android-35/data/res/values-af/strings.xml
/home/azureuser/IrakIroan/Google_Drive_Backup/Extracted files/mdkamruzzamanirak_gmail_com/android-sdk/platforms/android-35/data/res/values-ru/strings.xml
/home/azureuser/IrakIroan/Google_Drive_Backup/Extracted files/mdkamruzzamanirak_gmail_com/android-sdk/platforms/android-35/data/res/values-pa/strings.xml
/home/azureuser/IrakIroan/Google_Drive_Backup/Extracted files/mdkamruzzamanirak_gmail_com/android-sdk/platforms/android-35/data/res/values-bg/strings.xml
/home/azureuser/IrakIroan/Google_Drive_Backup/Extracted files/mdkamruzzamanirak_gmail_com/android-sdk/platforms/android-35/data/res/values-en-rIN/strings.xml
/home/azureuser/IrakIroan/Google_Drive_Backup/Extracted files/mdkamruzzamanirak_gmail_com/android-sdk/platforms/android-35/data/res/values-ca/strings.xml
/home/azureuser/IrakIroan/Google_Drive_Backup/Extracted files/mdkamruzzamanirak_gmail_com/android-sdk/platforms/android-35/data/res/values-ky/strings.xml
/home/azureuser/IrakIroan/Google_Drive_Backup/Extracted files/mdkamruzzamanirak_gmail_com/android-sdk/platforms/android-35/data/res/values-nb/strings.xml
/home/azureuser/IrakIroan/Google_Drive_Backup/Extracted files/mdkamruzzamanirak_gmail_com/android-sdk/platforms/android-35/data/res/values-es/strings.xml
/home/azureuser/IrakIroan/Google_Drive_Backup/Extracted files/mdkamruzzamanirak_gmail_com/android-sdk/platforms/android-35/data/res/values-ml/strings.xml
/home/azureuser/IrakIroan/Google_Drive_Backup/Extracted files/mdkamruzzamanirak_gmail_com/android-sdk/platforms/android-35/data/res/values-fi/strings.xml
/home/azureuser/IrakIroan/Google_Drive_Backup/Extracted files/mdkamruzzamanirak_gmail_com/android-sdk/platforms/android-35/data/res/values-bn/strings.xml
/home/azureuser/IrakIroan/Google_Drive_Backup/Extracted files/mdkamruzzamanirak_gmail_com/android-sdk/platforms/android-35/data/res/values-da/strings.xml
/home/azureuser/IrakIroan/Google_Drive_Backup/Extracted files/mdkamruzzamanirak_gmail_com/android-sdk/platforms/android-35/data/res/values-th/strings.xml
/home/azureuser/IrakIroan/Google_Drive_Backup/Extracted files/mdkamruzzamanirak_gmail_com/android-sdk/platforms/android-35/data/res/values-gu/strings.xml
/home/azureuser/IrakIroan/Google_Drive_Backup/Extracted files/mdkamruzzamanirak_gmail_com/android-sdk/platforms/android-35/data/res/values-zh-rHK/strings.xml
/home/azureuser/IrakIroan/Google_Drive_Backup/Extracted files/mdkamruzzamanirak_gmail_com/android-sdk/platforms/android-35/data/res/values-de/strings.xml
/home/azureuser/IrakIroan/Google_Drive_Backup/Extracted files/mdkamruzzamanirak_gmail_com/android-sdk/platforms/android-35/data/res/values-in/strings.xml
/home/azureuser/IrakIroan/Google_Drive_Backup/Extracted files/mdkamruzzamanirak_gmail_com/android-sdk/platforms/android-35/data/res/values-mk/strings.xml
/home/azureuser/IrakIroan/Google_Drive_Backup/Extracted files/mdkamruzzamanirak_gmail_com/android-sdk/platforms/android-35/data/res/values-sk/strings.xml
/home/azureuser/IrakIroan/Google_Drive_Backup/Extracted files/mdkamruzzamanirak_gmail_com/android-sdk/platforms/android-35/data/res/values-en-rXC/strings.xml
/home/azureuser/IrakIroan/Google_Drive_Backup/Extracted files/mdkamruzzamanirak_gmail_com/android-sdk/platforms/android-35/data/res/values-hi/strings.xml
/home/azureuser/IrakIroan/Google_Drive_Backup/Extracted files/mdkamruzzamanirak_gmail_com/android-sdk/platforms/android-35/data/res/values-ka/strings.xml
/home/azureuser/IrakIroan/Google_Drive_Backup/Extracted files/mdkamruzzamanirak_gmail_com/android-sdk/platforms/android-35/data/res/values-en-rCA/strings.xml
/home/azureuser/IrakIroan/Google_Drive_Backup/Extracted files/mdkamruzzamanirak_gmail_com/android-sdk/platforms/android-35/data/res/values-am/strings.xml
/home/azureuser/IrakIroan/Google_Drive_Backup/Extracted files/mdkamruzzamanirak_gmail_com/android-sdk/platforms/android-35/data/res/values-es-rUS/strings.xml
/home/azureuser/IrakIroan/Google_Drive_Backup/Extracted files/mdkamruzzamanirak_gmail_com/android-sdk/platforms/android-35/data/res/values-sq/strings.xml
/home/azureuser/IrakIroan/Google_Drive_Backup/Extracted files/mdkamruzzamanirak_gmail_com/android-sdk/platforms/android-35/data/res/values-or/strings.xml
/home/azureuser/IrakIroan/Google_Drive_Backup/Extracted files/mdkamruzzamanirak_gmail_com/android-sdk/platforms/android-35/data/res/values-kk/strings.xml
/home/azureuser/IrakIroan/Google_Drive_Backup/Extracted files/mdkamruzzamanirak_gmail_com/android-sdk/platforms/android-35/data/res/values-gl/strings.xml
/home/azureuser/IrakIroan/Google_Drive_Backup/Extracted files/mdkamruzzamanirak_gmail_com/android-sdk/platforms/android-35/data/res/values-ms/strings.xml
/home/azureuser/IrakIroan/Google_Drive_Backup/Extracted files/mdkamruzzamanirak_gmail_com/android-sdk/platforms/android-35/data/res/values-iw/strings.xml
/home/azureuser/IrakIroan/Google_Drive_Backup/Extracted files/mdkamruzzamanirak_gmail_com/android-sdk/platforms/android-35/data/res/values-pl/strings.xml
/home/azureuser/IrakIroan/Google_Drive_Backup/Extracted files/mdkamruzzamanirak_gmail_com/android-sdk/platforms/android-35/data/res/values-tr/strings.xml
/home/azureuser/IrakIroan/Google_Drive_Backup/Extracted files/mdkamruzzamanirak_gmail_com/android-sdk/platforms/android-35/data/res/values-sw/strings.xml
/home/azureuser/IrakIroan/Google_Drive_Backup/Extracted files/mdkamruzzamanirak_gmail_com/android-sdk/platforms/android-35/data/res/values-zh-rTW/strings.xml
/home/azureuser/IrakIroan/Google_Drive_Backup/Extracted files/mdkamruzzamanirak_gmail_com/android-sdk/platforms/android-35/data/res/values-pt-rBR/strings.xml
/home/azureuser/IrakIroan/Google_Drive_Backup/Extracted files/mdkamruzzamanirak_gmail_com/android-sdk/platforms/android-35/data/res/values-fr/strings.xml
/home/azureuser/IrakIroan/Google_Drive_Backup/Extracted files/mdkamruzzamanirak_gmail_com/android-sdk/platforms/android-35/data/res/values-eu/strings.xml
/home/azureuser/IrakIroan/Google_Drive_Backup/Extracted files/mdkamruzzamanirak_gmail_com/android-sdk/platforms/android-35/data/res/values-tl/strings.xml
/home/azureuser/IrakIroan/Google_Drive_Backup/Extracted files/mdkamruzzamanirak_gmail_com/android-sdk/platforms/android-35/data/res/values-az/strings.xml
/home/azureuser/IrakIroan/Google_Drive_Backup/Extracted files/mdkamruzzamanirak_gmail_com/android-sdk/platforms/android-35/data/res/values-cs/strings.xml
/home/azureuser/IrakIroan/Google_Drive_Backup/Extracted files/mdkamruzzamanirak_gmail_com/android-sdk/platforms/android-35/data/res/values-lt/strings.xml
/home/azureuser/IrakIroan/Google_Drive_Backup/Extracted files/mdkamruzzamanirak_gmail_com/android-sdk/platforms/android-35/data/res/values-uz/strings.xml
/home/azureuser/IrakIroan/Google_Drive_Backup/Extracted files/mdkamruzzamanirak_gmail_com/android-sdk/platforms/android-35/data/res/values-ar/strings.xml
/home/azureuser/IrakIroan/Google_Drive_Backup/Extracted files/mdkamruzzamanirak_gmail_com/android-sdk/platforms/android-34/data/res/values-el/strings.xml
/home/azureuser/IrakIroan/Google_Drive_Backup/Extracted files/mdkamruzzamanirak_gmail_com/android-sdk/platforms/android-34/data/res/values-hy/strings.xml
/home/azureuser/IrakIroan/Google_Drive_Backup/Extracted files/mdkamruzzamanirak_gmail_com/android-sdk/platforms/android-34/data/res/values-lv/strings.xml
/home/azureuser/IrakIroan/Google_Drive_Backup/Extracted files/mdkamruzzamanirak_gmail_com/android-sdk/platforms/android-34/data/res/values-ta/strings.xml
/home/azureuser/IrakIroan/Google_Drive_Backup/Extracted files/mdkamruzzamanirak_gmail_com/android-sdk/platforms/android-34/data/res/values-mn/strings.xml
/home/azureuser/IrakIroan/Google_Drive_Backup/Extracted files/mdkamruzzamanirak_gmail_com/android-sdk/platforms/android-34/data/res/values-as/strings.xml
/home/azureuser/IrakIroan/Google_Drive_Backup/Extracted files/mdkamruzzamanirak_gmail_com/android-sdk/platforms/android-34/data/res/values-ur/strings.xml
/home/azureuser/IrakIroan/Google_Drive_Backup/Extracted files/mdkamruzzamanirak_gmail_com/android-sdk/platforms/android-34/data/res/values-zu/strings.xml
/home/azureuser/IrakIroan/Google_Drive_Backup/Extracted files/mdkamruzzamanirak_gmail_com/android-sdk/platforms/android-34/data/res/values-lo/strings.xml
/home/azureuser/IrakIroan/Google_Drive_Backup/Extracted files/mdkamruzzamanirak_gmail_com/android-sdk/platforms/android-34/data/res/values-is/strings.xml
/home/azureuser/IrakIroan/Google_Drive_Backup/Extracted files/mdkamruzzamanirak_gmail_com/android-sdk/platforms/android-34/data/res/values-km/strings.xml
/home/azureuser/IrakIroan/Google_Drive_Backup/Extracted files/mdkamruzzamanirak_gmail_com/android-sdk/platforms/android-34/data/res/values-it/strings.xml
/home/azureuser/IrakIroan/Google_Drive_Backup/Extracted files/mdkamruzzamanirak_gmail_com/android-sdk/platforms/android-34/data/res/values/config.xml
/home/azureuser/IrakIroan/Google_Drive_Backup/Extracted files/mdkamruzzamanirak_gmail_com/android-sdk/platforms/android-34/data/res/values-b+sr+Latn/strings.xml
/home/azureuser/IrakIroan/Google_Drive_Backup/Extracted files/mdkamruzzamanirak_gmail_com/android-sdk/platforms/android-34/data/res/values-kn/strings.xml
/home/azureuser/IrakIroan/Google_Drive_Backup/Extracted files/mdkamruzzamanirak_gmail_com/android-sdk/platforms/android-34/data/res/values-ja/strings.xml
/home/azureuser/IrakIroan/Google_Drive_Backup/Extracted files/mdkamruzzamanirak_gmail_com/android-sdk/platforms/android-34/data/res/values-sv/strings.xml
/home/azureuser/IrakIroan/Google_Drive_Backup/Extracted files/mdkamruzzamanirak_gmail_com/android-sdk/platforms/android-34/data/res/values-en-rAU/strings.xml
/home/azureuser/IrakIroan/Google_Drive_Backup/Extracted files/mdkamruzzamanirak_gmail_com/android-sdk/platforms/android-34/data/res/values-fr-rCA/strings.xml
/home/azureuser/IrakIroan/Google_Drive_Backup/Extracted files/mdkamruzzamanirak_gmail_com/android-sdk/platforms/android-34/data/res/values-mr/strings.xml
/home/azureuser/IrakIroan/Google_Drive_Backup/Extracted files/mdkamruzzamanirak_gmail_com/android-sdk/platforms/android-34/data/res/values-sr/strings.xml
/home/azureuser/IrakIroan/Google_Drive_Backup/Extracted files/mdkamruzzamanirak_gmail_com/android-sdk/platforms/android-34/data/res/values-ko/strings.xml
/home/azureuser/IrakIroan/Google_Drive_Backup/Extracted files/mdkamruzzamanirak_gmail_com/android-sdk/platforms/android-34/data/res/values-fa/strings.xml
/home/azureuser/IrakIroan/Google_Drive_Backup/Extracted files/mdkamruzzamanirak_gmail_com/android-sdk/platforms/android-34/data/res/values-te/strings.xml
/home/azureuser/IrakIroan/Google_Drive_Backup/Extracted files/mdkamruzzamanirak_gmail_com/android-sdk/platforms/android-34/data/res/values-hr/strings.xml
/home/azureuser/IrakIroan/Google_Drive_Backup/Extracted files/mdkamruzzamanirak_gmail_com/android-sdk/platforms/android-34/data/res/values-et/strings.xml
/home/azureuser/IrakIroan/Google_Drive_Backup/Extracted files/mdkamruzzamanirak_gmail_com/android-sdk/platforms/android-34/data/res/values-zh-rCN/strings.xml
/home/azureuser/IrakIroan/Google_Drive_Backup/Extracted files/mdkamruzzamanirak_gmail_com/android-sdk/platforms/android-34/data/res/values-uk/strings.xml
/home/azureuser/IrakIroan/Google_Drive_Backup/Extracted files/mdkamruzzamanirak_gmail_com/android-sdk/platforms/android-34/data/res/values-bs/strings.xml
/home/azureuser/IrakIroan/Google_Drive_Backup/Extracted files/mdkamruzzamanirak_gmail_com/android-sdk/platforms/android-34/data/res/values-pt/strings.xml
/home/azureuser/IrakIroan/Google_Drive_Backup/Extracted files/mdkamruzzamanirak_gmail_com/android-sdk/platforms/android-34/data/res/values-si/strings.xml
/home/azureuser/IrakIroan/Google_Drive_Backup/Extracted files/mdkamruzzamanirak_gmail_com/android-sdk/platforms/android-34/data/res/values-sl/strings.xml
/home/azureuser/IrakIroan/Google_Drive_Backup/Extracted files/mdkamruzzamanirak_gmail_com/android-sdk/platforms/android-34/data/res/values-vi/strings.xml
/home/azureuser/IrakIroan/Google_Drive_Backup/Extracted files/mdkamruzzamanirak_gmail_com/android-sdk/platforms/android-34/data/res/values-en-rGB/strings.xml
/home/azureuser/IrakIroan/Google_Drive_Backup/Extracted files/mdkamruzzamanirak_gmail_com/android-sdk/platforms/android-34/data/res/values-nl/strings.xml
/home/azureuser/IrakIroan/Google_Drive_Backup/Extracted files/mdkamruzzamanirak_gmail_com/android-sdk/platforms/android-34/data/res/values-be/strings.xml
/home/azureuser/IrakIroan/Google_Drive_Backup/Extracted files/mdkamruzzamanirak_gmail_com/android-sdk/platforms/android-34/data/res/values-pt-rPT/strings.xml
/home/azureuser/IrakIroan/Google_Drive_Backup/Extracted files/mdkamruzzamanirak_gmail_com/android-sdk/platforms/android-34/data/res/values-my/strings.xml
/home/azureuser/IrakIroan/Google_Drive_Backup/Extracted files/mdkamruzzamanirak_gmail_com/android-sdk/platforms/android-34/data/res/values-ro/strings.xml
/home/azureuser/IrakIroan/Google_Drive_Backup/Extracted files/mdkamruzzamanirak_gmail_com/android-sdk/platforms/android-34/data/res/values-ne/strings.xml
/home/azureuser/IrakIroan/Google_Drive_Backup/Extracted files/mdkamruzzamanirak_gmail_com/android-sdk/platforms/android-34/data/res/values-hu/strings.xml
/home/azureuser/IrakIroan/Google_Drive_Backup/Extracted files/mdkamruzzamanirak_gmail_com/android-sdk/platforms/android-34/data/res/values-af/strings.xml
/home/azureuser/IrakIroan/Google_Drive_Backup/Extracted files/mdkamruzzamanirak_gmail_com/android-sdk/platforms/android-34/data/res/values-ru/strings.xml
/home/azureuser/IrakIroan/Google_Drive_Backup/Extracted files/mdkamruzzamanirak_gmail_com/android-sdk/platforms/android-34/data/res/values-pa/strings.xml
/home/azureuser/IrakIroan/Google_Drive_Backup/Extracted files/mdkamruzzamanirak_gmail_com/android-sdk/platforms/android-34/data/res/values-bg/strings.xml
/home/azureuser/IrakIroan/Google_Drive_Backup/Extracted files/mdkamruzzamanirak_gmail_com/android-sdk/platforms/android-34/data/res/values-en-rIN/strings.xml
/home/azureuser/IrakIroan/Google_Drive_Backup/Extracted files/mdkamruzzamanirak_gmail_com/android-sdk/platforms/android-34/data/res/values-ca/strings.xml
/home/azureuser/IrakIroan/Google_Drive_Backup/Extracted files/mdkamruzzamanirak_gmail_com/android-sdk/platforms/android-34/data/res/values-ky/strings.xml
/home/azureuser/IrakIroan/Google_Drive_Backup/Extracted files/mdkamruzzamanirak_gmail_com/android-sdk/platforms/android-34/data/res/values-nb/strings.xml
/home/azureuser/IrakIroan/Google_Drive_Backup/Extracted files/mdkamruzzamanirak_gmail_com/android-sdk/platforms/android-34/data/res/values-es/strings.xml
/home/azureuser/IrakIroan/Google_Drive_Backup/Extracted files/mdkamruzzamanirak_gmail_com/android-sdk/platforms/android-34/data/res/values-ml/strings.xml
/home/azureuser/IrakIroan/Google_Drive_Backup/Extracted files/mdkamruzzamanirak_gmail_com/android-sdk/platforms/android-34/data/res/values-fi/strings.xml
/home/azureuser/IrakIroan/Google_Drive_Backup/Extracted files/mdkamruzzamanirak_gmail_com/android-sdk/platforms/android-34/data/res/values-bn/strings.xml
/home/azureuser/IrakIroan/Google_Drive_Backup/Extracted files/mdkamruzzamanirak_gmail_com/android-sdk/platforms/android-34/data/res/values-da/strings.xml
/home/azureuser/IrakIroan/Google_Drive_Backup/Extracted files/mdkamruzzamanirak_gmail_com/android-sdk/platforms/android-34/data/res/values-th/strings.xml
/home/azureuser/IrakIroan/Google_Drive_Backup/Extracted files/mdkamruzzamanirak_gmail_com/android-sdk/platforms/android-34/data/res/values-gu/strings.xml
/home/azureuser/IrakIroan/Google_Drive_Backup/Extracted files/mdkamruzzamanirak_gmail_com/android-sdk/platforms/android-34/data/res/values-zh-rHK/strings.xml
/home/azureuser/IrakIroan/Google_Drive_Backup/Extracted files/mdkamruzzamanirak_gmail_com/android-sdk/platforms/android-34/data/res/values-de/strings.xml
/home/azureuser/IrakIroan/Google_Drive_Backup/Extracted files/mdkamruzzamanirak_gmail_com/android-sdk/platforms/android-34/data/res/values-in/strings.xml
/home/azureuser/IrakIroan/Google_Drive_Backup/Extracted files/mdkamruzzamanirak_gmail_com/android-sdk/platforms/android-34/data/res/values-mk/strings.xml
/home/azureuser/IrakIroan/Google_Drive_Backup/Extracted files/mdkamruzzamanirak_gmail_com/android-sdk/platforms/android-34/data/res/values-sk/strings.xml
/home/azureuser/IrakIroan/Google_Drive_Backup/Extracted files/mdkamruzzamanirak_gmail_com/android-sdk/platforms/android-34/data/res/values-en-rXC/strings.xml
/home/azureuser/IrakIroan/Google_Drive_Backup/Extracted files/mdkamruzzamanirak_gmail_com/android-sdk/platforms/android-34/data/res/values-hi/strings.xml
/home/azureuser/IrakIroan/Google_Drive_Backup/Extracted files/mdkamruzzamanirak_gmail_com/android-sdk/platforms/android-34/data/res/values-ka/strings.xml
/home/azureuser/IrakIroan/Google_Drive_Backup/Extracted files/mdkamruzzamanirak_gmail_com/android-sdk/platforms/android-34/data/res/values-en-rCA/strings.xml
/home/azureuser/IrakIroan/Google_Drive_Backup/Extracted files/mdkamruzzamanirak_gmail_com/android-sdk/platforms/android-34/data/res/values-am/strings.xml
/home/azureuser/IrakIroan/Google_Drive_Backup/Extracted files/mdkamruzzamanirak_gmail_com/android-sdk/platforms/android-34/data/res/values-es-rUS/strings.xml
/home/azureuser/IrakIroan/Google_Drive_Backup/Extracted files/mdkamruzzamanirak_gmail_com/android-sdk/platforms/android-34/data/res/values-sq/strings.xml
/home/azureuser/IrakIroan/Google_Drive_Backup/Extracted files/mdkamruzzamanirak_gmail_com/android-sdk/platforms/android-34/data/res/values-or/strings.xml
/home/azureuser/IrakIroan/Google_Drive_Backup/Extracted files/mdkamruzzamanirak_gmail_com/android-sdk/platforms/android-34/data/res/values-kk/strings.xml
/home/azureuser/IrakIroan/Google_Drive_Backup/Extracted files/mdkamruzzamanirak_gmail_com/android-sdk/platforms/android-34/data/res/values-gl/strings.xml
/home/azureuser/IrakIroan/Google_Drive_Backup/Extracted files/mdkamruzzamanirak_gmail_com/android-sdk/platforms/android-34/data/res/values-ms/strings.xml
/home/azureuser/IrakIroan/Google_Drive_Backup/Extracted files/mdkamruzzamanirak_gmail_com/android-sdk/platforms/android-34/data/res/values-iw/strings.xml
/home/azureuser/IrakIroan/Google_Drive_Backup/Extracted files/mdkamruzzamanirak_gmail_com/android-sdk/platforms/android-34/data/res/values-pl/strings.xml
/home/azureuser/IrakIroan/Google_Drive_Backup/Extracted files/mdkamruzzamanirak_gmail_com/android-sdk/platforms/android-34/data/res/values-tr/strings.xml
/home/azureuser/IrakIroan/Google_Drive_Backup/Extracted files/mdkamruzzamanirak_gmail_com/android-sdk/platforms/android-34/data/res/values-sw/strings.xml
/home/azureuser/IrakIroan/Google_Drive_Backup/Extracted files/mdkamruzzamanirak_gmail_com/android-sdk/platforms/android-34/data/res/values-zh-rTW/strings.xml
/home/azureuser/IrakIroan/Google_Drive_Backup/Extracted files/mdkamruzzamanirak_gmail_com/android-sdk/platforms/android-34/data/res/values-pt-rBR/strings.xml
/home/azureuser/IrakIroan/Google_Drive_Backup/Extracted files/mdkamruzzamanirak_gmail_com/android-sdk/platforms/android-34/data/res/values-fr/strings.xml
/home/azureuser/IrakIroan/Google_Drive_Backup/Extracted files/mdkamruzzamanirak_gmail_com/android-sdk/platforms/android-34/data/res/values-eu/strings.xml
/home/azureuser/IrakIroan/Google_Drive_Backup/Extracted files/mdkamruzzamanirak_gmail_com/android-sdk/platforms/android-34/data/res/values-tl/strings.xml
/home/azureuser/IrakIroan/Google_Drive_Backup/Extracted files/mdkamruzzamanirak_gmail_com/android-sdk/platforms/android-34/data/res/values-az/strings.xml
/home/azureuser/IrakIroan/Google_Drive_Backup/Extracted files/mdkamruzzamanirak_gmail_com/android-sdk/platforms/android-34/data/res/values-cs/strings.xml
/home/azureuser/IrakIroan/Google_Drive_Backup/Extracted files/mdkamruzzamanirak_gmail_com/android-sdk/platforms/android-34/data/res/values-lt/strings.xml
/home/azureuser/IrakIroan/Google_Drive_Backup/Extracted files/mdkamruzzamanirak_gmail_com/android-sdk/platforms/android-34/data/res/values-uz/strings.xml
/home/azureuser/IrakIroan/Google_Drive_Backup/Extracted files/mdkamruzzamanirak_gmail_com/android-sdk/platforms/android-34/data/res/values-ar/strings.xml
/home/azureuser/IrakIroan/Google_Drive_Backup/Extracted files/mdkamruzzamanirak_gmail_com/android-sdk/build-tools/36.0.0/aidl
/home/azureuser/IrakIroan/Google_Drive_Backup/Extracted files/mdkamruzzamanirak_gmail_com/android-sdk/platform-tools/fastboot
/home/azureuser/IrakIroan/Google_Drive_Backup/Extracted files/mdkamruzzamanirak_gmail_com/android-sdk/platform-tools/lib64/libc++.so
/home/azureuser/IrakIroan/Google_Drive_Backup/Extracted files/mdkamruzzamanirak_gmail_com/android-sdk/platform-tools/adb
/home/azureuser/IrakIroan/Google_Drive_Backup/Extracted files/mdkamruzzamanirak_gmail_com/android-sdk/cmake/3.22.1/bin/cpack
/home/azureuser/IrakIroan/Google_Drive_Backup/Extracted files/mdkamruzzamanirak_gmail_com/android-sdk/cmake/3.22.1/bin/ctest
/home/azureuser/IrakIroan/Google_Drive_Backup/Extracted files/mdkamruzzamanirak_gmail_com/android-sdk/cmake/3.22.1/bin/cmake
/home/azureuser/IrakIroan/Google_Drive_Backup/Extracted files/mdkamruzzamanirak_gmail_com/.npm/_cacache/content-v2/sha512/25/62/b633d91a891a0e15683096730aa34aa889b02eeea880867882693a68ec591e4925b5a055cf235c6b4ce93e18e0961098fbb5dc3bc47ba562ae04ec7ecd82
/home/azureuser/IrakIroan/Google_Drive_Backup/Extracted files/mdkamruzzamanirak_gmail_com/.npm/_cacache/content-v2/sha512/20/80/25a1b2cb355027c217f296b34fe2f668ba78824f38e1f5cee270c5b4728505b7f8430519c4d3ae77fdb99e00228aacd0b149a9d7264b7ce935a41f8a66f8
/home/azureuser/IrakIroan/Google_Drive_Backup/Extracted files/mdkamruzzamanirak_gmail_com/.npm/_cacache/content-v2/sha512/46/05/5c2c3e7d779ca3aa4390b228b4535a616f9b14d782de089dad5e2040dd112a4d59643743d0ac836a3dad3c9d539b53ab0edfc8dcba10a0b2819c5739751c
/home/azureuser/IrakIroan/Google_Drive_Backup/Extracted files/mdkamruzzamanirak_gmail_com/.npm/_cacache/content-v2/sha512/10/c1/8d3ddd9e2e75a84b47145a09a990a826fbf39d485e04f08da7c053a7d2229132e703f6017189de668f9f4d4bd45c90b2da897a2b993a78fddb487d12f91f
/home/azureuser/IrakIroan/Google_Drive_Backup/Extracted files/mdkamruzzamanirak_gmail_com/.npm/_cacache/content-v2/sha512/10/41/6bcaee66b6eb5991baaba6d8f5a0f3d3c51a9192589ee68f7a361e7695ffe28fc4789b145d1acd5d7c3b746052dbe001258eb9f2ac1c7da56cbadd2ddee3
/home/azureuser/IrakIroan/Google_Drive_Backup/Extracted files/mdkamruzzamanirak_gmail_com/.npm/_cacache/content-v2/sha512/3e/55/87448538aff956c347987fa48491dd82ace6442bc2d768b336aa1d1feb7caeaf219f8c7adcbd3e1a492211e5d8319bddf41273bf08e70f0d2f98b94679f7
/home/azureuser/IrakIroan/Google_Drive_Backup/Extracted files/mdkamruzzamanirak_gmail_com/.npm/_cacache/content-v2/sha512/14/9a/2c053abcc629dc08d9565ba7d9202db2a3dcc002a83de8ed494ed60ccf3684b011768f5d96c62df7a93b5e5f5e09ab5fcd367f49385024de3282e88c9f21
/home/azureuser/IrakIroan/Google_Drive_Backup/Extracted files/mdkamruzzamanirak_gmail_com/.npm/_cacache/content-v2/sha512/76/c3/c9c8ab97a24b142c2889d2b46a003efb596c7cc722fe2d833babd4c8b97dd1259ade869a2487662de501e5aad3d638a7707b563bca4111925b4cd8dc4934
/home/azureuser/IrakIroan/Google_Drive_Backup/Extracted files/mdkamruzzamanirak_gmail_com/.npm/_cacache/content-v2/sha512/c6/55/3292782e4423090daa4e3dd269e64576cc866ecc3d701ee07cf1bd67c409d46c5327b4c7462f1cf6eba99650aa4cf38ed66d4279035ecf7e78f3c0bfd660
/home/azureuser/IrakIroan/Google_Drive_Backup/Extracted files/mdkamruzzamanirak_gmail_com/.npm/_cacache/content-v2/sha512/34/09/eeb913256e74a671de4bdecd269458fc3106a8787e74390ade3c045feb0685d771314f164ce7c4088b1e2262feec6febcb137577c0ef72e72c016b174c44
/home/azureuser/IrakIroan/Google_Drive_Backup/Extracted files/mdkamruzzamanirak_gmail_com/.npm/_cacache/content-v2/sha512/31/9c/bc2ba03693b0508d9e498b5b332ef0e9e17da118211b66bf81b47dc39cce1338511d428ae2401ea78af98ce2338a08fa8bd23a8c953bd2b820014d0d2ce3
/home/azureuser/IrakIroan/Google_Drive_Backup/Extracted files/mdkamruzzamanirak_gmail_com/.npm/_cacache/content-v2/sha512/b5/70/4fe7a96251b10a238e98e14ede7ee354241ae79f47073b58bd1cb1ca289717ea11e548305905b5339f7939d2e795d90611ea5677319ac6798976bbe6f8d5
/home/azureuser/IrakIroan/Google_Drive_Backup/Extracted files/mdkamruzzamanirak_gmail_com/.npm/_cacache/content-v2/sha512/83/b7/fd8295f4aaafb37e7a92501ec5a04b547c9dad70f76d57bd5540dab0e14aa76814d7b2a211c0a8913afd17959eea79b491a67f072df15ee2a0b915a86912
/home/azureuser/IrakIroan/Google_Drive_Backup/Extracted files/mdkamruzzamanirak_gmail_com/.npm/_cacache/content-v2/sha512/2a/57/f85314bac72de87fce8a7d783b0de546e217b04f88330a395879a32a5e1a7f6d9ace82e4560deb351691aff8e84781195bda481890b61051b2095050ef90
/home/azureuser/IrakIroan/Google_Drive_Backup/Extracted files/mdkamruzzamanirak_gmail_com/.npm/_cacache/content-v2/sha512/75/88/05fafe7b347d55e8a9fa62a57afaa0b26aad8bb5426319a8f5285a5119a7b9a35c752aa2ec2fab459a4b14644d0794d1d267bf8319618f306fd7498fbd47
/home/azureuser/IrakIroan/Google_Drive_Backup/Extracted files/mdkamruzzamanirak_gmail_com/.npm/_cacache/content-v2/sha512/8c/f0/9be9e1a9c22154a0bafa541ed4df415fe6339b71dd8617a1d7ff751aaacb31191a8cf226d68526ab92f967d8324544025f1c4c7a19b3d0e77a6521475465
/home/azureuser/IrakIroan/Google_Drive_Backup/Extracted files/mdkamruzzamanirak_gmail_com/.npm/_cacache/content-v2/sha512/03/01/f2a73b2ae8a30f8377b25e87b35cb3a305c1ac8ba3e151e4c410d1ff9e633ffa7b76a02a2bcadb58b98d73debe0965c9d09a118db868beac549218ba1513
/home/azureuser/IrakIroan/Google_Drive_Backup/Extracted files/mdkamruzzamanirak_gmail_com/.npm/_cacache/content-v2/sha512/d6/35/936cb10682ba80d5ed32ecb2dc79ce064d12291ddb5934c02680e374482ca5914c7a19e2b534b42418ab06dd2fe658a16b730a0684c1628f16a9a717cd59
/home/azureuser/IrakIroan/Google_Drive_Backup/Extracted files/mdkamruzzamanirak_gmail_com/.npm/_cacache/content-v2/sha512/e3/7a/c03137cd21ec6149e6ecf773ecc65ce476e9391facdd5618b47c2f382f09e1c3faa44fac36c7914d62f4adf5eb6f2910b2d1603e9d6c24c460711e6212fe
/home/azureuser/IrakIroan/Google_Drive_Backup/Extracted files/mdkamruzzamanirak_gmail_com/.npm/_cacache/content-v2/sha512/df/b5/e73c07bee8176894ad7b213502925551e3bd9095121e6a4f3b3cebcb53b1e840a5f368833ba7b9acf94bd9ae4c0ed8723a654f075b68f7bf9cbae24d69b5
/home/azureuser/IrakIroan/Google_Drive_Backup/Extracted files/mdkamruzzamanirak_gmail_com/.npm/_cacache/content-v2/sha512/8e/97/5244b79a7d0a7f266c22afc3762de089e04e54b4cd59d305696133106e1917bce801cc3278db5d5e5863dde15e7eccab1076aede9e4c6b60e434c202e94d
/home/azureuser/IrakIroan/Google_Drive_Backup/Extracted files/mdkamruzzamanirak_gmail_com/.npm/_cacache/content-v2/sha512/2f/fa/bb53abc3f1d00f13c6eff206cc75507d562047b5207eef48284db79b17f8ad3a0ff5b9471f53a294550c6783494d350f1cb07a2c708c410c284fc2707aed
/home/azureuser/IrakIroan/Google_Drive_Backup/Extracted files/mdkamruzzamanirak_gmail_com/.npm/_cacache/content-v2/sha512/c7/dc/8d39d448708ebc79b6f4f71faa72b968b66d48f309eb768b63e97b7664e77cc596822eac35cfa6a212f7d96ab5735d2d1c499b14a65b41629191ae051ccb
/home/azureuser/IrakIroan/Google_Drive_Backup/Extracted files/mdkamruzzamanirak_gmail_com/.npm/_cacache/content-v2/sha512/a7/4d/f41b5ea33f3a12c0ffe5eef5a16541dc77d13816841afb869c3de2a6228ccd6036c42973f75e1c840b437350a13ffe9710971d396d88c7fb9a8281ff44b9
/home/azureuser/IrakIroan/Google_Drive_Backup/Extracted files/mdkamruzzamanirak_gmail_com/.npm/_cacache/content-v2/sha512/86/0a/d8ae61353e91b4941bebf54239743cdff5aa8a2a0574f436c104a5a34c5b2020a38371500784bff9d7c734dece4e5368e6d3ebffa3e64fec52a94b3bbe80
/home/azureuser/IrakIroan/Google_Drive_Backup/Extracted files/mdkamruzzamanirak_gmail_com/.npm/_cacache/content-v2/sha512/86/98/f4324e7a0415dd64ab3cf167ccba5cd7200c4964af2ccc251e0eea9e918efb35123876c5e1467d0daba572dc8738f0daef328406c19f2ce88d5ed83eea64
/home/azureuser/IrakIroan/Google_Drive_Backup/Extracted files/mdkamruzzamanirak_gmail_com/.npm/_cacache/content-v2/sha512/44/29/958b91155f94881c60e6e2179218f961967c5eb6884b56181d75881e5e293ece93fe780871456d0b2a646f46964370d57bface543814dfef90e59947df1d
/home/azureuser/IrakIroan/Google_Drive_Backup/Extracted files/mdkamruzzamanirak_gmail_com/.npm/_cacache/content-v2/sha512/9e/7b/8cb5f0a622a03ab73030ac63c9f9fa9a90bf799fc2bdd1563951efe4532bea8316c97bd354e4d57d5a886a491ae7c5a211217088b1e1557dbfe554a9c3b4
/home/azureuser/IrakIroan/Google_Drive_Backup/Extracted files/mdkamruzzamanirak_gmail_com/.npm/_cacache/content-v2/sha512/53/35/68ce70972ffdc568e26318da8e7a0b454639758bc242a2dc508f860f58c46fd4253a33ac8178d72d2bca7a512461c7306890a6f6c90acfaa9bd72c2d38ad
/home/azureuser/IrakIroan/Google_Drive_Backup/Extracted files/mdkamruzzamanirak_gmail_com/.npm/_cacache/content-v2/sha512/43/98/9397c61390d136b2bd7c73635eb93e4637125f296c2853d9d687bc05c66260c97e74687a9b2633f664b8eba00e9725c6c6ea2b0e8b93d9854d9d5f8ac5e2
/home/azureuser/IrakIroan/Google_Drive_Backup/Extracted files/mdkamruzzamanirak_gmail_com/.npm/_cacache/content-v2/sha512/b7/6b/3d7c02f7f3d18edbe2f2b028c39266315ee8284f1e14adce08f1a2655ead25254d33955a3834404150706768f71f7ad5ce4828833fd7e24c141cef29e601
/home/azureuser/IrakIroan/Google_Drive_Backup/Extracted files/mdkamruzzamanirak_gmail_com/.npm/_cacache/content-v2/sha512/b7/86/17d08d728c5ce44d7da3994ffbb5f96ed28b7eb012dac5aff18b2b8ed81fecdc12a0ddd5220224e504dad0e8aff2e16cf256f7bd502ee668b8fb7efea3ce
/home/azureuser/IrakIroan/Google_Drive_Backup/Extracted files/mdkamruzzamanirak_gmail_com/.npm/_cacache/content-v2/sha512/5a/63/f25d7aa979e5400ce5e717b38a6efd946d02bdbcbcecb182295941dd8ed747ef7688bb2da9b32c65c05c46ce506b1e237f35b2cb1008163d1487e223dfcb
/home/azureuser/IrakIroan/Google_Drive_Backup/Extracted files/mdkamruzzamanirak_gmail_com/.npm/_cacache/content-v2/sha512/fb/a6/e06584aa3dc58e0acaabb1b4d5aac63387e45f6a48457127ed5dbe66fc68a1d8cde56df3cb09877234dafe33432f5e292181625e5f78a9dfda9da6496391
/home/azureuser/IrakIroan/Google_Drive_Backup/Extracted files/mdkamruzzamanirak_gmail_com/.gemini/antigravity-cli/history.jsonl
/home/azureuser/IrakIroan/Google_Drive_Backup/Extracted files/mdkamruzzamanirak_gmail_com/.gemini/antigravity-cli/brain/5b0ee75a-62a2-4201-aea2-d29961ede273/.system_generated/logs/chunks/transcript/00000017.jsonl
/home/azureuser/IrakIroan/Google_Drive_Backup/Extracted files/mdkamruzzamanirak_gmail_com/.gemini/antigravity-cli/brain/5b0ee75a-62a2-4201-aea2-d29961ede273/.system_generated/logs/chunks/transcript_full/00000022.jsonl
/home/azureuser/IrakIroan/Google_Drive_Backup/Extracted files/mdkamruzzamanirak_gmail_com/.gemini/antigravity-cli/brain/5b0ee75a-62a2-4201-aea2-d29961ede273/.system_generated/logs/transcript.jsonl
/home/azureuser/IrakIroan/Google_Drive_Backup/Extracted files/mdkamruzzamanirak_gmail_com/.gemini/antigravity-cli/brain/5b0ee75a-62a2-4201-aea2-d29961ede273/.system_generated/logs/transcript_full.jsonl
/home/azureuser/IrakIroan/Google_Drive_Backup/Extracted files/mdkamruzzamanirak_gmail_com/.gemini/antigravity-cli/brain/c0cfdf59-6578-4a55-9a63-9027be35100b/.system_generated/logs/chunks/transcript_full/00000002.jsonl
/home/azureuser/IrakIroan/Google_Drive_Backup/Extracted files/mdkamruzzamanirak_gmail_com/.gemini/antigravity-cli/brain/c0cfdf59-6578-4a55-9a63-9027be35100b/.system_generated/logs/transcript_full.jsonl
/home/azureuser/IrakIroan/Google_Drive_Backup/Extracted files/mdkamruzzamanirak_gmail_com/.gemini/antigravity-cli/brain/c0cfdf59-6578-4a55-9a63-9027be35100b/.system_generated/steps/207/output.txt
/home/azureuser/IrakIroan/Google_Drive_Backup/Extracted files/mdkamruzzamanirak_gmail_com/.gemini/antigravity-cli/brain/94ebfc4b-30ec-48b7-900a-2c336d48cb6f/.system_generated/tasks/task-38.log
/home/azureuser/IrakIroan/Google_Drive_Backup/Extracted files/mdkamruzzamanirak_gmail_com/.gemini/antigravity-cli/brain/0f4959f8-b0de-416c-ad67-c2d2543657e5/.system_generated/logs/chunks/transcript/00000024.jsonl
/home/azureuser/IrakIroan/Google_Drive_Backup/Extracted files/mdkamruzzamanirak_gmail_com/.gemini/antigravity-cli/brain/0f4959f8-b0de-416c-ad67-c2d2543657e5/.system_generated/logs/chunks/transcript/00000015.jsonl
/home/azureuser/IrakIroan/Google_Drive_Backup/Extracted files/mdkamruzzamanirak_gmail_com/.gemini/antigravity-cli/brain/0f4959f8-b0de-416c-ad67-c2d2543657e5/.system_generated/logs/chunks/transcript_full/00000030.jsonl
/home/azureuser/IrakIroan/Google_Drive_Backup/Extracted files/mdkamruzzamanirak_gmail_com/.gemini/antigravity-cli/brain/0f4959f8-b0de-416c-ad67-c2d2543657e5/.system_generated/logs/chunks/transcript_full/00000019.jsonl
/home/azureuser/IrakIroan/Google_Drive_Backup/Extracted files/mdkamruzzamanirak_gmail_com/.gemini/antigravity-cli/brain/0f4959f8-b0de-416c-ad67-c2d2543657e5/.system_generated/logs/transcript.jsonl
/home/azureuser/IrakIroan/Google_Drive_Backup/Extracted files/mdkamruzzamanirak_gmail_com/.gemini/antigravity-cli/brain/0f4959f8-b0de-416c-ad67-c2d2543657e5/.system_generated/logs/transcript_full.jsonl
/home/azureuser/IrakIroan/Google_Drive_Backup/Extracted files/mdkamruzzamanirak_gmail_com/.gemini/antigravity-cli/brain/0f4959f8-b0de-416c-ad67-c2d2543657e5/.system_generated/messages/662b2835-9284-4689-bb79-0a61d2922aea.json
/home/azureuser/IrakIroan/Google_Drive_Backup/Extracted files/mdkamruzzamanirak_gmail_com/.gemini/antigravity-cli/brain/0f4959f8-b0de-416c-ad67-c2d2543657e5/.system_generated/steps/1515/output.txt
/home/azureuser/IrakIroan/Google_Drive_Backup/Extracted files/mdkamruzzamanirak_gmail_com/.gemini/antigravity-cli/brain/0f4959f8-b0de-416c-ad67-c2d2543657e5/.system_generated/steps/1509/output.txt
/home/azureuser/IrakIroan/Google_Drive_Backup/Extracted files/mdkamruzzamanirak_gmail_com/.gemini/antigravity-cli/brain/0f4959f8-b0de-416c-ad67-c2d2543657e5/.system_generated/tasks/task-3334.log
/home/azureuser/IrakIroan/Google_Drive_Backup/Extracted files/mdkamruzzamanirak_gmail_com/.gemini/antigravity-cli/brain/85deb738-7540-420f-8eb2-5524f0edc77c/.system_generated/tasks/task-2141.log
/home/azureuser/IrakIroan/Google_Drive_Backup/Extracted files/mdkamruzzamanirak_gmail_com/.gemini/antigravity-cli/brain/7c2f23df-2441-4a7b-9f13-dd8bdd371497/.system_generated/logs/chunks/transcript/00000004.jsonl
/home/azureuser/IrakIroan/Google_Drive_Backup/Extracted files/mdkamruzzamanirak_gmail_com/.gemini/antigravity-cli/brain/7c2f23df-2441-4a7b-9f13-dd8bdd371497/.system_generated/logs/chunks/transcript/00000006.jsonl
/home/azureuser/IrakIroan/Google_Drive_Backup/Extracted files/mdkamruzzamanirak_gmail_com/.gemini/antigravity-cli/brain/7c2f23df-2441-4a7b-9f13-dd8bdd371497/.system_generated/logs/chunks/transcript/00000007.jsonl
/home/azureuser/IrakIroan/Google_Drive_Backup/Extracted files/mdkamruzzamanirak_gmail_com/.gemini/antigravity-cli/brain/7c2f23df-2441-4a7b-9f13-dd8bdd371497/.system_generated/logs/chunks/transcript/00000017.jsonl
/home/azureuser/IrakIroan/Google_Drive_Backup/Extracted files/mdkamruzzamanirak_gmail_com/.gemini/antigravity-cli/brain/7c2f23df-2441-4a7b-9f13-dd8bdd371497/.system_generated/logs/chunks/transcript/00000005.jsonl
/home/azureuser/IrakIroan/Google_Drive_Backup/Extracted files/mdkamruzzamanirak_gmail_com/.gemini/antigravity-cli/brain/7c2f23df-2441-4a7b-9f13-dd8bdd371497/.system_generated/logs/chunks/transcript/00000013.jsonl
/home/azureuser/IrakIroan/Google_Drive_Backup/Extracted files/mdkamruzzamanirak_gmail_com/.gemini/antigravity-cli/brain/7c2f23df-2441-4a7b-9f13-dd8bdd371497/.system_generated/logs/chunks/transcript/00000021.jsonl
/home/azureuser/IrakIroan/Google_Drive_Backup/Extracted files/mdkamruzzamanirak_gmail_com/.gemini/antigravity-cli/brain/7c2f23df-2441-4a7b-9f13-dd8bdd371497/.system_generated/logs/chunks/transcript/00000009.jsonl
/home/azureuser/IrakIroan/Google_Drive_Backup/Extracted files/mdkamruzzamanirak_gmail_com/.gemini/antigravity-cli/brain/7c2f23df-2441-4a7b-9f13-dd8bdd371497/.system_generated/logs/chunks/transcript_full/00000011.jsonl
/home/azureuser/IrakIroan/Google_Drive_Backup/Extracted files/mdkamruzzamanirak_gmail_com/.gemini/antigravity-cli/brain/7c2f23df-2441-4a7b-9f13-dd8bdd371497/.system_generated/logs/chunks/transcript_full/00000016.jsonl
/home/azureuser/IrakIroan/Google_Drive_Backup/Extracted files/mdkamruzzamanirak_gmail_com/.gemini/antigravity-cli/brain/7c2f23df-2441-4a7b-9f13-dd8bdd371497/.system_generated/logs/chunks/transcript_full/00000004.jsonl
/home/azureuser/IrakIroan/Google_Drive_Backup/Extracted files/mdkamruzzamanirak_gmail_com/.gemini/antigravity-cli/brain/7c2f23df-2441-4a7b-9f13-dd8bdd371497/.system_generated/logs/chunks/transcript_full/00000027.jsonl
/home/azureuser/IrakIroan/Google_Drive_Backup/Extracted files/mdkamruzzamanirak_gmail_com/.gemini/antigravity-cli/brain/7c2f23df-2441-4a7b-9f13-dd8bdd371497/.system_generated/logs/chunks/transcript_full/00000006.jsonl
/home/azureuser/IrakIroan/Google_Drive_Backup/Extracted files/mdkamruzzamanirak_gmail_com/.gemini/antigravity-cli/brain/7c2f23df-2441-4a7b-9f13-dd8bdd371497/.system_generated/logs/chunks/transcript_full/00000007.jsonl
/home/azureuser/IrakIroan/Google_Drive_Backup/Extracted files/mdkamruzzamanirak_gmail_com/.gemini/antigravity-cli/brain/7c2f23df-2441-4a7b-9f13-dd8bdd371497/.system_generated/logs/chunks/transcript_full/00000008.jsonl
/home/azureuser/IrakIroan/Google_Drive_Backup/Extracted files/mdkamruzzamanirak_gmail_com/.gemini/antigravity-cli/brain/7c2f23df-2441-4a7b-9f13-dd8bdd371497/.system_generated/logs/chunks/transcript_full/00000005.jsonl
/home/azureuser/IrakIroan/Google_Drive_Backup/Extracted files/mdkamruzzamanirak_gmail_com/.gemini/antigravity-cli/brain/7c2f23df-2441-4a7b-9f13-dd8bdd371497/.system_generated/logs/chunks/transcript_full/00000021.jsonl
/home/azureuser/IrakIroan/Google_Drive_Backup/Extracted files/mdkamruzzamanirak_gmail_com/.gemini/antigravity-cli/brain/7c2f23df-2441-4a7b-9f13-dd8bdd371497/.system_generated/logs/transcript.jsonl
/home/azureuser/IrakIroan/Google_Drive_Backup/Extracted files/mdkamruzzamanirak_gmail_com/.gemini/antigravity-cli/brain/7c2f23df-2441-4a7b-9f13-dd8bdd371497/.system_generated/logs/transcript_full.jsonl
/home/azureuser/IrakIroan/Google_Drive_Backup/Extracted files/mdkamruzzamanirak_gmail_com/.gemini/antigravity-cli/brain/7c2f23df-2441-4a7b-9f13-dd8bdd371497/.system_generated/steps/360/output.txt
/home/azureuser/IrakIroan/Google_Drive_Backup/Extracted files/mdkamruzzamanirak_gmail_com/.gemini/antigravity-cli/brain/7c2f23df-2441-4a7b-9f13-dd8bdd371497/.system_generated/steps/507/output.txt
/home/azureuser/IrakIroan/Google_Drive_Backup/Extracted files/mdkamruzzamanirak_gmail_com/.gemini/antigravity-cli/brain/7c2f23df-2441-4a7b-9f13-dd8bdd371497/.system_generated/steps/535/output.txt
/home/azureuser/IrakIroan/Google_Drive_Backup/Extracted files/mdkamruzzamanirak_gmail_com/.gemini/antigravity-cli/brain/7c2f23df-2441-4a7b-9f13-dd8bdd371497/.system_generated/steps/394/output.txt
/home/azureuser/IrakIroan/Google_Drive_Backup/Extracted files/mdkamruzzamanirak_gmail_com/.gemini/antigravity-cli/brain/7c2f23df-2441-4a7b-9f13-dd8bdd371497/.system_generated/steps/547/output.txt
/home/azureuser/IrakIroan/Google_Drive_Backup/Extracted files/mdkamruzzamanirak_gmail_com/.gemini/antigravity-cli/brain/9994f9f1-b36c-4470-b583-7b9d04ecbf6c/.system_generated/logs/chunks/transcript/00000000.jsonl
/home/azureuser/IrakIroan/Google_Drive_Backup/Extracted files/mdkamruzzamanirak_gmail_com/.gemini/antigravity-cli/brain/9994f9f1-b36c-4470-b583-7b9d04ecbf6c/.system_generated/logs/chunks/transcript_full/00000000.jsonl
/home/azureuser/IrakIroan/Google_Drive_Backup/Extracted files/mdkamruzzamanirak_gmail_com/.gemini/antigravity-cli/brain/9994f9f1-b36c-4470-b583-7b9d04ecbf6c/.system_generated/logs/transcript.jsonl
/home/azureuser/IrakIroan/Google_Drive_Backup/Extracted files/mdkamruzzamanirak_gmail_com/.gemini/antigravity-cli/brain/9994f9f1-b36c-4470-b583-7b9d04ecbf6c/.system_generated/logs/transcript_full.jsonl
/home/azureuser/IrakIroan/Google_Drive_Backup/Extracted files/mdkamruzzamanirak_gmail_com/.gemini/antigravity-cli/brain/9994f9f1-b36c-4470-b583-7b9d04ecbf6c/.system_generated/steps/10/output.txt
/home/azureuser/IrakIroan/Google_Drive_Backup/Extracted files/mdkamruzzamanirak_gmail_com/.gemini/antigravity-cli/brain/eaae5e71-bf3e-4d3c-b33f-0a546c23255e/.system_generated/logs/chunks/transcript/00000025.jsonl
/home/azureuser/IrakIroan/Google_Drive_Backup/Extracted files/mdkamruzzamanirak_gmail_com/.gemini/antigravity-cli/brain/eaae5e71-bf3e-4d3c-b33f-0a546c23255e/.system_generated/logs/chunks/transcript/00000046.jsonl
/home/azureuser/IrakIroan/Google_Drive_Backup/Extracted files/mdkamruzzamanirak_gmail_com/.gemini/antigravity-cli/brain/eaae5e71-bf3e-4d3c-b33f-0a546c23255e/.system_generated/logs/chunks/transcript/00000020.jsonl
/home/azureuser/IrakIroan/Google_Drive_Backup/Extracted files/mdkamruzzamanirak_gmail_com/.gemini/antigravity-cli/brain/eaae5e71-bf3e-4d3c-b33f-0a546c23255e/.system_generated/logs/chunks/transcript/00000022.jsonl
/home/azureuser/IrakIroan/Google_Drive_Backup/Extracted files/mdkamruzzamanirak_gmail_com/.gemini/antigravity-cli/brain/eaae5e71-bf3e-4d3c-b33f-0a546c23255e/.system_generated/logs/chunks/transcript/00000021.jsonl
/home/azureuser/IrakIroan/Google_Drive_Backup/Extracted files/mdkamruzzamanirak_gmail_com/.gemini/antigravity-cli/brain/eaae5e71-bf3e-4d3c-b33f-0a546c23255e/.system_generated/logs/chunks/transcript/00000023.jsonl
/home/azureuser/IrakIroan/Google_Drive_Backup/Extracted files/mdkamruzzamanirak_gmail_com/.gemini/antigravity-cli/brain/eaae5e71-bf3e-4d3c-b33f-0a546c23255e/.system_generated/logs/chunks/transcript_full/00000025.jsonl
/home/azureuser/IrakIroan/Google_Drive_Backup/Extracted files/mdkamruzzamanirak_gmail_com/.gemini/antigravity-cli/brain/eaae5e71-bf3e-4d3c-b33f-0a546c23255e/.system_generated/logs/chunks/transcript_full/00000062.jsonl
/home/azureuser/IrakIroan/Google_Drive_Backup/Extracted files/mdkamruzzamanirak_gmail_com/.gemini/antigravity-cli/brain/eaae5e71-bf3e-4d3c-b33f-0a546c23255e/.system_generated/logs/chunks/transcript_full/00000032.jsonl
/home/azureuser/IrakIroan/Google_Drive_Backup/Extracted files/mdkamruzzamanirak_gmail_com/.gemini/antigravity-cli/brain/eaae5e71-bf3e-4d3c-b33f-0a546c23255e/.system_generated/logs/chunks/transcript_full/00000027.jsonl
/home/azureuser/IrakIroan/Google_Drive_Backup/Extracted files/mdkamruzzamanirak_gmail_com/.gemini/antigravity-cli/brain/eaae5e71-bf3e-4d3c-b33f-0a546c23255e/.system_generated/logs/chunks/transcript_full/00000028.jsonl
/home/azureuser/IrakIroan/Google_Drive_Backup/Extracted files/mdkamruzzamanirak_gmail_com/.gemini/antigravity-cli/brain/eaae5e71-bf3e-4d3c-b33f-0a546c23255e/.system_generated/logs/transcript.jsonl
/home/azureuser/IrakIroan/Google_Drive_Backup/Extracted files/mdkamruzzamanirak_gmail_com/.gemini/antigravity-cli/brain/eaae5e71-bf3e-4d3c-b33f-0a546c23255e/.system_generated/logs/transcript_full.jsonl
/home/azureuser/IrakIroan/Google_Drive_Backup/Extracted files/mdkamruzzamanirak_gmail_com/.gemini/antigravity-cli/brain/eaae5e71-bf3e-4d3c-b33f-0a546c23255e/.system_generated/messages/e8cd5e0b-3212-401a-9714-ca8892391ded.json
/home/azureuser/IrakIroan/Google_Drive_Backup/Extracted files/mdkamruzzamanirak_gmail_com/.gemini/antigravity-cli/brain/eaae5e71-bf3e-4d3c-b33f-0a546c23255e/.system_generated/messages/7b4c5112-99a5-4f55-b61f-5d127f995dfd.json
/home/azureuser/IrakIroan/Google_Drive_Backup/Extracted files/mdkamruzzamanirak_gmail_com/.gemini/antigravity-cli/brain/eaae5e71-bf3e-4d3c-b33f-0a546c23255e/.system_generated/messages/5c7d6c81-6fff-4acd-8272-b5b2c54da496.json
/home/azureuser/IrakIroan/Google_Drive_Backup/Extracted files/mdkamruzzamanirak_gmail_com/.gemini/antigravity-cli/brain/eaae5e71-bf3e-4d3c-b33f-0a546c23255e/.system_generated/messages/8b54654d-4cfa-4fa6-a3a9-fac06f7d5f93.json
/home/azureuser/IrakIroan/Google_Drive_Backup/Extracted files/mdkamruzzamanirak_gmail_com/.gemini/antigravity-cli/brain/eaae5e71-bf3e-4d3c-b33f-0a546c23255e/.system_generated/steps/1896/output.txt
/home/azureuser/IrakIroan/Google_Drive_Backup/Extracted files/mdkamruzzamanirak_gmail_com/.gemini/antigravity-cli/brain/eaae5e71-bf3e-4d3c-b33f-0a546c23255e/.system_generated/steps/1866/output.txt
/home/azureuser/IrakIroan/Google_Drive_Backup/Extracted files/mdkamruzzamanirak_gmail_com/.gemini/antigravity-cli/brain/eaae5e71-bf3e-4d3c-b33f-0a546c23255e/.system_generated/steps/1888/output.txt
/home/azureuser/IrakIroan/Google_Drive_Backup/Extracted files/mdkamruzzamanirak_gmail_com/.gemini/antigravity-cli/brain/eaae5e71-bf3e-4d3c-b33f-0a546c23255e/.system_generated/steps/1876/output.txt
/home/azureuser/IrakIroan/Google_Drive_Backup/Extracted files/mdkamruzzamanirak_gmail_com/.gemini/antigravity-cli/brain/eaae5e71-bf3e-4d3c-b33f-0a546c23255e/.system_generated/steps/1872/output.txt
/home/azureuser/IrakIroan/Google_Drive_Backup/Extracted files/mdkamruzzamanirak_gmail_com/.gemini/antigravity-cli/brain/eaae5e71-bf3e-4d3c-b33f-0a546c23255e/.system_generated/steps/2117/output.txt
/home/azureuser/IrakIroan/Google_Drive_Backup/Extracted files/mdkamruzzamanirak_gmail_com/.gemini/antigravity-cli/brain/eaae5e71-bf3e-4d3c-b33f-0a546c23255e/.system_generated/steps/1890/output.txt
/home/azureuser/IrakIroan/Google_Drive_Backup/Extracted files/mdkamruzzamanirak_gmail_com/.gemini/antigravity-cli/brain/eaae5e71-bf3e-4d3c-b33f-0a546c23255e/.system_generated/steps/1868/output.txt
/home/azureuser/IrakIroan/Google_Drive_Backup/Extracted files/mdkamruzzamanirak_gmail_com/.gemini/antigravity-cli/brain/eaae5e71-bf3e-4d3c-b33f-0a546c23255e/.system_generated/steps/1898/output.txt
/home/azureuser/IrakIroan/Google_Drive_Backup/Extracted files/mdkamruzzamanirak_gmail_com/.gemini/antigravity-cli/brain/eaae5e71-bf3e-4d3c-b33f-0a546c23255e/.system_generated/steps/1862/output.txt
/home/azureuser/IrakIroan/Google_Drive_Backup/Extracted files/mdkamruzzamanirak_gmail_com/.gemini/antigravity-cli/brain/eaae5e71-bf3e-4d3c-b33f-0a546c23255e/.system_generated/steps/1925/output.txt
/home/azureuser/IrakIroan/Google_Drive_Backup/Extracted files/mdkamruzzamanirak_gmail_com/.gemini/antigravity-cli/brain/eaae5e71-bf3e-4d3c-b33f-0a546c23255e/.system_generated/steps/1905/output.txt
/home/azureuser/IrakIroan/Google_Drive_Backup/Extracted files/mdkamruzzamanirak_gmail_com/.gemini/antigravity-cli/brain/eaae5e71-bf3e-4d3c-b33f-0a546c23255e/.system_generated/steps/1900/output.txt
/home/azureuser/IrakIroan/Google_Drive_Backup/Extracted files/mdkamruzzamanirak_gmail_com/.gemini/antigravity-cli/brain/eaae5e71-bf3e-4d3c-b33f-0a546c23255e/.system_generated/steps/1894/output.txt
/home/azureuser/IrakIroan/Google_Drive_Backup/Extracted files/mdkamruzzamanirak_gmail_com/.gemini/antigravity-cli/brain/eaae5e71-bf3e-4d3c-b33f-0a546c23255e/.system_generated/tasks/task-1888.log
/home/azureuser/IrakIroan/Google_Drive_Backup/Extracted files/mdkamruzzamanirak_gmail_com/.gemini/antigravity-cli/brain/eaae5e71-bf3e-4d3c-b33f-0a546c23255e/.system_generated/tasks/task-1925.log
/home/azureuser/IrakIroan/Google_Drive_Backup/Extracted files/mdkamruzzamanirak_gmail_com/.gemini/antigravity-cli/brain/eaae5e71-bf3e-4d3c-b33f-0a546c23255e/.system_generated/tasks/task-1866.log
/home/azureuser/IrakIroan/Google_Drive_Backup/Extracted files/mdkamruzzamanirak_gmail_com/.gemini/antigravity-cli/brain/9aec3be6-5570-4d7e-b7f7-5dd56bbf07c0/scratch/History_copy3
/home/azureuser/IrakIroan/Google_Drive_Backup/Extracted files/mdkamruzzamanirak_gmail_com/.gemini/antigravity-cli/brain/9aec3be6-5570-4d7e-b7f7-5dd56bbf07c0/scratch/History_copy2
/home/azureuser/IrakIroan/Google_Drive_Backup/Extracted files/mdkamruzzamanirak_gmail_com/.gemini/antigravity-cli/brain/9aec3be6-5570-4d7e-b7f7-5dd56bbf07c0/scratch/History_copy
/home/azureuser/IrakIroan/Google_Drive_Backup/Extracted files/mdkamruzzamanirak_gmail_com/.gemini/antigravity-cli/brain/7539083f-2174-4f3a-8578-ad3178d6b628/.system_generated/logs/chunks/transcript_full/00000002.jsonl
/home/azureuser/IrakIroan/Google_Drive_Backup/Extracted files/mdkamruzzamanirak_gmail_com/.gemini/antigravity-cli/brain/7539083f-2174-4f3a-8578-ad3178d6b628/.system_generated/logs/transcript_full.jsonl
/home/azureuser/IrakIroan/Google_Drive_Backup/Extracted files/mdkamruzzamanirak_gmail_com/.gemini/antigravity-cli/brain/7539083f-2174-4f3a-8578-ad3178d6b628/.system_generated/steps/147/output.txt
/home/azureuser/IrakIroan/Google_Drive_Backup/Extracted files/mdkamruzzamanirak_gmail_com/.gemini/antigravity-cli/brain/e0dedade-51db-4c16-8fc0-1592a6421ed6/.system_generated/logs/chunks/transcript/00000007.jsonl
/home/azureuser/IrakIroan/Google_Drive_Backup/Extracted files/mdkamruzzamanirak_gmail_com/.gemini/antigravity-cli/brain/e0dedade-51db-4c16-8fc0-1592a6421ed6/.system_generated/logs/chunks/transcript/00000005.jsonl
/home/azureuser/IrakIroan/Google_Drive_Backup/Extracted files/mdkamruzzamanirak_gmail_com/.gemini/antigravity-cli/brain/e0dedade-51db-4c16-8fc0-1592a6421ed6/.system_generated/logs/chunks/transcript_full/00000006.jsonl
/home/azureuser/IrakIroan/Google_Drive_Backup/Extracted files/mdkamruzzamanirak_gmail_com/.gemini/antigravity-cli/brain/e0dedade-51db-4c16-8fc0-1592a6421ed6/.system_generated/logs/chunks/transcript_full/00000008.jsonl
/home/azureuser/IrakIroan/Google_Drive_Backup/Extracted files/mdkamruzzamanirak_gmail_com/.gemini/antigravity-cli/brain/e0dedade-51db-4c16-8fc0-1592a6421ed6/.system_generated/logs/transcript.jsonl
/home/azureuser/IrakIroan/Google_Drive_Backup/Extracted files/mdkamruzzamanirak_gmail_com/.gemini/antigravity-cli/brain/e0dedade-51db-4c16-8fc0-1592a6421ed6/.system_generated/logs/transcript_full.jsonl
/home/azureuser/IrakIroan/Google_Drive_Backup/Extracted files/mdkamruzzamanirak_gmail_com/.gemini/antigravity-cli/brain/c5fb98e0-bbd3-4a81-8f0b-ae8a849347c6/scratch/gate1_manifest.txt
/home/azureuser/IrakIroan/Google_Drive_Backup/Extracted files/mdkamruzzamanirak_gmail_com/.gemini/antigravity-cli/brain/c5fb98e0-bbd3-4a81-8f0b-ae8a849347c6/scratch/gate2_manifest.txt
/home/azureuser/IrakIroan/Google_Drive_Backup/Extracted files/mdkamruzzamanirak_gmail_com/.gemini/antigravity-cli/brain/c5fb98e0-bbd3-4a81-8f0b-ae8a849347c6/.system_generated/logs/chunks/transcript/00000010.jsonl
/home/azureuser/IrakIroan/Google_Drive_Backup/Extracted files/mdkamruzzamanirak_gmail_com/.gemini/antigravity-cli/brain/c5fb98e0-bbd3-4a81-8f0b-ae8a849347c6/.system_generated/logs/chunks/transcript_full/00000012.jsonl
/home/azureuser/IrakIroan/Google_Drive_Backup/Extracted files/mdkamruzzamanirak_gmail_com/.gemini/antigravity-cli/brain/c5fb98e0-bbd3-4a81-8f0b-ae8a849347c6/.system_generated/logs/transcript.jsonl
/home/azureuser/IrakIroan/Google_Drive_Backup/Extracted files/mdkamruzzamanirak_gmail_com/.gemini/antigravity-cli/brain/c5fb98e0-bbd3-4a81-8f0b-ae8a849347c6/.system_generated/logs/transcript_full.jsonl
/home/azureuser/IrakIroan/Google_Drive_Backup/Extracted files/mdkamruzzamanirak_gmail_com/.gemini/antigravity-cli/brain/c5fb98e0-bbd3-4a81-8f0b-ae8a849347c6/.system_generated/steps/962/output.txt
/home/azureuser/IrakIroan/Google_Drive_Backup/Extracted files/mdkamruzzamanirak_gmail_com/.gemini/antigravity-cli/brain/c5fb98e0-bbd3-4a81-8f0b-ae8a849347c6/.system_generated/tasks/task-1680.log
/home/azureuser/IrakIroan/Google_Drive_Backup/Extracted files/mdkamruzzamanirak_gmail_com/.gemini/antigravity-cli/brain/c5fb98e0-bbd3-4a81-8f0b-ae8a849347c6/.system_generated/tasks/task-956.log
/home/azureuser/IrakIroan/Google_Drive_Backup/Extracted files/mdkamruzzamanirak_gmail_com/.gemini/antigravity-cli/brain/c5fb98e0-bbd3-4a81-8f0b-ae8a849347c6/.system_generated/tasks/task-1033.log
/home/azureuser/IrakIroan/Google_Drive_Backup/Extracted files/mdkamruzzamanirak_gmail_com/.gemini/antigravity-cli/brain/c5fb98e0-bbd3-4a81-8f0b-ae8a849347c6/.system_generated/tasks/task-768.log
/home/azureuser/IrakIroan/Google_Drive_Backup/Extracted files/mdkamruzzamanirak_gmail_com/.gemini/antigravity-cli/brain/c5fb98e0-bbd3-4a81-8f0b-ae8a849347c6/.system_generated/tasks/task-746.log
/home/azureuser/IrakIroan/Google_Drive_Backup/Extracted files/mdkamruzzamanirak_gmail_com/.gemini/antigravity-cli/brain/c5fb98e0-bbd3-4a81-8f0b-ae8a849347c6/.system_generated/tasks/task-1672.log
/home/azureuser/IrakIroan/Google_Drive_Backup/Extracted files/mdkamruzzamanirak_gmail_com/.gemini/antigravity-cli/brain/c5fb98e0-bbd3-4a81-8f0b-ae8a849347c6/.system_generated/tasks/task-701.log
/home/azureuser/IrakIroan/Google_Drive_Backup/Extracted files/mdkamruzzamanirak_gmail_com/.gemini/antigravity-cli/brain/c5fb98e0-bbd3-4a81-8f0b-ae8a849347c6/.system_generated/tasks/task-1258.log
/home/azureuser/IrakIroan/Google_Drive_Backup/Extracted files/mdkamruzzamanirak_gmail_com/.gemini/antigravity-cli/brain/b0e27f51-a2f5-4008-9f81-937926e5f2a9/.system_generated/logs/chunks/transcript/00000002.jsonl
/home/azureuser/IrakIroan/Google_Drive_Backup/Extracted files/mdkamruzzamanirak_gmail_com/.gemini/antigravity-cli/brain/b0e27f51-a2f5-4008-9f81-937926e5f2a9/.system_generated/logs/chunks/transcript_full/00000002.jsonl
/home/azureuser/IrakIroan/Google_Drive_Backup/Extracted files/mdkamruzzamanirak_gmail_com/.gemini/antigravity-cli/brain/b0e27f51-a2f5-4008-9f81-937926e5f2a9/.system_generated/logs/transcript.jsonl
/home/azureuser/IrakIroan/Google_Drive_Backup/Extracted files/mdkamruzzamanirak_gmail_com/.gemini/antigravity-cli/brain/b0e27f51-a2f5-4008-9f81-937926e5f2a9/.system_generated/logs/transcript_full.jsonl
/home/azureuser/IrakIroan/Google_Drive_Backup/Extracted files/mdkamruzzamanirak_gmail_com/.gemini/antigravity-cli/brain/b0e27f51-a2f5-4008-9f81-937926e5f2a9/.system_generated/steps/227/output.txt
/home/azureuser/IrakIroan/Google_Drive_Backup/Extracted files/mdkamruzzamanirak_gmail_com/.gemini/antigravity-cli/conversations/5b0ee75a-62a2-4201-aea2-d29961ede273.db
/home/azureuser/IrakIroan/Google_Drive_Backup/Extracted files/mdkamruzzamanirak_gmail_com/.gemini/antigravity-cli/conversations/7539083f-2174-4f3a-8578-ad3178d6b628.db
/home/azureuser/IrakIroan/Google_Drive_Backup/Extracted files/mdkamruzzamanirak_gmail_com/.gemini/antigravity-cli/conversations/b0e27f51-a2f5-4008-9f81-937926e5f2a9.db
/home/azureuser/IrakIroan/Google_Drive_Backup/Extracted files/mdkamruzzamanirak_gmail_com/.gemini/antigravity-cli/conversations/7c2f23df-2441-4a7b-9f13-dd8bdd371497.db
/home/azureuser/IrakIroan/Google_Drive_Backup/Extracted files/mdkamruzzamanirak_gmail_com/.gemini/antigravity-cli/conversations/eaae5e71-bf3e-4d3c-b33f-0a546c23255e.db
/home/azureuser/IrakIroan/Google_Drive_Backup/Extracted files/mdkamruzzamanirak_gmail_com/.gemini/antigravity-cli/conversations/c0cfdf59-6578-4a55-9a63-9027be35100b.db
/home/azureuser/IrakIroan/Google_Drive_Backup/Extracted files/mdkamruzzamanirak_gmail_com/.gemini/antigravity-cli/conversations/c5fb98e0-bbd3-4a81-8f0b-ae8a849347c6.db
/home/azureuser/IrakIroan/Google_Drive_Backup/Extracted files/mdkamruzzamanirak_gmail_com/.gemini/antigravity-cli/conversations/34ceb5c8-5f9d-4ec5-9530-30b1fa566000.db
/home/azureuser/IrakIroan/Google_Drive_Backup/Extracted files/mdkamruzzamanirak_gmail_com/.gemini/antigravity-cli/conversations/9aec3be6-5570-4d7e-b7f7-5dd56bbf07c0.db
/home/azureuser/IrakIroan/Google_Drive_Backup/Extracted files/mdkamruzzamanirak_gmail_com/.gemini/antigravity-cli/conversations/0f4959f8-b0de-416c-ad67-c2d2543657e5.db
/home/azureuser/IrakIroan/Google_Drive_Backup/Extracted files/mdkamruzzamanirak_gmail_com/.gemini/antigravity-cli/conversations/11a7fff9-a733-4b60-8dac-85108663142c.db
/home/azureuser/IrakIroan/Google_Drive_Backup/Extracted files/mdkamruzzamanirak_gmail_com/.gemini/antigravity-cli/conversations/e0dedade-51db-4c16-8fc0-1592a6421ed6.db
/home/azureuser/IrakIroan/Google_Drive_Backup/Extracted files/mdkamruzzamanirak_gmail_com/.gemini/antigravity-cli/conversations/85deb738-7540-420f-8eb2-5524f0edc77c.db
/home/azureuser/IrakIroan/Google_Drive_Backup/Extracted files/mdkamruzzamanirak_gmail_com/.gemini/antigravity-cli/conversations/9994f9f1-b36c-4470-b583-7b9d04ecbf6c.db
/home/azureuser/IrakIroan/Google_Drive_Backup/Extracted files/mdkamruzzamanirak_gmail_com/.gemini/antigravity-cli/bin/webm_encoder
/home/azureuser/IrakIroan/Google_Drive_Backup/Extracted files/mdkamruzzamanirak_gmail_com/.gemini/antigravity-cli/log/cli-20260920_042433.log
/home/azureuser/IrakIroan/Google_Drive_Backup/Extracted files/mdkamruzzamanirak_gmail_com/.gemini/antigravity-cli/log/cli-20260918_055002.log
/home/azureuser/IrakIroan/Google_Drive_Backup/Extracted files/mdkamruzzamanirak_gmail_com/.gemini/antigravity-cli/log/cli-20260918_054959.log
/home/azureuser/IrakIroan/Google_Drive_Backup/Extracted files/mdkamruzzamanirak_gmail_com/.gemini/antigravity-cli/log/cli-20260920_043114.log
/home/azureuser/IrakIroan/Google_Drive_Backup/Extracted files/mdkamruzzamanirak_gmail_com/.gemini/antigravity-cli/log/cli-20260925_131527.log
/home/azureuser/IrakIroan/Google_Drive_Backup/Extracted files/mdkamruzzamanirak_gmail_com/.gemini/antigravity-cli/log/cli-20260920_043113.log
/home/azureuser/IrakIroan/Google_Drive_Backup/Extracted files/mdkamruzzamanirak_gmail_com/.gemini/antigravity-cli/log/cli-20260920_043212.log
/home/azureuser/IrakIroan/Google_Drive_Backup/Extracted files/mdkamruzzamanirak_gmail_com/.gemini/antigravity-cli/log/cli-20260918_055000.log
/home/azureuser/IrakIroan/Google_Drive_Backup/Extracted files/mdkamruzzamanirak_gmail_com/.gemini/antigravity-cli/log/cli-20260920_043216.log
/home/azureuser/IrakIroan/Google_Drive_Backup/Extracted files/mdkamruzzamanirak_gmail_com/frappe_db_backup.sql
/home/azureuser/IrakIroan/Google_Drive_Backup/Extracted files/mdkamruzzamanirak_gmail_com/cloud/orchestration/tests/test_suite.db
/home/azureuser/IrakIroan/Google_Drive_Backup/Extracted files/mdkamruzzamanirak_gmail_com/.rustup/toolchains/stable-x86_64-unknown-linux-gnu/lib/libLLVM.so.22.1-rust-1.98.1-stable
/home/azureuser/IrakIroan/Google_Drive_Backup/Extracted files/mdkamruzzamanirak_gmail_com/.rustup/toolchains/stable-x86_64-unknown-linux-gnu/lib/rustlib/x86_64-unknown-linux-gnu/lib/libcompiler_builtins-2d2ab9fb0fe1def5.rmeta
/home/azureuser/IrakIroan/Google_Drive_Backup/Extracted files/mdkamruzzamanirak_gmail_com/.rustup/toolchains/stable-x86_64-unknown-linux-gnu/lib/rustlib/x86_64-unknown-linux-gnu/lib/libstd-64f5f36fb0927694.rmeta
/home/azureuser/IrakIroan/Google_Drive_Backup/Extracted files/mdkamruzzamanirak_gmail_com/.rustup/toolchains/stable-x86_64-unknown-linux-gnu/lib/rustlib/x86_64-unknown-linux-gnu/lib/libcore-df1bddb45adbe94b.rmeta
/home/azureuser/IrakIroan/Google_Drive_Backup/Extracted files/mdkamruzzamanirak_gmail_com/.rustup/toolchains/stable-x86_64-unknown-linux-gnu/lib/rustlib/x86_64-unknown-linux-gnu/lib/libstd-64f5f36fb0927694.rlib
/home/azureuser/IrakIroan/Google_Drive_Backup/Extracted files/mdkamruzzamanirak_gmail_com/.rustup/toolchains/stable-x86_64-unknown-linux-gnu/bin/rustdoc
/home/azureuser/IrakIroan/Google_Drive_Backup/Extracted files/mdkamruzzamanirak_gmail_com/Rust_Task_With_Time_Keeping_And_Live_Note/mobile/.dart_tool/flutter_build/6c54f1a11988822eaa705584205f98e3/app.dill
/home/azureuser/IrakIroan/Google_Drive_Backup/Extracted files/mdkamruzzamanirak_gmail_com/Rust_Task_With_Time_Keeping_And_Live_Note/mobile/build/test_cache/build/4189cf65caed1f673f0abbe75cfabebb.cache.dill.track.dill
/home/azureuser/IrakIroan/Google_Drive_Backup/Extracted files/mdkamruzzamanirak_gmail_com/Rust_Task_With_Time_Keeping_And_Live_Note/mobile/build/app/outputs/flutter-apk/app-release.apk
/home/azureuser/IrakIroan/Google_Drive_Backup/Extracted files/mdkamruzzamanirak_gmail_com/Rust_Task_With_Time_Keeping_And_Live_Note/mobile/build/app/outputs/apk/release/app-release.apk
/home/azureuser/IrakIroan/Google_Drive_Backup/Extracted files/mdkamruzzamanirak_gmail_com/Rust_Task_With_Time_Keeping_And_Live_Note/mobile/build/app/outputs/mapping/release/mapping.txt
/home/azureuser/IrakIroan/Google_Drive_Backup/Extracted files/mdkamruzzamanirak_gmail_com/Rust_Task_With_Time_Keeping_And_Live_Note/mobile/build/app/intermediates/merged_native_libs/release/mergeReleaseNativeLibs/out/lib/x86_64/libflutter.so
/home/azureuser/IrakIroan/Google_Drive_Backup/Extracted files/mdkamruzzamanirak_gmail_com/Rust_Task_With_Time_Keeping_And_Live_Note/mobile/build/app/intermediates/merged_native_libs/release/mergeReleaseNativeLibs/out/lib/arm64-v8a/libflutter.so
/home/azureuser/IrakIroan/Google_Drive_Backup/Extracted files/mdkamruzzamanirak_gmail_com/Rust_Task_With_Time_Keeping_And_Live_Note/mobile/build/app/intermediates/merged_native_libs/release/mergeReleaseNativeLibs/out/lib/armeabi-v7a/libflutter.so
/home/azureuser/IrakIroan/Google_Drive_Backup/Extracted files/mdkamruzzamanirak_gmail_com/Rust_Task_With_Time_Keeping_And_Live_Note/mobile/build/app/intermediates/stripped_native_libs/release/stripReleaseDebugSymbols/out/lib/x86_64/libflutter.so
/home/azureuser/IrakIroan/Google_Drive_Backup/Extracted files/mdkamruzzamanirak_gmail_com/Rust_Task_With_Time_Keeping_And_Live_Note/mobile/build/app/intermediates/stripped_native_libs/release/stripReleaseDebugSymbols/out/lib/arm64-v8a/libflutter.so
/home/azureuser/IrakIroan/Google_Drive_Backup/Extracted files/mdkamruzzamanirak_gmail_com/Rust_Task_With_Time_Keeping_And_Live_Note/mobile/build/app/intermediates/stripped_native_libs/release/stripReleaseDebugSymbols/out/lib/armeabi-v7a/libflutter.so
/home/azureuser/IrakIroan/Google_Drive_Backup/Extracted files/mdkamruzzamanirak_gmail_com/Rust_Task_With_Time_Keeping_And_Live_Note/mobile/build/app/intermediates/native_symbol_tables/release/extractReleaseNativeSymbolTables/out/x86_64/libflutter.so.sym
/home/azureuser/IrakIroan/Google_Drive_Backup/Extracted files/mdkamruzzamanirak_gmail_com/Rust_Task_With_Time_Keeping_And_Live_Note/mobile/build/app/intermediates/native_symbol_tables/release/extractReleaseNativeSymbolTables/out/arm64-v8a/libflutter.so.sym
/home/azureuser/IrakIroan/Google_Drive_Backup/Extracted files/mdkamruzzamanirak_gmail_com/Rust_Task_With_Time_Keeping_And_Live_Note/mobile/build/app/intermediates/native_symbol_tables/release/extractReleaseNativeSymbolTables/out/armeabi-v7a/libflutter.so.sym
/home/azureuser/IrakIroan/Google_Drive_Backup/Extracted files/mdkamruzzamanirak_gmail_com/Rust_Task_With_Time_Keeping_And_Live_Note/mobile/build/app/intermediates/assets/debug/mergeDebugAssets/flutter_assets/kernel_blob.bin
/home/azureuser/IrakIroan/Google_Drive_Backup/Extracted files/mdkamruzzamanirak_gmail_com/Rust_Task_With_Time_Keeping_And_Live_Note/mobile/build/app/intermediates/dex/debug/mergeExtDexDebug/classes.dex
/home/azureuser/IrakIroan/Google_Drive_Backup/Extracted files/mdkamruzzamanirak_gmail_com/Rust_Task_With_Time_Keeping_And_Live_Note/mobile/build/app/intermediates/flutter/debug/flutter_assets/kernel_blob.bin
/home/azureuser/IrakIroan/Google_Drive_Backup/Extracted files/mdkamruzzamanirak_gmail_com/Rust_Task_With_Time_Keeping_And_Live_Note/mobile/build/app/intermediates/incremental/release-mergeJavaRes/zip-cache/91kdPsZsgAtcc3TLOqZcnA==
/home/azureuser/IrakIroan/Google_Drive_Backup/Extracted files/mdkamruzzamanirak_gmail_com/Rust_Task_With_Time_Keeping_And_Live_Note/mobile/build/app/intermediates/incremental/release-mergeJavaRes/zip-cache/NH4d6LFMR4eH6iNU91EKuw==
/home/azureuser/IrakIroan/Google_Drive_Backup/Extracted files/mdkamruzzamanirak_gmail_com/Rust_Task_With_Time_Keeping_And_Live_Note/mobile/build/app/intermediates/incremental/release-mergeJavaRes/zip-cache/NEyNPHaTfrLMt379iBu_fw==
/home/azureuser/IrakIroan/Google_Drive_Backup/Extracted files/mdkamruzzamanirak_gmail_com/Rust_Task_With_Time_Keeping_And_Live_Note/mobile/build/app/intermediates/incremental/release-mergeJavaRes/zip-cache/DHWVS8uOGnJdNhfdT4d6ZA==
/home/azureuser/IrakIroan/Google_Drive_Backup/Extracted files/mdkamruzzamanirak_gmail_com/Rust_Task_With_Time_Keeping_And_Live_Note/mobile/android/build/app/outputs/flutter-apk/app-release.apk
/home/azureuser/IrakIroan/Google_Drive_Backup/Extracted files/mdkamruzzamanirak_gmail_com/Rust_Task_With_Time_Keeping_And_Live_Note/mobile/android/build/app/outputs/apk/release/app-release.apk
/home/azureuser/IrakIroan/Google_Drive_Backup/Extracted files/mdkamruzzamanirak_gmail_com/Rust_Task_With_Time_Keeping_And_Live_Note/mobile/android/build/app/outputs/mapping/release/mapping.txt
/home/azureuser/IrakIroan/Google_Drive_Backup/Extracted files/mdkamruzzamanirak_gmail_com/Rust_Task_With_Time_Keeping_And_Live_Note/mobile/android/build/app/intermediates/merged_native_libs/release/mergeReleaseNativeLibs/out/lib/x86_64/libflutter.so
/home/azureuser/IrakIroan/Google_Drive_Backup/Extracted files/mdkamruzzamanirak_gmail_com/Rust_Task_With_Time_Keeping_And_Live_Note/mobile/android/build/app/intermediates/merged_native_libs/release/mergeReleaseNativeLibs/out/lib/arm64-v8a/libflutter.so
/home/azureuser/IrakIroan/Google_Drive_Backup/Extracted files/mdkamruzzamanirak_gmail_com/Rust_Task_With_Time_Keeping_And_Live_Note/mobile/android/build/app/intermediates/merged_native_libs/release/mergeReleaseNativeLibs/out/lib/armeabi-v7a/libflutter.so
/home/azureuser/IrakIroan/Google_Drive_Backup/Extracted files/mdkamruzzamanirak_gmail_com/Rust_Task_With_Time_Keeping_And_Live_Note/mobile/android/build/app/intermediates/stripped_native_libs/release/stripReleaseDebugSymbols/out/lib/x86_64/libflutter.so
/home/azureuser/IrakIroan/Google_Drive_Backup/Extracted files/mdkamruzzamanirak_gmail_com/Rust_Task_With_Time_Keeping_And_Live_Note/mobile/android/build/app/intermediates/stripped_native_libs/release/stripReleaseDebugSymbols/out/lib/arm64-v8a/libflutter.so
/home/azureuser/IrakIroan/Google_Drive_Backup/Extracted files/mdkamruzzamanirak_gmail_com/Rust_Task_With_Time_Keeping_And_Live_Note/mobile/android/build/app/intermediates/stripped_native_libs/release/stripReleaseDebugSymbols/out/lib/armeabi-v7a/libflutter.so
/home/azureuser/IrakIroan/Google_Drive_Backup/Extracted files/mdkamruzzamanirak_gmail_com/Rust_Task_With_Time_Keeping_And_Live_Note/mobile/android/build/app/intermediates/native_symbol_tables/release/extractReleaseNativeSymbolTables/out/x86_64/libflutter.so.sym
/home/azureuser/IrakIroan/Google_Drive_Backup/Extracted files/mdkamruzzamanirak_gmail_com/Rust_Task_With_Time_Keeping_And_Live_Note/mobile/android/build/app/intermediates/native_symbol_tables/release/extractReleaseNativeSymbolTables/out/arm64-v8a/libflutter.so.sym
/home/azureuser/IrakIroan/Google_Drive_Backup/Extracted files/mdkamruzzamanirak_gmail_com/Rust_Task_With_Time_Keeping_And_Live_Note/mobile/android/build/app/intermediates/native_symbol_tables/release/extractReleaseNativeSymbolTables/out/armeabi-v7a/libflutter.so.sym
/home/azureuser/IrakIroan/Google_Drive_Backup/Extracted files/mdkamruzzamanirak_gmail_com/Rust_Task_With_Time_Keeping_And_Live_Note/mobile/android/build/app/intermediates/incremental/release-mergeJavaRes/zip-cache/91kdPsZsgAtcc3TLOqZcnA==
/home/azureuser/IrakIroan/Google_Drive_Backup/Extracted files/mdkamruzzamanirak_gmail_com/Rust_Task_With_Time_Keeping_And_Live_Note/mobile/android/build/app/intermediates/incremental/release-mergeJavaRes/zip-cache/NH4d6LFMR4eH6iNU91EKuw==
/home/azureuser/IrakIroan/Google_Drive_Backup/Extracted files/mdkamruzzamanirak_gmail_com/Rust_Task_With_Time_Keeping_And_Live_Note/mobile/android/build/app/intermediates/incremental/release-mergeJavaRes/zip-cache/NEyNPHaTfrLMt379iBu_fw==
/home/azureuser/IrakIroan/Google_Drive_Backup/Extracted files/mdkamruzzamanirak_gmail_com/Rust_Task_With_Time_Keeping_And_Live_Note/mobile/android/build/app/intermediates/incremental/release-mergeJavaRes/zip-cache/DHWVS8uOGnJdNhfdT4d6ZA==
/home/azureuser/IrakIroan/Google_Drive_Backup/Extracted files/mdkamruzzamanirak_gmail_com/Rust_Task_With_Time_Keeping_And_Live_Note/archive/docs_and_logs/roots.sst
/home/azureuser/IrakIroan/Google_Drive_Backup/Extracted files/mdkamruzzamanirak_gmail_com/Rust_Task_With_Time_Keeping_And_Live_Note/target/debug/incremental/shared-32ymy2sshlzaq/s-hmdiw9tnyr-021tpk4-9zs9rlsoeis9bazreh06tlvy8/cdhjxpt7qrsiu3x4q2ntgf4fr.pre-lto.bc
/home/azureuser/IrakIroan/Google_Drive_Backup/Extracted files/mdkamruzzamanirak_gmail_com/Rust_Task_With_Time_Keeping_And_Live_Note/target/debug/incremental/shared-32ymy2sshlzaq/s-hmdiw9tnyr-021tpk4-9zs9rlsoeis9bazreh06tlvy8/dep-graph.bin
/home/azureuser/IrakIroan/Google_Drive_Backup/Extracted files/mdkamruzzamanirak_gmail_com/Rust_Task_With_Time_Keeping_And_Live_Note/target/debug/incremental/shared-32ymy2sshlzaq/s-hmdiw9tnyr-021tpk4-9zs9rlsoeis9bazreh06tlvy8/8mifhrihv84nrsx7c5c1nzr0l.pre-lto.bc
/home/azureuser/IrakIroan/Google_Drive_Backup/Extracted files/mdkamruzzamanirak_gmail_com/Rust_Task_With_Time_Keeping_And_Live_Note/target/debug/incremental/shared-32ymy2sshlzaq/s-hmdiw9tnyr-021tpk4-9zs9rlsoeis9bazreh06tlvy8/5nc1w6tvfqr8fvaddjtp2orsj.pre-lto.bc
/home/azureuser/IrakIroan/Google_Drive_Backup/Extracted files/mdkamruzzamanirak_gmail_com/Rust_Task_With_Time_Keeping_And_Live_Note/target/debug/incremental/shared-29ze3al9pmzuo/s-hmenv4vul9-1nz1rgl-8jofb85bddhewgtoaq3nvx03k/dep-graph.bin
/home/azureuser/IrakIroan/Google_Drive_Backup/Extracted files/mdkamruzzamanirak_gmail_com/Rust_Task_With_Time_Keeping_And_Live_Note/target/debug/incremental/backend-1naxm5nt0araf/s-hmdiweellx-1rpdtz9-eu0rqz7y3e0buwhdirvfk9jy9/5xbpvoi3vfyh6vvwlrn6dyeym.pre-lto.bc
/home/azureuser/IrakIroan/Google_Drive_Backup/Extracted files/mdkamruzzamanirak_gmail_com/Rust_Task_With_Time_Keeping_And_Live_Note/target/debug/incremental/backend-1naxm5nt0araf/s-hmdiweellx-1rpdtz9-eu0rqz7y3e0buwhdirvfk9jy9/c8rl6u4wune2j1hkk8gb7dglp.pre-lto.bc
/home/azureuser/IrakIroan/Google_Drive_Backup/Extracted files/mdkamruzzamanirak_gmail_com/Rust_Task_With_Time_Keeping_And_Live_Note/target/debug/incremental/backend-1naxm5nt0araf/s-hmdiweellx-1rpdtz9-eu0rqz7y3e0buwhdirvfk9jy9/853nq531ki0ck9aur8fm8hqe2.pre-lto.bc
/home/azureuser/IrakIroan/Google_Drive_Backup/Extracted files/mdkamruzzamanirak_gmail_com/Rust_Task_With_Time_Keeping_And_Live_Note/target/debug/incremental/backend-1naxm5nt0araf/s-hmdiweellx-1rpdtz9-eu0rqz7y3e0buwhdirvfk9jy9/7afapwpw57tzuc19dlwa8q065.pre-lto.bc
/home/azureuser/IrakIroan/Google_Drive_Backup/Extracted files/mdkamruzzamanirak_gmail_com/Rust_Task_With_Time_Keeping_And_Live_Note/target/debug/incremental/backend-1naxm5nt0araf/s-hmdiweellx-1rpdtz9-eu0rqz7y3e0buwhdirvfk9jy9/91li11g9xxl4e9pt9k9pup077.pre-lto.bc
/home/azureuser/IrakIroan/Google_Drive_Backup/Extracted files/mdkamruzzamanirak_gmail_com/Rust_Task_With_Time_Keeping_And_Live_Note/target/debug/incremental/backend-1naxm5nt0araf/s-hmdiweellx-1rpdtz9-eu0rqz7y3e0buwhdirvfk9jy9/0kvkakfkqe139xkpmak19s9ie.pre-lto.bc
/home/azureuser/IrakIroan/Google_Drive_Backup/Extracted files/mdkamruzzamanirak_gmail_com/Rust_Task_With_Time_Keeping_And_Live_Note/target/debug/incremental/backend-1naxm5nt0araf/s-hmdiweellx-1rpdtz9-eu0rqz7y3e0buwhdirvfk9jy9/djh5po2obqlek9i27d6ph8ibp.pre-lto.bc
/home/azureuser/IrakIroan/Google_Drive_Backup/Extracted files/mdkamruzzamanirak_gmail_com/Rust_Task_With_Time_Keeping_And_Live_Note/target/debug/incremental/backend-1naxm5nt0araf/s-hmdiweellx-1rpdtz9-eu0rqz7y3e0buwhdirvfk9jy9/4ufao6dipovnz6zybn6m7oy26.pre-lto.bc
/home/azureuser/IrakIroan/Google_Drive_Backup/Extracted files/mdkamruzzamanirak_gmail_com/Rust_Task_With_Time_Keeping_And_Live_Note/target/debug/incremental/backend-1naxm5nt0araf/s-hmdiweellx-1rpdtz9-eu0rqz7y3e0buwhdirvfk9jy9/cydccy243o7xeswm20klxigus.pre-lto.bc
/home/azureuser/IrakIroan/Google_Drive_Backup/Extracted files/mdkamruzzamanirak_gmail_com/Rust_Task_With_Time_Keeping_And_Live_Note/target/debug/incremental/backend-1naxm5nt0araf/s-hmdiweellx-1rpdtz9-eu0rqz7y3e0buwhdirvfk9jy9/bz8vanrknzbck0767a9j25u7z.pre-lto.bc
/home/azureuser/IrakIroan/Google_Drive_Backup/Extracted files/mdkamruzzamanirak_gmail_com/Rust_Task_With_Time_Keeping_And_Live_Note/target/debug/incremental/backend-1naxm5nt0araf/s-hmdiweellx-1rpdtz9-eu0rqz7y3e0buwhdirvfk9jy9/9lw6g4h7tqljvx5f807hvgmwo.pre-lto.bc
/home/azureuser/IrakIroan/Google_Drive_Backup/Extracted files/mdkamruzzamanirak_gmail_com/Rust_Task_With_Time_Keeping_And_Live_Note/target/debug/incremental/backend-1naxm5nt0araf/s-hmdiweellx-1rpdtz9-eu0rqz7y3e0buwhdirvfk9jy9/90639bhxjfa56g7l32z2xpsq1.pre-lto.bc
/home/azureuser/IrakIroan/Google_Drive_Backup/Extracted files/mdkamruzzamanirak_gmail_com/Rust_Task_With_Time_Keeping_And_Live_Note/target/debug/incremental/backend-1naxm5nt0araf/s-hmdiweellx-1rpdtz9-eu0rqz7y3e0buwhdirvfk9jy9/chk6ommcza0eo1hk6tassytk8.pre-lto.bc
/home/azureuser/IrakIroan/Google_Drive_Backup/Extracted files/mdkamruzzamanirak_gmail_com/Rust_Task_With_Time_Keeping_And_Live_Note/target/debug/incremental/backend-1naxm5nt0araf/s-hmdiweellx-1rpdtz9-eu0rqz7y3e0buwhdirvfk9jy9/6i8zjc6d20sthlwiu5xcwthzl.pre-lto.bc
/home/azureuser/IrakIroan/Google_Drive_Backup/Extracted files/mdkamruzzamanirak_gmail_com/Rust_Task_With_Time_Keeping_And_Live_Note/target/debug/incremental/backend-1naxm5nt0araf/s-hmdiweellx-1rpdtz9-eu0rqz7y3e0buwhdirvfk9jy9/6n7kn5gtg4lvt7xrtf0h7h70u.pre-lto.bc
/home/azureuser/IrakIroan/Google_Drive_Backup/Extracted files/mdkamruzzamanirak_gmail_com/Rust_Task_With_Time_Keeping_And_Live_Note/target/debug/incremental/backend-1naxm5nt0araf/s-hmdiweellx-1rpdtz9-eu0rqz7y3e0buwhdirvfk9jy9/0hwwh2oh96qo61033flx7ubg5.pre-lto.bc
/home/azureuser/IrakIroan/Google_Drive_Backup/Extracted files/mdkamruzzamanirak_gmail_com/Rust_Task_With_Time_Keeping_And_Live_Note/target/debug/incremental/backend-1naxm5nt0araf/s-hmdiweellx-1rpdtz9-eu0rqz7y3e0buwhdirvfk9jy9/203p2978kous5ci65ntqsgfvk.pre-lto.bc
/home/azureuser/IrakIroan/Google_Drive_Backup/Extracted files/mdkamruzzamanirak_gmail_com/Rust_Task_With_Time_Keeping_And_Live_Note/target/debug/incremental/backend-1naxm5nt0araf/s-hmdiweellx-1rpdtz9-eu0rqz7y3e0buwhdirvfk9jy9/cpv9qu101ex8oox2gav0ja3jm.pre-lto.bc
/home/azureuser/IrakIroan/Google_Drive_Backup/Extracted files/mdkamruzzamanirak_gmail_com/Rust_Task_With_Time_Keeping_And_Live_Note/target/debug/incremental/backend-1naxm5nt0araf/s-hmdiweellx-1rpdtz9-eu0rqz7y3e0buwhdirvfk9jy9/8s2x63wnnxfnpu2pgqy77lbs4.pre-lto.bc
/home/azureuser/IrakIroan/Google_Drive_Backup/Extracted files/mdkamruzzamanirak_gmail_com/Rust_Task_With_Time_Keeping_And_Live_Note/target/debug/incremental/backend-1naxm5nt0araf/s-hmdiweellx-1rpdtz9-eu0rqz7y3e0buwhdirvfk9jy9/b6knpbxg72lzzju4i05h0yjq0.pre-lto.bc
/home/azureuser/IrakIroan/Google_Drive_Backup/Extracted files/mdkamruzzamanirak_gmail_com/Rust_Task_With_Time_Keeping_And_Live_Note/target/debug/incremental/backend-1naxm5nt0araf/s-hmdiweellx-1rpdtz9-eu0rqz7y3e0buwhdirvfk9jy9/9xqd0nwj94d7coi127likyyzt.pre-lto.bc
/home/azureuser/IrakIroan/Google_Drive_Backup/Extracted files/mdkamruzzamanirak_gmail_com/Rust_Task_With_Time_Keeping_And_Live_Note/target/debug/incremental/backend-1naxm5nt0araf/s-hmdiweellx-1rpdtz9-eu0rqz7y3e0buwhdirvfk9jy9/56ua1ki8iwff0c0d4v9batte6.pre-lto.bc
/home/azureuser/IrakIroan/Google_Drive_Backup/Extracted files/mdkamruzzamanirak_gmail_com/Rust_Task_With_Time_Keeping_And_Live_Note/target/debug/incremental/backend-1naxm5nt0araf/s-hmdiweellx-1rpdtz9-eu0rqz7y3e0buwhdirvfk9jy9/0x6wsvr18l1w2cpdpt7t8eb6p.pre-lto.bc
/home/azureuser/IrakIroan/Google_Drive_Backup/Extracted files/mdkamruzzamanirak_gmail_com/Rust_Task_With_Time_Keeping_And_Live_Note/target/debug/incremental/backend-1naxm5nt0araf/s-hmdiweellx-1rpdtz9-eu0rqz7y3e0buwhdirvfk9jy9/2t7am33bmzbee5gvn9fjba7az.pre-lto.bc
/home/azureuser/IrakIroan/Google_Drive_Backup/Extracted files/mdkamruzzamanirak_gmail_com/Rust_Task_With_Time_Keeping_And_Live_Note/target/debug/incremental/backend-1naxm5nt0araf/s-hmdiweellx-1rpdtz9-eu0rqz7y3e0buwhdirvfk9jy9/4mihx9htbpmhkbxair3omzry9.pre-lto.bc
/home/azureuser/IrakIroan/Google_Drive_Backup/Extracted files/mdkamruzzamanirak_gmail_com/Rust_Task_With_Time_Keeping_And_Live_Note/target/debug/incremental/backend-1naxm5nt0araf/s-hmdiweellx-1rpdtz9-eu0rqz7y3e0buwhdirvfk9jy9/0at6imvmwj0y7thfojqm7uxt8.pre-lto.bc
/home/azureuser/IrakIroan/Google_Drive_Backup/Extracted files/mdkamruzzamanirak_gmail_com/Rust_Task_With_Time_Keeping_And_Live_Note/target/debug/incremental/backend-1naxm5nt0araf/s-hmdiweellx-1rpdtz9-eu0rqz7y3e0buwhdirvfk9jy9/74lw06edwkzo95tv7f4jmxsic.pre-lto.bc
/home/azureuser/IrakIroan/Google_Drive_Backup/Extracted files/mdkamruzzamanirak_gmail_com/Rust_Task_With_Time_Keeping_And_Live_Note/target/debug/incremental/backend-1naxm5nt0araf/s-hmdiweellx-1rpdtz9-eu0rqz7y3e0buwhdirvfk9jy9/1tvusaec7btokrh6td411dgzl.pre-lto.bc
/home/azureuser/IrakIroan/Google_Drive_Backup/Extracted files/mdkamruzzamanirak_gmail_com/Rust_Task_With_Time_Keeping_And_Live_Note/target/debug/incremental/backend-1naxm5nt0araf/s-hmdiweellx-1rpdtz9-eu0rqz7y3e0buwhdirvfk9jy9/1jc3q773m1w81qb9szc5i8qdq.pre-lto.bc
/home/azureuser/IrakIroan/Google_Drive_Backup/Extracted files/mdkamruzzamanirak_gmail_com/Rust_Task_With_Time_Keeping_And_Live_Note/target/debug/incremental/backend-1naxm5nt0araf/s-hmdiweellx-1rpdtz9-eu0rqz7y3e0buwhdirvfk9jy9/e5yo02q64e009imbgxgm21kju.pre-lto.bc
/home/azureuser/IrakIroan/Google_Drive_Backup/Extracted files/mdkamruzzamanirak_gmail_com/Rust_Task_With_Time_Keeping_And_Live_Note/target/debug/incremental/backend-1naxm5nt0araf/s-hmdiweellx-1rpdtz9-eu0rqz7y3e0buwhdirvfk9jy9/296rpv7z0wb2an3pleafrct8l.pre-lto.bc
/home/azureuser/IrakIroan/Google_Drive_Backup/Extracted files/mdkamruzzamanirak_gmail_com/Rust_Task_With_Time_Keeping_And_Live_Note/target/debug/incremental/backend-1naxm5nt0araf/s-hmdiweellx-1rpdtz9-eu0rqz7y3e0buwhdirvfk9jy9/5gdheg2m3do31hkt3lefwdywc.pre-lto.bc
/home/azureuser/IrakIroan/Google_Drive_Backup/Extracted files/mdkamruzzamanirak_gmail_com/Rust_Task_With_Time_Keeping_And_Live_Note/target/debug/incremental/backend-1naxm5nt0araf/s-hmdiweellx-1rpdtz9-eu0rqz7y3e0buwhdirvfk9jy9/1ahcr2kg8ryus0ljkfn8vnzhi.pre-lto.bc
/home/azureuser/IrakIroan/Google_Drive_Backup/Extracted files/mdkamruzzamanirak_gmail_com/Rust_Task_With_Time_Keeping_And_Live_Note/target/debug/incremental/backend-1naxm5nt0araf/s-hmdiweellx-1rpdtz9-eu0rqz7y3e0buwhdirvfk9jy9/5z3i35c5kp5md0y93xpgl1wc0.pre-lto.bc
/home/azureuser/IrakIroan/Google_Drive_Backup/Extracted files/mdkamruzzamanirak_gmail_com/Rust_Task_With_Time_Keeping_And_Live_Note/target/debug/incremental/backend-1naxm5nt0araf/s-hmdiweellx-1rpdtz9-eu0rqz7y3e0buwhdirvfk9jy9/9cebthnxruts157k9thppn4fk.pre-lto.bc
/home/azureuser/IrakIroan/Google_Drive_Backup/Extracted files/mdkamruzzamanirak_gmail_com/Rust_Task_With_Time_Keeping_And_Live_Note/target/debug/incremental/backend-1naxm5nt0araf/s-hmdiweellx-1rpdtz9-eu0rqz7y3e0buwhdirvfk9jy9/cqt5xyz45zbrqvkews5o76ha8.pre-lto.bc
/home/azureuser/IrakIroan/Google_Drive_Backup/Extracted files/mdkamruzzamanirak_gmail_com/Rust_Task_With_Time_Keeping_And_Live_Note/target/debug/incremental/backend-1naxm5nt0araf/s-hmdiweellx-1rpdtz9-eu0rqz7y3e0buwhdirvfk9jy9/3hfqz4o23ceuv2ceqypndhsqj.pre-lto.bc
/home/azureuser/IrakIroan/Google_Drive_Backup/Extracted files/mdkamruzzamanirak_gmail_com/Rust_Task_With_Time_Keeping_And_Live_Note/target/debug/incremental/backend-1naxm5nt0araf/s-hmdiweellx-1rpdtz9-eu0rqz7y3e0buwhdirvfk9jy9/34gy9m5eb8u2ry40yudovl62p.pre-lto.bc
/home/azureuser/IrakIroan/Google_Drive_Backup/Extracted files/mdkamruzzamanirak_gmail_com/Rust_Task_With_Time_Keeping_And_Live_Note/target/debug/incremental/backend-1naxm5nt0araf/s-hmdiweellx-1rpdtz9-eu0rqz7y3e0buwhdirvfk9jy9/29qvglv4d0xwu175rqx2z0bef.pre-lto.bc
/home/azureuser/IrakIroan/Google_Drive_Backup/Extracted files/mdkamruzzamanirak_gmail_com/Rust_Task_With_Time_Keeping_And_Live_Note/target/debug/incremental/backend-1naxm5nt0araf/s-hmdiweellx-1rpdtz9-eu0rqz7y3e0buwhdirvfk9jy9/dhwm2st4l3qw52jr2ajk8k546.pre-lto.bc
/home/azureuser/IrakIroan/Google_Drive_Backup/Extracted files/mdkamruzzamanirak_gmail_com/Rust_Task_With_Time_Keeping_And_Live_Note/target/debug/incremental/backend-1naxm5nt0araf/s-hmdiweellx-1rpdtz9-eu0rqz7y3e0buwhdirvfk9jy9/d9255e4gcswt5oztjxyod77tu.pre-lto.bc
/home/azureuser/IrakIroan/Google_Drive_Backup/Extracted files/mdkamruzzamanirak_gmail_com/Rust_Task_With_Time_Keeping_And_Live_Note/target/debug/incremental/backend-1naxm5nt0araf/s-hmdiweellx-1rpdtz9-eu0rqz7y3e0buwhdirvfk9jy9/ar8uwfkcakoak859ddxj1jnzh.pre-lto.bc
/home/azureuser/IrakIroan/Google_Drive_Backup/Extracted files/mdkamruzzamanirak_gmail_com/Rust_Task_With_Time_Keeping_And_Live_Note/target/debug/incremental/backend-1naxm5nt0araf/s-hmdiweellx-1rpdtz9-eu0rqz7y3e0buwhdirvfk9jy9/2tnlm5uusoks7ioj0sx31xb1t.pre-lto.bc
/home/azureuser/IrakIroan/Google_Drive_Backup/Extracted files/mdkamruzzamanirak_gmail_com/Rust_Task_With_Time_Keeping_And_Live_Note/target/debug/incremental/backend-1naxm5nt0araf/s-hmdiweellx-1rpdtz9-eu0rqz7y3e0buwhdirvfk9jy9/700okqf8pngu3wzsaywwo8noh.pre-lto.bc
/home/azureuser/IrakIroan/Google_Drive_Backup/Extracted files/mdkamruzzamanirak_gmail_com/Rust_Task_With_Time_Keeping_And_Live_Note/target/debug/incremental/backend-1naxm5nt0araf/s-hmdiweellx-1rpdtz9-eu0rqz7y3e0buwhdirvfk9jy9/d297ut4qmeqzsq1hzr3an059m.pre-lto.bc
/home/azureuser/IrakIroan/Google_Drive_Backup/Extracted files/mdkamruzzamanirak_gmail_com/Rust_Task_With_Time_Keeping_And_Live_Note/target/debug/incremental/backend-1naxm5nt0araf/s-hmdiweellx-1rpdtz9-eu0rqz7y3e0buwhdirvfk9jy9/9ccil7lbjc2gmgtglwv5nzdel.pre-lto.bc
/home/azureuser/IrakIroan/Google_Drive_Backup/Extracted files/mdkamruzzamanirak_gmail_com/Rust_Task_With_Time_Keeping_And_Live_Note/target/debug/incremental/backend-1naxm5nt0araf/s-hmdiweellx-1rpdtz9-eu0rqz7y3e0buwhdirvfk9jy9/9qztc2xzbejdh5oi0hols1yhh.pre-lto.bc
/home/azureuser/IrakIroan/Google_Drive_Backup/Extracted files/mdkamruzzamanirak_gmail_com/Rust_Task_With_Time_Keeping_And_Live_Note/target/debug/incremental/backend-1naxm5nt0araf/s-hmdiweellx-1rpdtz9-eu0rqz7y3e0buwhdirvfk9jy9/7mq1mx9dbnog6e2fj66vasl3w.pre-lto.bc
/home/azureuser/IrakIroan/Google_Drive_Backup/Extracted files/mdkamruzzamanirak_gmail_com/Rust_Task_With_Time_Keeping_And_Live_Note/target/debug/incremental/backend-1naxm5nt0araf/s-hmdiweellx-1rpdtz9-eu0rqz7y3e0buwhdirvfk9jy9/ekagvianpk6h74086amz1ejbv.pre-lto.bc
/home/azureuser/IrakIroan/Google_Drive_Backup/Extracted files/mdkamruzzamanirak_gmail_com/Rust_Task_With_Time_Keeping_And_Live_Note/target/debug/incremental/backend-1naxm5nt0araf/s-hmdiweellx-1rpdtz9-eu0rqz7y3e0buwhdirvfk9jy9/aimhci332zsqvpgtay878zb6z.pre-lto.bc
/home/azureuser/IrakIroan/Google_Drive_Backup/Extracted files/mdkamruzzamanirak_gmail_com/Rust_Task_With_Time_Keeping_And_Live_Note/target/debug/incremental/backend-1naxm5nt0araf/s-hmdiweellx-1rpdtz9-eu0rqz7y3e0buwhdirvfk9jy9/8uyspqvmk2dzg34qww85en3bd.pre-lto.bc
/home/azureuser/IrakIroan/Google_Drive_Backup/Extracted files/mdkamruzzamanirak_gmail_com/Rust_Task_With_Time_Keeping_And_Live_Note/target/debug/incremental/backend-1naxm5nt0araf/s-hmdiweellx-1rpdtz9-eu0rqz7y3e0buwhdirvfk9jy9/5r9r4ovwvjuim1wb4e7rtyvk0.pre-lto.bc
/home/azureuser/IrakIroan/Google_Drive_Backup/Extracted files/mdkamruzzamanirak_gmail_com/Rust_Task_With_Time_Keeping_And_Live_Note/target/debug/incremental/backend-1naxm5nt0araf/s-hmdiweellx-1rpdtz9-eu0rqz7y3e0buwhdirvfk9jy9/8qn3ws6k5qj5scte9546tav7p.pre-lto.bc
/home/azureuser/IrakIroan/Google_Drive_Backup/Extracted files/mdkamruzzamanirak_gmail_com/Rust_Task_With_Time_Keeping_And_Live_Note/target/debug/incremental/backend-1naxm5nt0araf/s-hmdiweellx-1rpdtz9-eu0rqz7y3e0buwhdirvfk9jy9/1v2786t7csp3psx1tng44cmhu.pre-lto.bc
/home/azureuser/IrakIroan/Google_Drive_Backup/Extracted files/mdkamruzzamanirak_gmail_com/Rust_Task_With_Time_Keeping_And_Live_Note/target/debug/incremental/backend-1naxm5nt0araf/s-hmdiweellx-1rpdtz9-eu0rqz7y3e0buwhdirvfk9jy9/03hy59p5ae9xgfzir4pbp2s7w.pre-lto.bc
/home/azureuser/IrakIroan/Google_Drive_Backup/Extracted files/mdkamruzzamanirak_gmail_com/Rust_Task_With_Time_Keeping_And_Live_Note/target/debug/incremental/backend-1naxm5nt0araf/s-hmdiweellx-1rpdtz9-eu0rqz7y3e0buwhdirvfk9jy9/0vvel6z5hf6p0jsginm699eiu.pre-lto.bc
/home/azureuser/IrakIroan/Google_Drive_Backup/Extracted files/mdkamruzzamanirak_gmail_com/Rust_Task_With_Time_Keeping_And_Live_Note/target/debug/incremental/backend-1naxm5nt0araf/s-hmdiweellx-1rpdtz9-eu0rqz7y3e0buwhdirvfk9jy9/31i0frcww5pmrh03ktadcpwaj.pre-lto.bc
/home/azureuser/IrakIroan/Google_Drive_Backup/Extracted files/mdkamruzzamanirak_gmail_com/Rust_Task_With_Time_Keeping_And_Live_Note/target/debug/incremental/backend-1naxm5nt0araf/s-hmdiweellx-1rpdtz9-eu0rqz7y3e0buwhdirvfk9jy9/3lb1m8y6gwjd8zq53gadmf2f9.pre-lto.bc
/home/azureuser/IrakIroan/Google_Drive_Backup/Extracted files/mdkamruzzamanirak_gmail_com/Rust_Task_With_Time_Keeping_And_Live_Note/target/debug/incremental/backend-1naxm5nt0araf/s-hmdiweellx-1rpdtz9-eu0rqz7y3e0buwhdirvfk9jy9/3xoio5wn11nsvwrojmdzeer88.pre-lto.bc
/home/azureuser/IrakIroan/Google_Drive_Backup/Extracted files/mdkamruzzamanirak_gmail_com/Rust_Task_With_Time_Keeping_And_Live_Note/target/debug/incremental/backend-1naxm5nt0araf/s-hmdiweellx-1rpdtz9-eu0rqz7y3e0buwhdirvfk9jy9/6r59nr5bnrk661lfzhihfeo3m.pre-lto.bc
/home/azureuser/IrakIroan/Google_Drive_Backup/Extracted files/mdkamruzzamanirak_gmail_com/Rust_Task_With_Time_Keeping_And_Live_Note/target/debug/incremental/backend-1naxm5nt0araf/s-hmdiweellx-1rpdtz9-eu0rqz7y3e0buwhdirvfk9jy9/0azavcie40y02e13o97egqbm8.pre-lto.bc
/home/azureuser/IrakIroan/Google_Drive_Backup/Extracted files/mdkamruzzamanirak_gmail_com/Rust_Task_With_Time_Keeping_And_Live_Note/target/debug/incremental/backend-1naxm5nt0araf/s-hmdiweellx-1rpdtz9-eu0rqz7y3e0buwhdirvfk9jy9/1r3gdv9gvjc7y59ccy9o9mcre.pre-lto.bc
/home/azureuser/IrakIroan/Google_Drive_Backup/Extracted files/mdkamruzzamanirak_gmail_com/Rust_Task_With_Time_Keeping_And_Live_Note/target/debug/incremental/backend-1naxm5nt0araf/s-hmdiweellx-1rpdtz9-eu0rqz7y3e0buwhdirvfk9jy9/caie0of1pv4otjeuuhe71cmmd.pre-lto.bc
/home/azureuser/IrakIroan/Google_Drive_Backup/Extracted files/mdkamruzzamanirak_gmail_com/Rust_Task_With_Time_Keeping_And_Live_Note/target/debug/incremental/backend-1naxm5nt0araf/s-hmdiweellx-1rpdtz9-eu0rqz7y3e0buwhdirvfk9jy9/a3dvqfbbf99am3tm4asrfqfi2.pre-lto.bc
/home/azureuser/IrakIroan/Google_Drive_Backup/Extracted files/mdkamruzzamanirak_gmail_com/Rust_Task_With_Time_Keeping_And_Live_Note/target/debug/incremental/backend-1naxm5nt0araf/s-hmdiweellx-1rpdtz9-eu0rqz7y3e0buwhdirvfk9jy9/9jc3wlc97uh68ko9c3v6od352.pre-lto.bc
/home/azureuser/IrakIroan/Google_Drive_Backup/Extracted files/mdkamruzzamanirak_gmail_com/Rust_Task_With_Time_Keeping_And_Live_Note/target/debug/incremental/backend-1naxm5nt0araf/s-hmdiweellx-1rpdtz9-eu0rqz7y3e0buwhdirvfk9jy9/cw40yktbalckrqxt5kxlka0ka.pre-lto.bc
/home/azureuser/IrakIroan/Google_Drive_Backup/Extracted files/mdkamruzzamanirak_gmail_com/Rust_Task_With_Time_Keeping_And_Live_Note/target/debug/incremental/backend-1naxm5nt0araf/s-hmdiweellx-1rpdtz9-eu0rqz7y3e0buwhdirvfk9jy9/au7wtrnfqtrtqd9mgo0z9m72u.pre-lto.bc
/home/azureuser/IrakIroan/Google_Drive_Backup/Extracted files/mdkamruzzamanirak_gmail_com/Rust_Task_With_Time_Keeping_And_Live_Note/target/debug/incremental/backend-1naxm5nt0araf/s-hmdiweellx-1rpdtz9-eu0rqz7y3e0buwhdirvfk9jy9/bkqfvxsui8rr4ed10d9j2yeah.pre-lto.bc
/home/azureuser/IrakIroan/Google_Drive_Backup/Extracted files/mdkamruzzamanirak_gmail_com/Rust_Task_With_Time_Keeping_And_Live_Note/target/debug/incremental/backend-1naxm5nt0araf/s-hmdiweellx-1rpdtz9-eu0rqz7y3e0buwhdirvfk9jy9/0i7fir9sc6wak8cb0hcjajimb.pre-lto.bc
/home/azureuser/IrakIroan/Google_Drive_Backup/Extracted files/mdkamruzzamanirak_gmail_com/Rust_Task_With_Time_Keeping_And_Live_Note/target/debug/incremental/backend-1naxm5nt0araf/s-hmdiweellx-1rpdtz9-eu0rqz7y3e0buwhdirvfk9jy9/akkqlmr701i8b7igyqymoojx5.pre-lto.bc
/home/azureuser/IrakIroan/Google_Drive_Backup/Extracted files/mdkamruzzamanirak_gmail_com/Rust_Task_With_Time_Keeping_And_Live_Note/target/debug/incremental/backend-1naxm5nt0araf/s-hmdiweellx-1rpdtz9-eu0rqz7y3e0buwhdirvfk9jy9/chjw9cp0zw4pqeufdztosxw7c.pre-lto.bc
/home/azureuser/IrakIroan/Google_Drive_Backup/Extracted files/mdkamruzzamanirak_gmail_com/Rust_Task_With_Time_Keeping_And_Live_Note/target/debug/incremental/backend-1naxm5nt0araf/s-hmdiweellx-1rpdtz9-eu0rqz7y3e0buwhdirvfk9jy9/8gl11awa7aozfzz09mpw8ry41.pre-lto.bc
/home/azureuser/IrakIroan/Google_Drive_Backup/Extracted files/mdkamruzzamanirak_gmail_com/Rust_Task_With_Time_Keeping_And_Live_Note/target/debug/incremental/backend-1naxm5nt0araf/s-hmdiweellx-1rpdtz9-eu0rqz7y3e0buwhdirvfk9jy9/c2rmsc2ezdjwzq2vccfh19b5m.pre-lto.bc
/home/azureuser/IrakIroan/Google_Drive_Backup/Extracted files/mdkamruzzamanirak_gmail_com/Rust_Task_With_Time_Keeping_And_Live_Note/target/debug/incremental/backend-1naxm5nt0araf/s-hmdiweellx-1rpdtz9-eu0rqz7y3e0buwhdirvfk9jy9/65h4ulf0dlptmdxkxdu8xrle5.pre-lto.bc
/home/azureuser/IrakIroan/Google_Drive_Backup/Extracted files/mdkamruzzamanirak_gmail_com/Rust_Task_With_Time_Keeping_And_Live_Note/target/debug/incremental/backend-1naxm5nt0araf/s-hmdiweellx-1rpdtz9-eu0rqz7y3e0buwhdirvfk9jy9/4jnlvqyz8pal0tt4f9qn5ayro.pre-lto.bc
/home/azureuser/IrakIroan/Google_Drive_Backup/Extracted files/mdkamruzzamanirak_gmail_com/Rust_Task_With_Time_Keeping_And_Live_Note/target/debug/incremental/backend-1naxm5nt0araf/s-hmdiweellx-1rpdtz9-eu0rqz7y3e0buwhdirvfk9jy9/5czka4ircn2v1tveac5h1dgam.pre-lto.bc
/home/azureuser/IrakIroan/Google_Drive_Backup/Extracted files/mdkamruzzamanirak_gmail_com/Rust_Task_With_Time_Keeping_And_Live_Note/target/debug/incremental/backend-1naxm5nt0araf/s-hmdiweellx-1rpdtz9-eu0rqz7y3e0buwhdirvfk9jy9/3pkmnlch8l8i731lqurtue9u2.pre-lto.bc
/home/azureuser/IrakIroan/Google_Drive_Backup/Extracted files/mdkamruzzamanirak_gmail_com/Rust_Task_With_Time_Keeping_And_Live_Note/target/debug/incremental/backend-1naxm5nt0araf/s-hmdiweellx-1rpdtz9-eu0rqz7y3e0buwhdirvfk9jy9/2u0iulpr6jdknr563wzdrb7dc.pre-lto.bc
/home/azureuser/IrakIroan/Google_Drive_Backup/Extracted files/mdkamruzzamanirak_gmail_com/Rust_Task_With_Time_Keeping_And_Live_Note/target/debug/incremental/backend-1naxm5nt0araf/s-hmdiweellx-1rpdtz9-eu0rqz7y3e0buwhdirvfk9jy9/1ompc7q8wyizirx7yodekdg9i.pre-lto.bc
/home/azureuser/IrakIroan/Google_Drive_Backup/Extracted files/mdkamruzzamanirak_gmail_com/Rust_Task_With_Time_Keeping_And_Live_Note/target/debug/incremental/backend-1naxm5nt0araf/s-hmdiweellx-1rpdtz9-eu0rqz7y3e0buwhdirvfk9jy9/50tqkckgov6h7fhcghba2plai.pre-lto.bc
/home/azureuser/IrakIroan/Google_Drive_Backup/Extracted files/mdkamruzzamanirak_gmail_com/Rust_Task_With_Time_Keeping_And_Live_Note/target/debug/incremental/backend-1naxm5nt0araf/s-hmdiweellx-1rpdtz9-eu0rqz7y3e0buwhdirvfk9jy9/87o93iwd2bfa6ew2s9f3wvwlx.pre-lto.bc
/home/azureuser/IrakIroan/Google_Drive_Backup/Extracted files/mdkamruzzamanirak_gmail_com/Rust_Task_With_Time_Keeping_And_Live_Note/target/debug/incremental/backend-1naxm5nt0araf/s-hmdiweellx-1rpdtz9-eu0rqz7y3e0buwhdirvfk9jy9/bxjf30k6y6aw8kctn1qmmsph5.pre-lto.bc
/home/azureuser/IrakIroan/Google_Drive_Backup/Extracted files/mdkamruzzamanirak_gmail_com/Rust_Task_With_Time_Keeping_And_Live_Note/target/debug/incremental/backend-1naxm5nt0araf/s-hmdiweellx-1rpdtz9-eu0rqz7y3e0buwhdirvfk9jy9/6554ipfocdhog5s66lj0do0r2.pre-lto.bc
/home/azureuser/IrakIroan/Google_Drive_Backup/Extracted files/mdkamruzzamanirak_gmail_com/Rust_Task_With_Time_Keeping_And_Live_Note/target/debug/incremental/backend-1naxm5nt0araf/s-hmdiweellx-1rpdtz9-eu0rqz7y3e0buwhdirvfk9jy9/00kavb9qo2yo73bmecnrrzp1m.pre-lto.bc
/home/azureuser/IrakIroan/Google_Drive_Backup/Extracted files/mdkamruzzamanirak_gmail_com/Rust_Task_With_Time_Keeping_And_Live_Note/target/debug/incremental/backend-1naxm5nt0araf/s-hmdiweellx-1rpdtz9-eu0rqz7y3e0buwhdirvfk9jy9/aj0ljpbi9e77x6pu58xs8f58c.pre-lto.bc
/home/azureuser/IrakIroan/Google_Drive_Backup/Extracted files/mdkamruzzamanirak_gmail_com/Rust_Task_With_Time_Keeping_And_Live_Note/target/debug/incremental/backend-1naxm5nt0araf/s-hmdiweellx-1rpdtz9-eu0rqz7y3e0buwhdirvfk9jy9/an3n7x8jvz6mqzafni1xa14gw.pre-lto.bc
/home/azureuser/IrakIroan/Google_Drive_Backup/Extracted files/mdkamruzzamanirak_gmail_com/Rust_Task_With_Time_Keeping_And_Live_Note/target/debug/incremental/backend-1naxm5nt0araf/s-hmdiweellx-1rpdtz9-eu0rqz7y3e0buwhdirvfk9jy9/3hi66dobrwhg8b7zohzaja2is.pre-lto.bc
/home/azureuser/IrakIroan/Google_Drive_Backup/Extracted files/mdkamruzzamanirak_gmail_com/Rust_Task_With_Time_Keeping_And_Live_Note/target/debug/incremental/backend-1naxm5nt0araf/s-hmdiweellx-1rpdtz9-eu0rqz7y3e0buwhdirvfk9jy9/d3l7rvdht3r2pb751zvyyjm2t.pre-lto.bc
/home/azureuser/IrakIroan/Google_Drive_Backup/Extracted files/mdkamruzzamanirak_gmail_com/Rust_Task_With_Time_Keeping_And_Live_Note/target/debug/incremental/backend-1naxm5nt0araf/s-hmdiweellx-1rpdtz9-eu0rqz7y3e0buwhdirvfk9jy9/2rx3xq387ciibmja9p6mpkhqt.pre-lto.bc
/home/azureuser/IrakIroan/Google_Drive_Backup/Extracted files/mdkamruzzamanirak_gmail_com/Rust_Task_With_Time_Keeping_And_Live_Note/target/debug/incremental/backend-1naxm5nt0araf/s-hmdiweellx-1rpdtz9-eu0rqz7y3e0buwhdirvfk9jy9/7n73gppauk2hyywqt1l0f68xl.pre-lto.bc
/home/azureuser/IrakIroan/Google_Drive_Backup/Extracted files/mdkamruzzamanirak_gmail_com/Rust_Task_With_Time_Keeping_And_Live_Note/target/debug/incremental/backend-1naxm5nt0araf/s-hmdiweellx-1rpdtz9-eu0rqz7y3e0buwhdirvfk9jy9/14iwwtxcxgfiwr83r6b1k8tu5.pre-lto.bc
/home/azureuser/IrakIroan/Google_Drive_Backup/Extracted files/mdkamruzzamanirak_gmail_com/Rust_Task_With_Time_Keeping_And_Live_Note/target/debug/incremental/backend-1naxm5nt0araf/s-hmdiweellx-1rpdtz9-eu0rqz7y3e0buwhdirvfk9jy9/f2qv1k6fx4jnbx6vixao8sfqe.pre-lto.bc
/home/azureuser/IrakIroan/Google_Drive_Backup/Extracted files/mdkamruzzamanirak_gmail_com/Rust_Task_With_Time_Keeping_And_Live_Note/target/debug/incremental/backend-1naxm5nt0araf/s-hmdiweellx-1rpdtz9-eu0rqz7y3e0buwhdirvfk9jy9/5y192cwxfydwn1m3za55fb8h9.pre-lto.bc
/home/azureuser/IrakIroan/Google_Drive_Backup/Extracted files/mdkamruzzamanirak_gmail_com/Rust_Task_With_Time_Keeping_And_Live_Note/target/debug/incremental/backend-1naxm5nt0araf/s-hmdiweellx-1rpdtz9-eu0rqz7y3e0buwhdirvfk9jy9/ai855wz95d1wcjcryg8i85t1c.pre-lto.bc
/home/azureuser/IrakIroan/Google_Drive_Backup/Extracted files/mdkamruzzamanirak_gmail_com/Rust_Task_With_Time_Keeping_And_Live_Note/target/debug/incremental/backend-1naxm5nt0araf/s-hmdiweellx-1rpdtz9-eu0rqz7y3e0buwhdirvfk9jy9/1ztpv5hfee8wrh8aokvwio0b8.pre-lto.bc
/home/azureuser/IrakIroan/Google_Drive_Backup/Extracted files/mdkamruzzamanirak_gmail_com/Rust_Task_With_Time_Keeping_And_Live_Note/target/debug/incremental/backend-1naxm5nt0araf/s-hmdiweellx-1rpdtz9-eu0rqz7y3e0buwhdirvfk9jy9/8j6cc6biscj31jqd94g727hi0.pre-lto.bc
/home/azureuser/IrakIroan/Google_Drive_Backup/Extracted files/mdkamruzzamanirak_gmail_com/Rust_Task_With_Time_Keeping_And_Live_Note/target/debug/incremental/backend-1naxm5nt0araf/s-hmdiweellx-1rpdtz9-eu0rqz7y3e0buwhdirvfk9jy9/cwx4yqisxzs9wooz2ek1zs1pi.pre-lto.bc
/home/azureuser/IrakIroan/Google_Drive_Backup/Extracted files/mdkamruzzamanirak_gmail_com/Rust_Task_With_Time_Keeping_And_Live_Note/target/debug/incremental/backend-1naxm5nt0araf/s-hmdiweellx-1rpdtz9-eu0rqz7y3e0buwhdirvfk9jy9/9uzo0x5r8k28m88cuilmbzkn6.pre-lto.bc
/home/azureuser/IrakIroan/Google_Drive_Backup/Extracted files/mdkamruzzamanirak_gmail_com/Rust_Task_With_Time_Keeping_And_Live_Note/target/debug/incremental/backend-1naxm5nt0araf/s-hmdiweellx-1rpdtz9-eu0rqz7y3e0buwhdirvfk9jy9/92q7ezvbbqh9vye75xz20vxu4.pre-lto.bc
/home/azureuser/IrakIroan/Google_Drive_Backup/Extracted files/mdkamruzzamanirak_gmail_com/Rust_Task_With_Time_Keeping_And_Live_Note/target/debug/incremental/backend-1naxm5nt0araf/s-hmdiweellx-1rpdtz9-eu0rqz7y3e0buwhdirvfk9jy9/8sw1ml5drk4l7u46prg8z2r3c.pre-lto.bc
/home/azureuser/IrakIroan/Google_Drive_Backup/Extracted files/mdkamruzzamanirak_gmail_com/Rust_Task_With_Time_Keeping_And_Live_Note/target/debug/incremental/backend-1naxm5nt0araf/s-hmdiweellx-1rpdtz9-eu0rqz7y3e0buwhdirvfk9jy9/b7fk74heoegdqleud6aeyhlxt.pre-lto.bc
/home/azureuser/IrakIroan/Google_Drive_Backup/Extracted files/mdkamruzzamanirak_gmail_com/Rust_Task_With_Time_Keeping_And_Live_Note/target/debug/incremental/backend-1naxm5nt0araf/s-hmdiweellx-1rpdtz9-eu0rqz7y3e0buwhdirvfk9jy9/78n9kriymwbzaubqq4woh37pz.pre-lto.bc
/home/azureuser/IrakIroan/Google_Drive_Backup/Extracted files/mdkamruzzamanirak_gmail_com/Rust_Task_With_Time_Keeping_And_Live_Note/target/debug/incremental/backend-1naxm5nt0araf/s-hmdiweellx-1rpdtz9-eu0rqz7y3e0buwhdirvfk9jy9/dxq9709e1ej5du1o5rtewp9uf.pre-lto.bc
/home/azureuser/IrakIroan/Google_Drive_Backup/Extracted files/mdkamruzzamanirak_gmail_com/Rust_Task_With_Time_Keeping_And_Live_Note/target/debug/incremental/backend-1naxm5nt0araf/s-hmdiweellx-1rpdtz9-eu0rqz7y3e0buwhdirvfk9jy9/0fugy9yhu9dhv6nhsj2falvcs.pre-lto.bc
/home/azureuser/IrakIroan/Google_Drive_Backup/Extracted files/mdkamruzzamanirak_gmail_com/Rust_Task_With_Time_Keeping_And_Live_Note/target/debug/incremental/backend-1naxm5nt0araf/s-hmdiweellx-1rpdtz9-eu0rqz7y3e0buwhdirvfk9jy9/56fnwyg0jor02367vmarqipqy.pre-lto.bc
/home/azureuser/IrakIroan/Google_Drive_Backup/Extracted files/mdkamruzzamanirak_gmail_com/Rust_Task_With_Time_Keeping_And_Live_Note/target/debug/incremental/backend-1naxm5nt0araf/s-hmdiweellx-1rpdtz9-eu0rqz7y3e0buwhdirvfk9jy9/0kkyqmp4e8n0m6oq52wxeqld0.pre-lto.bc
/home/azureuser/IrakIroan/Google_Drive_Backup/Extracted files/mdkamruzzamanirak_gmail_com/Rust_Task_With_Time_Keeping_And_Live_Note/target/debug/incremental/backend-1naxm5nt0araf/s-hmdiweellx-1rpdtz9-eu0rqz7y3e0buwhdirvfk9jy9/b5hbm5ieo9hz84yf0tpfemvij.pre-lto.bc
/home/azureuser/IrakIroan/Google_Drive_Backup/Extracted files/mdkamruzzamanirak_gmail_com/Rust_Task_With_Time_Keeping_And_Live_Note/target/debug/incremental/backend-1naxm5nt0araf/s-hmdiweellx-1rpdtz9-eu0rqz7y3e0buwhdirvfk9jy9/c1ie6lvzhffiycynqnhbx64r1.pre-lto.bc
/home/azureuser/IrakIroan/Google_Drive_Backup/Extracted files/mdkamruzzamanirak_gmail_com/Rust_Task_With_Time_Keeping_And_Live_Note/target/debug/incremental/backend-1naxm5nt0araf/s-hmdiweellx-1rpdtz9-eu0rqz7y3e0buwhdirvfk9jy9/46hede67e142tl08waakhybbf.pre-lto.bc
/home/azureuser/IrakIroan/Google_Drive_Backup/Extracted files/mdkamruzzamanirak_gmail_com/Rust_Task_With_Time_Keeping_And_Live_Note/target/debug/incremental/backend-1naxm5nt0araf/s-hmdiweellx-1rpdtz9-eu0rqz7y3e0buwhdirvfk9jy9/29wcuriakr3kmmd119g8ns4zz.pre-lto.bc
/home/azureuser/IrakIroan/Google_Drive_Backup/Extracted files/mdkamruzzamanirak_gmail_com/Rust_Task_With_Time_Keeping_And_Live_Note/target/debug/incremental/backend-1naxm5nt0araf/s-hmdiweellx-1rpdtz9-eu0rqz7y3e0buwhdirvfk9jy9/dyfzrzonvv77sdzbd237t7gbs.pre-lto.bc
/home/azureuser/IrakIroan/Google_Drive_Backup/Extracted files/mdkamruzzamanirak_gmail_com/Rust_Task_With_Time_Keeping_And_Live_Note/target/debug/incremental/backend-1naxm5nt0araf/s-hmdiweellx-1rpdtz9-eu0rqz7y3e0buwhdirvfk9jy9/dlupqp1l97uaghheb71zdw2in.pre-lto.bc
/home/azureuser/IrakIroan/Google_Drive_Backup/Extracted files/mdkamruzzamanirak_gmail_com/Rust_Task_With_Time_Keeping_And_Live_Note/target/debug/incremental/backend-1naxm5nt0araf/s-hmdiweellx-1rpdtz9-eu0rqz7y3e0buwhdirvfk9jy9/40y63j6xgg5n32sn5cjrahcrp.pre-lto.bc
/home/azureuser/IrakIroan/Google_Drive_Backup/Extracted files/mdkamruzzamanirak_gmail_com/Rust_Task_With_Time_Keeping_And_Live_Note/target/debug/incremental/backend-1naxm5nt0araf/s-hmdiweellx-1rpdtz9-eu0rqz7y3e0buwhdirvfk9jy9/7bsd7tb7dovgo06wgalgq3tr7.pre-lto.bc
/home/azureuser/IrakIroan/Google_Drive_Backup/Extracted files/mdkamruzzamanirak_gmail_com/Rust_Task_With_Time_Keeping_And_Live_Note/target/debug/incremental/backend-1naxm5nt0araf/s-hmdiweellx-1rpdtz9-eu0rqz7y3e0buwhdirvfk9jy9/31czr4g05zxnzt95nne4nu9i1.pre-lto.bc
/home/azureuser/IrakIroan/Google_Drive_Backup/Extracted files/mdkamruzzamanirak_gmail_com/Rust_Task_With_Time_Keeping_And_Live_Note/target/debug/incremental/backend-1naxm5nt0araf/s-hmdiweellx-1rpdtz9-eu0rqz7y3e0buwhdirvfk9jy9/dcxw8znjuqw98ss3bx1zjzymu.pre-lto.bc
/home/azureuser/IrakIroan/Google_Drive_Backup/Extracted files/mdkamruzzamanirak_gmail_com/Rust_Task_With_Time_Keeping_And_Live_Note/target/debug/incremental/backend-1naxm5nt0araf/s-hmdiweellx-1rpdtz9-eu0rqz7y3e0buwhdirvfk9jy9/cprwrdhm0xxspofbailx2l218.pre-lto.bc
/home/azureuser/IrakIroan/Google_Drive_Backup/Extracted files/mdkamruzzamanirak_gmail_com/Rust_Task_With_Time_Keeping_And_Live_Note/target/debug/incremental/backend-1naxm5nt0araf/s-hmdiweellx-1rpdtz9-eu0rqz7y3e0buwhdirvfk9jy9/7lu63hdtshfchpy2l2tv89ndv.pre-lto.bc
/home/azureuser/IrakIroan/Google_Drive_Backup/Extracted files/mdkamruzzamanirak_gmail_com/Rust_Task_With_Time_Keeping_And_Live_Note/target/debug/incremental/backend-1naxm5nt0araf/s-hmdiweellx-1rpdtz9-eu0rqz7y3e0buwhdirvfk9jy9/2ek8z5lkgz4jbbml83yfj1txu.pre-lto.bc
/home/azureuser/IrakIroan/Google_Drive_Backup/Extracted files/mdkamruzzamanirak_gmail_com/Rust_Task_With_Time_Keeping_And_Live_Note/target/debug/incremental/backend-1naxm5nt0araf/s-hmdiweellx-1rpdtz9-eu0rqz7y3e0buwhdirvfk9jy9/6m5s6hnc9zt09wc8t2sjxixs9.pre-lto.bc
/home/azureuser/IrakIroan/Google_Drive_Backup/Extracted files/mdkamruzzamanirak_gmail_com/Rust_Task_With_Time_Keeping_And_Live_Note/target/debug/incremental/backend-1naxm5nt0araf/s-hmdiweellx-1rpdtz9-eu0rqz7y3e0buwhdirvfk9jy9/3gjon1ep748ryx92p6yiyn5th.pre-lto.bc
/home/azureuser/IrakIroan/Google_Drive_Backup/Extracted files/mdkamruzzamanirak_gmail_com/Rust_Task_With_Time_Keeping_And_Live_Note/target/debug/incremental/backend-1naxm5nt0araf/s-hmdiweellx-1rpdtz9-eu0rqz7y3e0buwhdirvfk9jy9/20hk221hfv266rcadqk2dz3h8.pre-lto.bc
/home/azureuser/IrakIroan/Google_Drive_Backup/Extracted files/mdkamruzzamanirak_gmail_com/Rust_Task_With_Time_Keeping_And_Live_Note/target/debug/incremental/backend-1naxm5nt0araf/s-hmdiweellx-1rpdtz9-eu0rqz7y3e0buwhdirvfk9jy9/7kvgp9nvt46sllww88hf8sje4.pre-lto.bc
/home/azureuser/IrakIroan/Google_Drive_Backup/Extracted files/mdkamruzzamanirak_gmail_com/Rust_Task_With_Time_Keeping_And_Live_Note/target/debug/incremental/backend-1naxm5nt0araf/s-hmdiweellx-1rpdtz9-eu0rqz7y3e0buwhdirvfk9jy9/9w9bf2ke00znar3qqsjkxnri2.pre-lto.bc
/home/azureuser/IrakIroan/Google_Drive_Backup/Extracted files/mdkamruzzamanirak_gmail_com/Rust_Task_With_Time_Keeping_And_Live_Note/target/debug/incremental/backend-1naxm5nt0araf/s-hmdiweellx-1rpdtz9-eu0rqz7y3e0buwhdirvfk9jy9/4rgictkhu9eu4imuik23abwiu.pre-lto.bc
/home/azureuser/IrakIroan/Google_Drive_Backup/Extracted files/mdkamruzzamanirak_gmail_com/Rust_Task_With_Time_Keeping_And_Live_Note/target/debug/incremental/backend-1naxm5nt0araf/s-hmdiweellx-1rpdtz9-eu0rqz7y3e0buwhdirvfk9jy9/2n3vzmtayewp6fyqzkln18e76.pre-lto.bc
/home/azureuser/IrakIroan/Google_Drive_Backup/Extracted files/mdkamruzzamanirak_gmail_com/Rust_Task_With_Time_Keeping_And_Live_Note/target/debug/incremental/backend-1naxm5nt0araf/s-hmdiweellx-1rpdtz9-eu0rqz7y3e0buwhdirvfk9jy9/5a56cl9atz7h3faz0xg196kir.pre-lto.bc
/home/azureuser/IrakIroan/Google_Drive_Backup/Extracted files/mdkamruzzamanirak_gmail_com/Rust_Task_With_Time_Keeping_And_Live_Note/target/debug/incremental/backend-1naxm5nt0araf/s-hmdiweellx-1rpdtz9-eu0rqz7y3e0buwhdirvfk9jy9/c3921xx9ridl5esrtt2ezpvxs.pre-lto.bc
/home/azureuser/IrakIroan/Google_Drive_Backup/Extracted files/mdkamruzzamanirak_gmail_com/Rust_Task_With_Time_Keeping_And_Live_Note/target/debug/incremental/backend-1naxm5nt0araf/s-hmdiweellx-1rpdtz9-eu0rqz7y3e0buwhdirvfk9jy9/4c26nq9wxy3t7m8sz20t3kqa3.pre-lto.bc
/home/azureuser/IrakIroan/Google_Drive_Backup/Extracted files/mdkamruzzamanirak_gmail_com/Rust_Task_With_Time_Keeping_And_Live_Note/target/debug/incremental/backend-1naxm5nt0araf/s-hmdiweellx-1rpdtz9-eu0rqz7y3e0buwhdirvfk9jy9/7kmk5sp2w8cwnf6vw3dangsnb.pre-lto.bc
/home/azureuser/IrakIroan/Google_Drive_Backup/Extracted files/mdkamruzzamanirak_gmail_com/Rust_Task_With_Time_Keeping_And_Live_Note/target/debug/incremental/backend-1naxm5nt0araf/s-hmdiweellx-1rpdtz9-eu0rqz7y3e0buwhdirvfk9jy9/5re1ku8kojcnxawjm73rjn2kx.pre-lto.bc
/home/azureuser/IrakIroan/Google_Drive_Backup/Extracted files/mdkamruzzamanirak_gmail_com/Rust_Task_With_Time_Keeping_And_Live_Note/target/debug/incremental/backend-1naxm5nt0araf/s-hmdiweellx-1rpdtz9-eu0rqz7y3e0buwhdirvfk9jy9/0ik90d7v188xcftj74tu2l15d.pre-lto.bc
/home/azureuser/IrakIroan/Google_Drive_Backup/Extracted files/mdkamruzzamanirak_gmail_com/Rust_Task_With_Time_Keeping_And_Live_Note/target/debug/incremental/backend-1naxm5nt0araf/s-hmdiweellx-1rpdtz9-eu0rqz7y3e0buwhdirvfk9jy9/85xg6eb2lsqsoc3htoqr2km8y.pre-lto.bc
/home/azureuser/IrakIroan/Google_Drive_Backup/Extracted files/mdkamruzzamanirak_gmail_com/Rust_Task_With_Time_Keeping_And_Live_Note/target/debug/incremental/backend-1naxm5nt0araf/s-hmdiweellx-1rpdtz9-eu0rqz7y3e0buwhdirvfk9jy9/dw5rw2nyf4u6evz59uelm1hqe.pre-lto.bc
/home/azureuser/IrakIroan/Google_Drive_Backup/Extracted files/mdkamruzzamanirak_gmail_com/Rust_Task_With_Time_Keeping_And_Live_Note/target/debug/incremental/backend-1naxm5nt0araf/s-hmdiweellx-1rpdtz9-eu0rqz7y3e0buwhdirvfk9jy9/bq8u8y2cpy0f9arjmkttu7ck9.pre-lto.bc
/home/azureuser/IrakIroan/Google_Drive_Backup/Extracted files/mdkamruzzamanirak_gmail_com/Rust_Task_With_Time_Keeping_And_Live_Note/target/debug/incremental/backend-1naxm5nt0araf/s-hmdiweellx-1rpdtz9-eu0rqz7y3e0buwhdirvfk9jy9/6la9dt19gglfke1d8730cgm5b.pre-lto.bc
/home/azureuser/IrakIroan/Google_Drive_Backup/Extracted files/mdkamruzzamanirak_gmail_com/Rust_Task_With_Time_Keeping_And_Live_Note/target/debug/incremental/backend-1naxm5nt0araf/s-hmdiweellx-1rpdtz9-eu0rqz7y3e0buwhdirvfk9jy9/6lyxwntcqsp3x456thshuruhy.pre-lto.bc
/home/azureuser/IrakIroan/Google_Drive_Backup/Extracted files/mdkamruzzamanirak_gmail_com/Rust_Task_With_Time_Keeping_And_Live_Note/target/debug/incremental/backend-1naxm5nt0araf/s-hmdiweellx-1rpdtz9-eu0rqz7y3e0buwhdirvfk9jy9/56ieqt3cccprl4wlsrnf9u9b0.pre-lto.bc
/home/azureuser/IrakIroan/Google_Drive_Backup/Extracted files/mdkamruzzamanirak_gmail_com/Rust_Task_With_Time_Keeping_And_Live_Note/target/debug/deps/libhkdf-80fecac5cdecc5cc.rlib
/home/azureuser/IrakIroan/Google_Drive_Backup/Extracted files/mdkamruzzamanirak_gmail_com/Rust_Task_With_Time_Keeping_And_Live_Note/target/debug/deps/libhkdf-0da8d08ea1cf1c7b.rlib
/home/azureuser/IrakIroan/Google_Drive_Backup/Extracted files/mdkamruzzamanirak_gmail_com/Rust_Task_With_Time_Keeping_And_Live_Note/target/debug/deps/libhkdf-80fecac5cdecc5cc.rmeta
/home/azureuser/IrakIroan/Google_Drive_Backup/Extracted files/mdkamruzzamanirak_gmail_com/Rust_Task_With_Time_Keeping_And_Live_Note/target/debug/deps/libhkdf-0da8d08ea1cf1c7b.rmeta
/home/azureuser/IrakIroan/Google_Drive_Backup/Extracted files/mdkamruzzamanirak_gmail_com/Rust_Task_With_Time_Keeping_And_Live_Note/target/debug/deps/libhkdf-713662043f120b73.rmeta
/home/azureuser/IrakIroan/Google_Drive_Backup/Extracted files/mdkamruzzamanirak_gmail_com/Rust_Task_With_Time_Keeping_And_Live_Note/target/debug/.fingerprint/thiserror-64f55700adf1898e/lib-thiserror.json
/home/azureuser/IrakIroan/Google_Drive_Backup/Extracted files/mdkamruzzamanirak_gmail_com/Rust_Task_With_Time_Keeping_And_Live_Note/target/debug/.fingerprint/icu_locale_core-a30c71034bb8dc64/lib-icu_locale_core.json
/home/azureuser/IrakIroan/Google_Drive_Backup/Extracted files/mdkamruzzamanirak_gmail_com/Rust_Task_With_Time_Keeping_And_Live_Note/target/debug/.fingerprint/stringprep-64102ba5ba432851/lib-stringprep.json
/home/azureuser/IrakIroan/Google_Drive_Backup/Extracted files/mdkamruzzamanirak_gmail_com/Rust_Task_With_Time_Keeping_And_Live_Note/target/debug/.fingerprint/icu_locale_core-fc6b562a53f2bd3e/lib-icu_locale_core.json
/home/azureuser/IrakIroan/Google_Drive_Backup/Extracted files/mdkamruzzamanirak_gmail_com/Rust_Task_With_Time_Keeping_And_Live_Note/target/debug/.fingerprint/thiserror-6acd606db4904d7e/lib-thiserror.json
/home/azureuser/IrakIroan/Google_Drive_Backup/Extracted files/mdkamruzzamanirak_gmail_com/Rust_Task_With_Time_Keeping_And_Live_Note/target/debug/.fingerprint/icu_locale_core-2182c852ec7766c7/lib-icu_locale_core.json
/home/azureuser/IrakIroan/Google_Drive_Backup/Extracted files/mdkamruzzamanirak_gmail_com/Rust_Task_With_Time_Keeping_And_Live_Note/target/debug/.fingerprint/thiserror-dcd1c8739b0dc639/lib-thiserror.json
/home/azureuser/IrakIroan/Google_Drive_Backup/Extracted files/mdkamruzzamanirak_gmail_com/.pub-cache/hosted/pub.dev/csslib-1.0.2/lib/src/property.dart
/home/azureuser/IrakIroan/Google_Drive_Backup/Extracted files/mdkamruzzamanirak_gmail_com/.pub-cache/hosted/pub.dev/csslib-1.0.2/lib/src/token_kind.dart
/home/azureuser/IrakIroan/Google_Drive_Backup/Extracted files/mdkamruzzamanirak_gmail_com/.pub-cache/hosted/pub.dev/flutter_gallery_assets-1.0.2/lib/fonts/google_fonts/Eczar-SemiBold.ttf
/home/azureuser/IrakIroan/Google_Drive_Backup/Extracted files/mdkamruzzamanirak_gmail_com/.pub-cache/hosted/pub.dev/flutter_gallery_assets-1.0.2/lib/fonts/google_fonts/Eczar-Regular.ttf
/home/azureuser/IrakIroan/Google_Drive_Backup/Extracted files/mdkamruzzamanirak_gmail_com/.pub-cache/hosted/pub.dev/coverage-1.15.1/test/test_files/chrome_precise_report.txt
/home/azureuser/IrakIroan/Google_Drive_Backup/Extracted files/mdkamruzzamanirak_gmail_com/.pub-cache/hosted/pub.dev/archive-3.6.1/test/tests/res/test_100k_files.zip
/home/azureuser/IrakIroan/Google_Drive_Backup/Extracted files/mdkamruzzamanirak_gmail_com/.pub-cache/hosted/pub.dev/vector_math-2.4.0/test/vector4_test.dart
/home/azureuser/IrakIroan/Google_Drive_Backup/Extracted files/mdkamruzzamanirak_gmail_com/.pub-cache/hosted/pub.dev/google_fonts-6.3.3/lib/src/google_fonts_parts/part_n.g.dart
/home/azureuser/IrakIroan/Google_Drive_Backup/Extracted files/mdkamruzzamanirak_gmail_com/.pub-cache/hosted/pub.dev/google_fonts-6.3.3/lib/src/google_fonts_parts/part_r.g.dart
/home/azureuser/IrakIroan/Google_Drive_Backup/Extracted files/mdkamruzzamanirak_gmail_com/.pub-cache/hosted/pub.dev/google_fonts-6.3.3/lib/src/google_fonts_parts/part_t.g.dart
/home/azureuser/IrakIroan/Google_Drive_Backup/Extracted files/mdkamruzzamanirak_gmail_com/.pub-cache/hosted/pub.dev/google_fonts-6.3.3/lib/src/google_fonts_parts/part_b.g.dart
/home/azureuser/IrakIroan/Google_Drive_Backup/Extracted files/mdkamruzzamanirak_gmail_com/.pub-cache/hosted/pub.dev/google_fonts-6.3.3/lib/src/google_fonts_parts/part_a.g.dart
/home/azureuser/IrakIroan/Google_Drive_Backup/Extracted files/mdkamruzzamanirak_gmail_com/.pub-cache/hosted/pub.dev/google_fonts-6.3.3/lib/src/google_fonts_parts/part_k.g.dart
/home/azureuser/IrakIroan/Google_Drive_Backup/Extracted files/mdkamruzzamanirak_gmail_com/.pub-cache/hosted/pub.dev/shared_preferences-2.5.5/extension/devtools/build/canvaskit/wimp.js.symbols
/home/azureuser/IrakIroan/Google_Drive_Backup/Extracted files/mdkamruzzamanirak_gmail_com/.pub-cache/hosted/pub.dev/shared_preferences-2.5.5/extension/devtools/build/canvaskit/skwasm.js.symbols
/home/azureuser/IrakIroan/Google_Drive_Backup/Extracted files/mdkamruzzamanirak_gmail_com/.pub-cache/hosted/pub.dev/shared_preferences-2.5.5/extension/devtools/build/canvaskit/skwasm_heavy.js.symbols
/home/azureuser/IrakIroan/Google_Drive_Backup/Extracted files/mdkamruzzamanirak_gmail_com/.pub-cache/hosted/pub.dev/shared_preferences-2.5.5/extension/devtools/build/canvaskit/chromium/canvaskit.js.symbols
/home/azureuser/IrakIroan/Google_Drive_Backup/Extracted files/mdkamruzzamanirak_gmail_com/.pub-cache/hosted/pub.dev/shared_preferences-2.5.5/extension/devtools/build/canvaskit/canvaskit.js.symbols
/home/azureuser/IrakIroan/Google_Drive_Backup/Extracted files/mdkamruzzamanirak_gmail_com/.pub-cache/hosted/pub.dev/shared_preferences-2.5.5/extension/devtools/build/canvaskit/wimp.wasm
/home/azureuser/IrakIroan/Google_Drive_Backup/Extracted files/mdkamruzzamanirak_gmail_com/.pub-cache/hosted/pub.dev/analyzer-10.1.0/test_results.txt
/home/azureuser/IrakIroan/Google_Drive_Backup/Extracted files/mdkamruzzamanirak_gmail_com/.pub-cache/hosted/pub.dev/analyzer-10.1.0/example/ddd06.exe
/home/azureuser/IrakIroan/Google_Drive_Backup/Extracted files/mdkamruzzamanirak_gmail_com/.pub-cache/hosted/pub.dev/provider-6.1.5+1/extension/devtools/build/canvaskit/skwasm.js.symbols
/home/azureuser/IrakIroan/Google_Drive_Backup/Extracted files/mdkamruzzamanirak_gmail_com/.pub-cache/hosted/pub.dev/provider-6.1.5+1/extension/devtools/build/canvaskit/chromium/canvaskit.js.symbols
/home/azureuser/IrakIroan/Google_Drive_Backup/Extracted files/mdkamruzzamanirak_gmail_com/.pub-cache/hosted/pub.dev/provider-6.1.5+1/extension/devtools/build/canvaskit/canvaskit.js.symbols
/home/azureuser/IrakIroan/Google_Drive_Backup/Extracted files/mdkamruzzamanirak_gmail_com/.pub-cache/hosted/pub.dev/crypto-3.0.7/test/hmac_sha1_test.dart
/home/azureuser/IrakIroan/Google_Drive_Backup/Extracted files/mdkamruzzamanirak_gmail_com/.pub-cache/hosted/pub.dev/crypto-3.0.7/test/hmac_sha256_test.dart
/home/azureuser/IrakIroan/Google_Drive_Backup/Extracted files/mdkamruzzamanirak_gmail_com/.pub-cache/hosted/pub.dev/crypto-3.0.7/test/sha256_test.dart
/home/azureuser/IrakIroan/Google_Drive_Backup/Extracted files/mdkamruzzamanirak_gmail_com/.pub-cache/hosted/pub.dev/crypto-3.0.7/test/hmac_sha2_test.dart
/home/azureuser/IrakIroan/Google_Drive_Backup/Extracted files/mdkamruzzamanirak_gmail_com/.pub-cache/hosted/pub.dev/crypto-3.0.7/test/sha1_test.dart
/home/azureuser/IrakIroan/Google_Drive_Backup/Extracted files/mdkamruzzamanirak_gmail_com/.pub-cache/hosted/pub.dev/crypto-3.0.7/test/hmac_md5_test.dart
/home/azureuser/IrakIroan/Google_Drive_Backup/Extracted files/mdkamruzzamanirak_gmail_com/.pub-cache/hosted/pub.dev/vector_math-2.4.2/test/vector4_test.dart
/home/azureuser/IrakIroan/Google_Drive_Backup/Extracted files/mdkamruzzamanirak_gmail_com/.dartServer/.analysis-driver/45/4590bd14ae4940bee3e435d5e913b460.linked
/home/azureuser/IrakIroan/Google_Drive_Backup/Extracted files/mdkamruzzamanirak_gmail_com/.dartServer/.analysis-driver/e3/e3da0e862ec1dc47576351fe78853ed2.linked
/home/azureuser/IrakIroan/Google_Drive_Backup/Extracted files/mdkamruzzamanirak_gmail_com/kids_tube_with_folder_seection/app/build/outputs/apk/debug/app-debug.apk
/home/azureuser/IrakIroan/Google_Drive_Backup/Extracted files/mdkamruzzamanirak_gmail_com/kids_tube_with_folder_seection/app/build/intermediates/merged_res_blame_folder/debug/mergeDebugResources/out/multi-v2/values-bs.json
/home/azureuser/IrakIroan/Google_Drive_Backup/Extracted files/mdkamruzzamanirak_gmail_com/kids_tube_with_folder_seection/app/build/intermediates/merged_res_blame_folder/debug/mergeDebugResources/out/multi-v2/values-nl.json
/home/azureuser/IrakIroan/Google_Drive_Backup/Extracted files/mdkamruzzamanirak_gmail_com/kids_tube_with_folder_seection/app/build/intermediates/merged_res_blame_folder/debug/mergeDebugResources/out/multi-v2/mergeDebugResources.json
/home/azureuser/IrakIroan/Google_Drive_Backup/Extracted files/mdkamruzzamanirak_gmail_com/kids_tube_with_folder_seection/app/build/intermediates/merged_native_libs/debug/mergeDebugNativeLibs/out/lib/x86_64/libvlc.so
/home/azureuser/IrakIroan/Google_Drive_Backup/Extracted files/mdkamruzzamanirak_gmail_com/kids_tube_with_folder_seection/app/build/intermediates/merged_native_libs/debug/mergeDebugNativeLibs/out/lib/x86_64/libc++_shared.so
/home/azureuser/IrakIroan/Google_Drive_Backup/Extracted files/mdkamruzzamanirak_gmail_com/kids_tube_with_folder_seection/app/build/intermediates/merged_native_libs/debug/mergeDebugNativeLibs/out/lib/arm64-v8a/libvlc.so
/home/azureuser/IrakIroan/Google_Drive_Backup/Extracted files/mdkamruzzamanirak_gmail_com/kids_tube_with_folder_seection/app/build/intermediates/merged_native_libs/debug/mergeDebugNativeLibs/out/lib/arm64-v8a/libc++_shared.so
/home/azureuser/IrakIroan/Google_Drive_Backup/Extracted files/mdkamruzzamanirak_gmail_com/kids_tube_with_folder_seection/app/build/intermediates/merged_native_libs/debug/mergeDebugNativeLibs/out/lib/armeabi-v7a/libvlc.so
/home/azureuser/IrakIroan/Google_Drive_Backup/Extracted files/mdkamruzzamanirak_gmail_com/kids_tube_with_folder_seection/app/build/intermediates/merged_native_libs/debug/mergeDebugNativeLibs/out/lib/x86/libvlc.so
/home/azureuser/IrakIroan/Google_Drive_Backup/Extracted files/mdkamruzzamanirak_gmail_com/kids_tube_with_folder_seection/app/build/intermediates/stripped_native_libs/debug/stripDebugDebugSymbols/out/lib/x86_64/libvlc.so
/home/azureuser/IrakIroan/Google_Drive_Backup/Extracted files/mdkamruzzamanirak_gmail_com/kids_tube_with_folder_seection/app/build/intermediates/stripped_native_libs/debug/stripDebugDebugSymbols/out/lib/x86_64/libc++_shared.so
/home/azureuser/IrakIroan/Google_Drive_Backup/Extracted files/mdkamruzzamanirak_gmail_com/kids_tube_with_folder_seection/app/build/intermediates/stripped_native_libs/debug/stripDebugDebugSymbols/out/lib/arm64-v8a/libvlc.so
/home/azureuser/IrakIroan/Google_Drive_Backup/Extracted files/mdkamruzzamanirak_gmail_com/kids_tube_with_folder_seection/app/build/intermediates/stripped_native_libs/debug/stripDebugDebugSymbols/out/lib/arm64-v8a/libc++_shared.so
/home/azureuser/IrakIroan/Google_Drive_Backup/Extracted files/mdkamruzzamanirak_gmail_com/kids_tube_with_folder_seection/app/build/intermediates/stripped_native_libs/debug/stripDebugDebugSymbols/out/lib/armeabi-v7a/libvlc.so
/home/azureuser/IrakIroan/Google_Drive_Backup/Extracted files/mdkamruzzamanirak_gmail_com/kids_tube_with_folder_seection/app/build/intermediates/stripped_native_libs/debug/stripDebugDebugSymbols/out/lib/x86/libvlc.so
/home/azureuser/IrakIroan/Google_Drive_Backup/Extracted files/mdkamruzzamanirak_gmail_com/kids_tube_with_folder_seection/app/build/intermediates/dex/debug/mergeExtDexDebug/classes2.dex
/home/azureuser/IrakIroan/Google_Drive_Backup/Extracted files/mdkamruzzamanirak_gmail_com/kids_tube_with_folder_seection/app/build/intermediates/dex/debug/mergeExtDexDebug/classes3.dex
/home/azureuser/IrakIroan/Google_Drive_Backup/Extracted files/mdkamruzzamanirak_gmail_com/kids_tube_with_folder_seection/app/build/intermediates/incremental/debug-mergeJavaRes/zip-cache/3t34mK8RPVjc_4elo5Mt2w==
/home/azureuser/IrakIroan/Google_Drive_Backup/Extracted files/mdkamruzzamanirak_gmail_com/kids_tube_with_folder_seection/app/build/intermediates/incremental/debug-mergeJavaRes/zip-cache/ca3hHgdYThKw7NM06tKZTw==
/home/azureuser/IrakIroan/Google_Drive_Backup/Extracted files/mdkamruzzamanirak_gmail_com/kids_tube_with_folder_seection/app/build/intermediates/incremental/debug-mergeJavaRes/zip-cache/lCwkEfX7L7fE3qhSXmNvnw==
/home/azureuser/IrakIroan/Google_Drive_Backup/Extracted files/mdkamruzzamanirak_gmail_com/kids_tube_with_folder_seection/app/build/intermediates/incremental/debug-mergeJavaRes/zip-cache/EA1pX51qxzo9Pzcthjo6CQ==
/home/azureuser/IrakIroan/Google_Drive_Backup/Extracted files/mdkamruzzamanirak_gmail_com/kids_tube_with_folder_seection/app/build/intermediates/incremental/debug-mergeJavaRes/zip-cache/wW4Oc9NNOXmNrgvKagQTUQ==
/home/azureuser/IrakIroan/Google_Drive_Backup/Extracted files/mdkamruzzamanirak_gmail_com/kids_tube_with_folder_seection/app/build/intermediates/incremental/debug-mergeJavaRes/zip-cache/D81wHKoOZ9DekH1BS1i2Vg==
/home/azureuser/IrakIroan/Google_Drive_Backup/Extracted files/mdkamruzzamanirak_gmail_com/kids_tube_with_folder_seection/app/build/intermediates/incremental/debug-mergeJavaRes/zip-cache/AeoWuDQAkdJK9tA42Oddzw==
/home/azureuser/IrakIroan/Google_Drive_Backup/Extracted files/mdkamruzzamanirak_gmail_com/kids_tube_with_folder_seection/app/build/intermediates/incremental/debug-mergeJavaRes/zip-cache/fZ3yLRt+Ix4Hzo+7h2DObA==
/home/azureuser/IrakIroan/Google_Drive_Backup/Extracted files/mdkamruzzamanirak_gmail_com/kids_tube_with_folder_seection/app/build/intermediates/incremental/debug-mergeJavaRes/zip-cache/IOBzJbEHrhFMFmRNEHN5ig==
/home/azureuser/IrakIroan/Google_Drive_Backup/Extracted files/mdkamruzzamanirak_gmail_com/kids_tube_with_folder_seection/app/build/intermediates/incremental/debug-mergeJavaRes/zip-cache/D2weQJhzIKatebkCFyWtrQ==
/home/azureuser/IrakIroan/Google_Drive_Backup/Extracted files/mdkamruzzamanirak_gmail_com/kids_tube_with_folder_seection/app/build/intermediates/incremental/debug-mergeJavaRes/zip-cache/yXRsylgwnLinwq2IWLCYOA==
/home/azureuser/IrakIroan/Google_Drive_Backup/Extracted files/mdkamruzzamanirak_gmail_com/kids_tube_with_folder_seection/app/build/intermediates/incremental/debug-mergeJavaRes/zip-cache/F831QPXP9EytWNEZTIHxew==
/home/azureuser/IrakIroan/Google_Drive_Backup/Extracted files/mdkamruzzamanirak_gmail_com/kids_tube_with_folder_seection/app/build/intermediates/incremental/debug-mergeJavaRes/zip-cache/nFiqDz27N9y2HDDS_qEWDA==
/home/azureuser/IrakIroan/Google_Drive_Backup/Extracted files/mdkamruzzamanirak_gmail_com/kids_tube_with_folder_seection/app/build/intermediates/incremental/debug-mergeJavaRes/zip-cache/Mb0wXEEPnDEbEOICO+59lQ==
/home/azureuser/IrakIroan/Google_Drive_Backup/Extracted files/mdkamruzzamanirak_gmail_com/kids_tube_with_folder_seection/app/build/intermediates/incremental/debug-mergeJavaRes/zip-cache/JC_ab6uUFfKx56wGZwiSdg==
/home/azureuser/IrakIroan/Google_Drive_Backup/Extracted files/mdkamruzzamanirak_gmail_com/kids_tube_with_folder_seection/app/build/intermediates/incremental/debug-mergeJavaRes/zip-cache/alz4NG48BCw61rJgViBH0Q==
/home/azureuser/IrakIroan/Google_Drive_Backup/Extracted files/mdkamruzzamanirak_gmail_com/kids_tube_with_folder_seection/app/build/intermediates/incremental/debug-mergeJavaRes/zip-cache/lpCLsdjIwhiHg5LGIT8mZg==
/home/azureuser/IrakIroan/Google_Drive_Backup/Extracted files/mdkamruzzamanirak_gmail_com/kids_tube_with_folder_seection/app/build/intermediates/incremental/debug-mergeJavaRes/zip-cache/ZM8UODmHRmPWgAgox9PlKg==
/home/azureuser/IrakIroan/Google_Drive_Backup/Extracted files/mdkamruzzamanirak_gmail_com/kids_tube_with_folder_seection/app/build/intermediates/incremental/debug-mergeJavaRes/zip-cache/PX9MUMpUUIAC0amLLrU7aw==
/home/azureuser/IrakIroan/Google_Drive_Backup/Extracted files/mdkamruzzamanirak_gmail_com/kids_tube_with_folder_seection/app/build/intermediates/incremental/debug-mergeJavaRes/zip-cache/0eYgcCgieeBA6hQge_CKqg==
/home/azureuser/IrakIroan/Google_Drive_Backup/Extracted files/mdkamruzzamanirak_gmail_com/kids_tube_with_folder_seection/app/build/intermediates/incremental/debug-mergeJavaRes/zip-cache/HrqK8e5QwIUdVPa+1rYZOQ==
/home/azureuser/IrakIroan/Google_Drive_Backup/Extracted files/mdkamruzzamanirak_gmail_com/kids_tube_with_folder_seection/app/build/intermediates/incremental/debug-mergeJavaRes/zip-cache/IWXEp3xbhMWocF3ui+sePQ==
/home/azureuser/IrakIroan/Google_Drive_Backup/Extracted files/mdkamruzzamanirak_gmail_com/kids_tube_with_folder_seection/app/build/intermediates/incremental/debug-mergeJavaRes/zip-cache/HVAAPuin4x4KduRLj3UIfg==
/home/azureuser/IrakIroan/Google_Drive_Backup/Extracted files/mdkamruzzamanirak_gmail_com/kids_tube_with_folder_seection/app/build/intermediates/incremental/debug-mergeJavaRes/zip-cache/wyg1yGnCHWX6VVVGyMduxA==
/home/azureuser/IrakIroan/Google_Drive_Backup/Extracted files/mdkamruzzamanirak_gmail_com/kids_tube_with_folder_seection/app/build/kspCaches/debug/classpath-structure.bin
/home/azureuser/IrakIroan/Google_Drive_Backup/Extracted files/mdkamruzzamanirak_gmail_com/kids_tube_with_folder_seection/app/build/kspCaches/debug/classpath-entries.bin
/home/azureuser/IrakIroan/Google_Drive_Backup/Extracted files/mdkamruzzamanirak_gmail_com/kids_tube_with_folder_seection/.gradle/9.3.1/executionHistory/executionHistory.bin
/home/azureuser/IrakIroan/Google_Drive_Backup/Extracted files/mdkamruzzamanirak_gmail_com/Frappe-erp-Alco/myCustomFolder/Alco-Ecommerce/SourceCodes/Backend/EmployeesPage.txt
/home/azureuser/IrakIroan/Google_Drive_Backup/Extracted files/mdkamruzzamanirak_gmail_com/Frappe-erp-Alco/myCustomFolder/Alco-Ecommerce/SourceCodes/Backend/CustomersPage.txt
/home/azureuser/IrakIroan/Google_Drive_Backup/Extracted files/mdkamruzzamanirak_gmail_com/DATABASE_BACKUPS_VAULT/gcp_frappe_mariadb.sql
/home/azureuser/IrakIroan/Google_Drive_Backup/Extracted files/mdkamruzzamanirak_gmail_com/frappe-bench/apps/erpnext/erpnext/public/images/bank-logos/RBL_Bank.svg
/home/azureuser/IrakIroan/Google_Drive_Backup/Extracted files/mdkamruzzamanirak_gmail_com/frappe-bench/apps/erpnext/erpnext/crm/dashboard_chart/territory_wise_sales/territory_wise_sales.json
/home/azureuser/IrakIroan/Google_Drive_Backup/Extracted files/mdkamruzzamanirak_gmail_com/frappe-bench/apps/erpnext/erpnext/accounts/doctype/account/chart_of_accounts/verified/au_standard_chart_of_accounts.json
/home/azureuser/IrakIroan/Google_Drive_Backup/Extracted files/mdkamruzzamanirak_gmail_com/frappe-bench/env/lib/python3.14/site-packages/chardet/euctwfreq.py
/home/azureuser/IrakIroan/Google_Drive_Backup/Extracted files/mdkamruzzamanirak_gmail_com/frappe-bench/env/lib/python3.14/site-packages/httplib2/cacerts.txt
/home/azureuser/IrakIroan/Google_Drive_Backup/Extracted files/mdkamruzzamanirak_gmail_com/frappe-bench/env/lib/python3.14/site-packages/holidays/financial/european_central_bank.py
/home/azureuser/IrakIroan/Google_Drive_Backup/Extracted files/mdkamruzzamanirak_gmail_com/frappe-bench/env/lib/python3.14/site-packages/holidays/countries/montserrat.py
/home/azureuser/IrakIroan/Google_Drive_Backup/Extracted files/mdkamruzzamanirak_gmail_com/frappe-bench/env/lib/python3.14/site-packages/holidays/countries/bhutan.py
/home/azureuser/IrakIroan/Google_Drive_Backup/Extracted files/mdkamruzzamanirak_gmail_com/frappe-bench/env/lib/python3.14/site-packages/holidays/countries/zambia.py
/home/azureuser/IrakIroan/Google_Drive_Backup/Extracted files/mdkamruzzamanirak_gmail_com/frappe-bench/env/lib/python3.14/site-packages/holidays/countries/sri_lanka.py
/home/azureuser/IrakIroan/Google_Drive_Backup/Extracted files/mdkamruzzamanirak_gmail_com/frappe-bench/env/lib/python3.14/site-packages/_duckdb.cpython-314-x86_64-linux-gnu.so
/home/azureuser/IrakIroan/Google_Drive_Backup/Extracted files/mdkamruzzamanirak_gmail_com/frappe-bench/env/lib/python3.14/site-packages/prompt_toolkit/styles/named_colors.py
/home/azureuser/IrakIroan/Google_Drive_Backup/Extracted files/mdkamruzzamanirak_gmail_com/frappe-bench/env/lib/python3.14/site-packages/PIL/__pycache__/ImageColor.cpython-314.pyc
/home/azureuser/IrakIroan/Google_Drive_Backup/Extracted files/mdkamruzzamanirak_gmail_com/frappe-bench/env/lib/python3.14/site-packages/PIL/ImageColor.py
/home/azureuser/IrakIroan/Google_Drive_Backup/Extracted files/mdkamruzzamanirak_gmail_com/frappe-bench/env/lib/python3.14/site-packages/phonenumbers/geodata/data27.py
/home/azureuser/IrakIroan/Google_Drive_Backup/Extracted files/mdkamruzzamanirak_gmail_com/frappe-bench/env/lib/python3.14/site-packages/phonenumbers/geodata/data4.py
/home/azureuser/IrakIroan/Google_Drive_Backup/Extracted files/mdkamruzzamanirak_gmail_com/frappe-bench/env/lib/python3.14/site-packages/phonenumbers/geodata/data1.py
/home/azureuser/IrakIroan/Google_Drive_Backup/Extracted files/mdkamruzzamanirak_gmail_com/frappe-bench/env/lib/python3.14/site-packages/phonenumbers/geodata/data24.py
/home/azureuser/IrakIroan/Google_Drive_Backup/Extracted files/mdkamruzzamanirak_gmail_com/frappe-bench/env/lib/python3.14/site-packages/phonenumbers/geodata/data16.py
/home/azureuser/IrakIroan/Google_Drive_Backup/Extracted files/mdkamruzzamanirak_gmail_com/frappe-bench/env/lib/python3.14/site-packages/phonenumbers/geodata/data13.py
/home/azureuser/IrakIroan/Google_Drive_Backup/Extracted files/mdkamruzzamanirak_gmail_com/frappe-bench/env/lib/python3.14/site-packages/phonenumbers/geodata/data15.py
/home/azureuser/IrakIroan/Google_Drive_Backup/Extracted files/mdkamruzzamanirak_gmail_com/frappe-bench/env/lib/python3.14/site-packages/phonenumbers/geodata/data22.py
/home/azureuser/IrakIroan/Google_Drive_Backup/Extracted files/mdkamruzzamanirak_gmail_com/frappe-bench/env/lib/python3.14/site-packages/phonenumbers/geodata/data7.py
/home/azureuser/IrakIroan/Google_Drive_Backup/Extracted files/mdkamruzzamanirak_gmail_com/frappe-bench/env/lib/python3.14/site-packages/phonenumbers/geodata/data14.py
/home/azureuser/IrakIroan/Google_Drive_Backup/Extracted files/mdkamruzzamanirak_gmail_com/frappe-bench/env/lib/python3.14/site-packages/phonenumbers/geodata/data12.py
/home/azureuser/IrakIroan/Google_Drive_Backup/Extracted files/mdkamruzzamanirak_gmail_com/frappe-bench/env/lib/python3.14/site-packages/phonenumbers/geodata/data10.py
/home/azureuser/IrakIroan/Google_Drive_Backup/Extracted files/mdkamruzzamanirak_gmail_com/frappe-bench/env/lib/python3.14/site-packages/phonenumbers/geodata/data11.py
/home/azureuser/IrakIroan/Google_Drive_Backup/Extracted files/mdkamruzzamanirak_gmail_com/frappe-bench/env/lib/python3.14/site-packages/phonenumbers/geodata/data23.py
/home/azureuser/IrakIroan/Google_Drive_Backup/Extracted files/mdkamruzzamanirak_gmail_com/frappe-bench/env/lib/python3.14/site-packages/phonenumbers/geodata/data26.py
/home/azureuser/IrakIroan/Google_Drive_Backup/Extracted files/mdkamruzzamanirak_gmail_com/frappe-bench/env/lib/python3.14/site-packages/phonenumbers/geodata/data20.py
/home/azureuser/IrakIroan/Google_Drive_Backup/Extracted files/mdkamruzzamanirak_gmail_com/frappe-bench/env/lib/python3.14/site-packages/phonenumbers/geodata/data25.py
/home/azureuser/IrakIroan/Google_Drive_Backup/Extracted files/mdkamruzzamanirak_gmail_com/frappe-bench/env/lib/python3.14/site-packages/phonenumbers/geodata/data9.py
/home/azureuser/IrakIroan/Google_Drive_Backup/Extracted files/mdkamruzzamanirak_gmail_com/frappe-bench/env/lib/python3.14/site-packages/phonenumbers/geodata/data18.py
/home/azureuser/IrakIroan/Google_Drive_Backup/Extracted files/mdkamruzzamanirak_gmail_com/frappe-bench/env/lib/python3.14/site-packages/phonenumbers/geodata/data3.py
/home/azureuser/IrakIroan/Google_Drive_Backup/Extracted files/mdkamruzzamanirak_gmail_com/frappe-bench/env/lib/python3.14/site-packages/phonenumbers/geodata/data8.py
/home/azureuser/IrakIroan/Google_Drive_Backup/Extracted files/mdkamruzzamanirak_gmail_com/frappe-bench/env/lib/python3.14/site-packages/phonenumbers/carrierdata/data2.py
/home/azureuser/IrakIroan/Google_Drive_Backup/Extracted files/mdkamruzzamanirak_gmail_com/frappe-bench/env/lib/python3.14/site-packages/lxml/etree.cpython-314-x86_64-linux-gnu.so
/home/azureuser/IrakIroan/Google_Drive_Backup/Extracted files/mdkamruzzamanirak_gmail_com/frappe-bench/env/lib/python3.14/site-packages/lxml/objectify.cpython-314-x86_64-linux-gnu.so
/home/azureuser/IrakIroan/Google_Drive_Backup/Extracted files/mdkamruzzamanirak_gmail_com/frappe-bench/env/lib/python3.14/site-packages/pypdfium2_raw/libpdfium.so
/home/azureuser/IrakIroan/Google_Drive_Backup/Extracted files/mdkamruzzamanirak_gmail_com/frappe-bench/env/lib/python3.14/site-packages/nh3/nh3.abi3.so
/home/azureuser/IrakIroan/Google_Drive_Backup/Extracted files/mdkamruzzamanirak_gmail_com/frappe-bench/env/lib/python3.14/site-packages/certifi/cacert.pem
/home/azureuser/IrakIroan/Google_Drive_Backup/Extracted files/mdkamruzzamanirak_gmail_com/frappe-bench/env/lib/python3.14/site-packages/pip/_vendor/certifi/cacert.pem
/home/azureuser/IrakIroan/Google_Drive_Backup/Extracted files/mdkamruzzamanirak_gmail_com/frappe-bench/env/lib/python3.14/site-packages/zxcvbn/frequency_lists.py
/home/azureuser/IrakIroan/Google_Drive_Backup/Extracted files/mdkamruzzamanirak_gmail_com/frappe-bench/env/lib/python3.14/site-packages/sqlglot/diff.py
/home/azureuser/IrakIroan/Google_Drive_Backup/Extracted files/mdkamruzzamanirak_gmail_com/frappe-bench/env/lib/python3.14/site-packages/sqlglot/__pycache__/diff.cpython-314.pyc
/home/azureuser/IrakIroan/Google_Drive_Backup/Extracted files/mdkamruzzamanirak_gmail_com/frappe-bench/env/lib/python3.14/site-packages/stdnum/cz/banks.dat
/home/azureuser/IrakIroan/Google_Drive_Backup/Extracted files/mdkamruzzamanirak_gmail_com/frappe-bench/env/lib/python3.14/site-packages/stdnum/do/cedula.py
/home/azureuser/IrakIroan/Google_Drive_Backup/Extracted files/mdkamruzzamanirak_gmail_com/frappe-bench/env/lib/python3.14/site-packages/stdnum/oui.dat
/home/azureuser/IrakIroan/Google_Drive_Backup/Extracted files/mdkamruzzamanirak_gmail_com/frappe-bench/env/lib/python3.14/site-packages/pyarrow/libarrow.so.2500
/home/azureuser/IrakIroan/Google_Drive_Backup/Extracted files/mdkamruzzamanirak_gmail_com/frappe-bench/env/lib/python3.14/site-packages/pyarrow/libarrow_compute.so.2500
/home/azureuser/IrakIroan/Google_Drive_Backup/Extracted files/mdkamruzzamanirak_gmail_com/frappe-bench/env/lib/python3.14/site-packages/pyarrow/libarrow_flight.so.2500
/home/azureuser/IrakIroan/Google_Drive_Backup/Extracted files/mdkamruzzamanirak_gmail_com/.android/cache/sdkbin-1_b743781d-repository2-2_xml
/home/azureuser/IrakIroan/Google_Drive_Backup/Extracted files/mdkamruzzamanirak_gmail_com/.android/cache/sdkbin-1_b7518f9e-repository2-3_xml
/home/azureuser/IrakIroan/Google_Drive_Backup/Extracted files/mdkamruzzamanirak_gmail_com/.android/cache/sdkbin-1_c45a1453-sys-img2-4_xml
/home/azureuser/IrakIroan/Google_Drive_Backup/Extracted files/mdkamruzzamanirak_gmail_com/.android/cache/sdkbin-1_c44bfcd2-sys-img2-3_xml
/home/azureuser/IrakIroan/Google_Drive_Backup/Extracted files/mdkamruzzamanirak_gmail_com/.cloakbrowser/chromium-146.0.7680.177.5/libvulkan.so.1
/home/azureuser/IrakIroan/Google_Drive_Backup/Extracted files/mdkamruzzamanirak_gmail_com/.cloakbrowser/chromium-146.0.7680.177.5/chromedriver
/home/azureuser/IrakIroan/Google_Drive_Backup/Extracted files/mdkamruzzamanirak_gmail_com/.cloakbrowser/chromium-146.0.7680.177.5/libGLESv2.so
/home/azureuser/IrakIroan/Google_Drive_Backup/Extracted files/mdkamruzzamanirak_gmail_com/.cloakbrowser/chromium-146.0.7680.177.5/locales/ja.pak.info
/home/azureuser/IrakIroan/Google_Drive_Backup/Extracted files/mdkamruzzamanirak_gmail_com/.cloakbrowser/chromium-146.0.7680.177.5/locales/es.pak.info
/home/azureuser/IrakIroan/Google_Drive_Backup/Extracted files/mdkamruzzamanirak_gmail_com/.cloakbrowser/chromium-146.0.7680.177.5/locales/am.pak.info
/home/azureuser/IrakIroan/Google_Drive_Backup/Extracted files/mdkamruzzamanirak_gmail_com/.cloakbrowser/chromium-146.0.7680.177.5/locales/vi.pak.info
/home/azureuser/IrakIroan/Google_Drive_Backup/Extracted files/mdkamruzzamanirak_gmail_com/.cloakbrowser/chromium-146.0.7680.177.5/locales/mn.pak.info
/home/azureuser/IrakIroan/Google_Drive_Backup/Extracted files/mdkamruzzamanirak_gmail_com/.cloakbrowser/chromium-146.0.7680.177.5/locales/ar.pak.info
/home/azureuser/IrakIroan/Google_Drive_Backup/Extracted files/mdkamruzzamanirak_gmail_com/.cloakbrowser/chromium-146.0.7680.177.5/locales/et.pak.info
/home/azureuser/IrakIroan/Google_Drive_Backup/Extracted files/mdkamruzzamanirak_gmail_com/.cloakbrowser/chromium-146.0.7680.177.5/locales/mk.pak.info
/home/azureuser/IrakIroan/Google_Drive_Backup/Extracted files/mdkamruzzamanirak_gmail_com/.cloakbrowser/chromium-146.0.7680.177.5/locales/mr.pak.info
/home/azureuser/IrakIroan/Google_Drive_Backup/Extracted files/mdkamruzzamanirak_gmail_com/.cloakbrowser/chromium-146.0.7680.177.5/locales/ne.pak.info
/home/azureuser/IrakIroan/Google_Drive_Backup/Extracted files/mdkamruzzamanirak_gmail_com/.cloakbrowser/chromium-146.0.7680.177.5/locales/he.pak.info
/home/azureuser/IrakIroan/Google_Drive_Backup/Extracted files/mdkamruzzamanirak_gmail_com/.cloakbrowser/chromium-146.0.7680.177.5/locales/pt-PT.pak.info
/home/azureuser/IrakIroan/Google_Drive_Backup/Extracted files/mdkamruzzamanirak_gmail_com/.cloakbrowser/chromium-146.0.7680.177.5/locales/el.pak.info
/home/azureuser/IrakIroan/Google_Drive_Backup/Extracted files/mdkamruzzamanirak_gmail_com/.cloakbrowser/chromium-146.0.7680.177.5/locales/en-GB.pak.info
/home/azureuser/IrakIroan/Google_Drive_Backup/Extracted files/mdkamruzzamanirak_gmail_com/.cloakbrowser/chromium-146.0.7680.177.5/locales/gu.pak.info
/home/azureuser/IrakIroan/Google_Drive_Backup/Extracted files/mdkamruzzamanirak_gmail_com/.cloakbrowser/chromium-146.0.7680.177.5/locales/bs.pak.info
/home/azureuser/IrakIroan/Google_Drive_Backup/Extracted files/mdkamruzzamanirak_gmail_com/.cloakbrowser/chromium-146.0.7680.177.5/locales/az.pak.info
/home/azureuser/IrakIroan/Google_Drive_Backup/Extracted files/mdkamruzzamanirak_gmail_com/.cloakbrowser/chromium-146.0.7680.177.5/locales/ka.pak.info
/home/azureuser/IrakIroan/Google_Drive_Backup/Extracted files/mdkamruzzamanirak_gmail_com/.cloakbrowser/chromium-146.0.7680.177.5/locales/da.pak.info
/home/azureuser/IrakIroan/Google_Drive_Backup/Extracted files/mdkamruzzamanirak_gmail_com/.cloakbrowser/chromium-146.0.7680.177.5/locales/nb.pak.info
/home/azureuser/IrakIroan/Google_Drive_Backup/Extracted files/mdkamruzzamanirak_gmail_com/.cloakbrowser/chromium-146.0.7680.177.5/locales/ca.pak.info
/home/azureuser/IrakIroan/Google_Drive_Backup/Extracted files/mdkamruzzamanirak_gmail_com/.cloakbrowser/chromium-146.0.7680.177.5/locales/kn.pak.info
/home/azureuser/IrakIroan/Google_Drive_Backup/Extracted files/mdkamruzzamanirak_gmail_com/.cloakbrowser/chromium-146.0.7680.177.5/locales/hy.pak.info
/home/azureuser/IrakIroan/Google_Drive_Backup/Extracted files/mdkamruzzamanirak_gmail_com/.cloakbrowser/chromium-146.0.7680.177.5/locales/ro.pak.info
/home/azureuser/IrakIroan/Google_Drive_Backup/Extracted files/mdkamruzzamanirak_gmail_com/.cloakbrowser/chromium-146.0.7680.177.5/locales/km.pak.info
/home/azureuser/IrakIroan/Google_Drive_Backup/Extracted files/mdkamruzzamanirak_gmail_com/.cloakbrowser/chromium-146.0.7680.177.5/locales/ur.pak.info
/home/azureuser/IrakIroan/Google_Drive_Backup/Extracted files/mdkamruzzamanirak_gmail_com/.cloakbrowser/chromium-146.0.7680.177.5/locales/de.pak.info
/home/azureuser/IrakIroan/Google_Drive_Backup/Extracted files/mdkamruzzamanirak_gmail_com/.cloakbrowser/chromium-146.0.7680.177.5/locales/lo.pak.info
/home/azureuser/IrakIroan/Google_Drive_Backup/Extracted files/mdkamruzzamanirak_gmail_com/.cloakbrowser/chromium-146.0.7680.177.5/locales/nl.pak.info
/home/azureuser/IrakIroan/Google_Drive_Backup/Extracted files/mdkamruzzamanirak_gmail_com/.cloakbrowser/chromium-146.0.7680.177.5/locales/bn.pak.info
/home/azureuser/IrakIroan/Google_Drive_Backup/Extracted files/mdkamruzzamanirak_gmail_com/.cloakbrowser/chromium-146.0.7680.177.5/locales/fa.pak.info
/home/azureuser/IrakIroan/Google_Drive_Backup/Extracted files/mdkamruzzamanirak_gmail_com/.cloakbrowser/chromium-146.0.7680.177.5/locales/pt-BR.pak.info
/home/azureuser/IrakIroan/Google_Drive_Backup/Extracted files/mdkamruzzamanirak_gmail_com/.cloakbrowser/chromium-146.0.7680.177.5/locales/ko.pak.info
/home/azureuser/IrakIroan/Google_Drive_Backup/Extracted files/mdkamruzzamanirak_gmail_com/.cloakbrowser/chromium-146.0.7680.177.5/locales/en-US.pak.info
/home/azureuser/IrakIroan/Google_Drive_Backup/Extracted files/mdkamruzzamanirak_gmail_com/.cloakbrowser/chromium-146.0.7680.177.5/locales/tr.pak.info
/home/azureuser/IrakIroan/Google_Drive_Backup/Extracted files/mdkamruzzamanirak_gmail_com/.cloakbrowser/chromium-146.0.7680.177.5/locales/be.pak.info
/home/azureuser/IrakIroan/Google_Drive_Backup/Extracted files/mdkamruzzamanirak_gmail_com/.cloakbrowser/chromium-146.0.7680.177.5/locales/pa.pak.info
/home/azureuser/IrakIroan/Google_Drive_Backup/Extracted files/mdkamruzzamanirak_gmail_com/.cloakbrowser/chromium-146.0.7680.177.5/locales/af.pak.info
/home/azureuser/IrakIroan/Google_Drive_Backup/Extracted files/mdkamruzzamanirak_gmail_com/.cloakbrowser/chromium-146.0.7680.177.5/locales/te.pak.info
/home/azureuser/IrakIroan/Google_Drive_Backup/Extracted files/mdkamruzzamanirak_gmail_com/.cloakbrowser/chromium-146.0.7680.177.5/locales/kk.pak.info
/home/azureuser/IrakIroan/Google_Drive_Backup/Extracted files/mdkamruzzamanirak_gmail_com/.cloakbrowser/chromium-146.0.7680.177.5/locales/ml.pak.info
/home/azureuser/IrakIroan/Google_Drive_Backup/Extracted files/mdkamruzzamanirak_gmail_com/.cloakbrowser/chromium-146.0.7680.177.5/locales/lt.pak.info
/home/azureuser/IrakIroan/Google_Drive_Backup/Extracted files/mdkamruzzamanirak_gmail_com/.cloakbrowser/chromium-146.0.7680.177.5/locales/hi.pak.info
/home/azureuser/IrakIroan/Google_Drive_Backup/Extracted files/mdkamruzzamanirak_gmail_com/.cloakbrowser/chromium-146.0.7680.177.5/locales/bg.pak.info
/home/azureuser/IrakIroan/Google_Drive_Backup/Extracted files/mdkamruzzamanirak_gmail_com/.cloakbrowser/chromium-146.0.7680.177.5/locales/ky.pak.info
/home/azureuser/IrakIroan/Google_Drive_Backup/Extracted files/mdkamruzzamanirak_gmail_com/.cloakbrowser/chromium-146.0.7680.177.5/locales/ta.pak.info
/home/azureuser/IrakIroan/Google_Drive_Backup/Extracted files/mdkamruzzamanirak_gmail_com/.cloakbrowser/chromium-146.0.7680.177.5/locales/zh-HK.pak.info
/home/azureuser/IrakIroan/Google_Drive_Backup/Extracted files/mdkamruzzamanirak_gmail_com/.cloakbrowser/chromium-146.0.7680.177.5/locales/sl.pak.info
/home/azureuser/IrakIroan/Google_Drive_Backup/Extracted files/mdkamruzzamanirak_gmail_com/.cloakbrowser/chromium-146.0.7680.177.5/locales/cy.pak.info
/home/azureuser/IrakIroan/Google_Drive_Backup/Extracted files/mdkamruzzamanirak_gmail_com/.cloakbrowser/chromium-146.0.7680.177.5/locales/zh-CN.pak.info
/home/azureuser/IrakIroan/Google_Drive_Backup/Extracted files/mdkamruzzamanirak_gmail_com/.cloakbrowser/chromium-146.0.7680.177.5/locales/fr.pak.info
/home/azureuser/IrakIroan/Google_Drive_Backup/Extracted files/mdkamruzzamanirak_gmail_com/.cloakbrowser/chromium-146.0.7680.177.5/locales/is.pak.info
/home/azureuser/IrakIroan/Google_Drive_Backup/Extracted files/mdkamruzzamanirak_gmail_com/.cloakbrowser/chromium-146.0.7680.177.5/locales/gl.pak.info
/home/azureuser/IrakIroan/Google_Drive_Backup/Extracted files/mdkamruzzamanirak_gmail_com/.cloakbrowser/chromium-146.0.7680.177.5/locales/fil.pak.info
/home/azureuser/IrakIroan/Google_Drive_Backup/Extracted files/mdkamruzzamanirak_gmail_com/.cloakbrowser/chromium-146.0.7680.177.5/locales/cs.pak.info
/home/azureuser/IrakIroan/Google_Drive_Backup/Extracted files/mdkamruzzamanirak_gmail_com/.cloakbrowser/chromium-146.0.7680.177.5/locales/eu.pak.info
/home/azureuser/IrakIroan/Google_Drive_Backup/Extracted files/mdkamruzzamanirak_gmail_com/.cloakbrowser/chromium-146.0.7680.177.5/locales/ru.pak.info
/home/azureuser/IrakIroan/Google_Drive_Backup/Extracted files/mdkamruzzamanirak_gmail_com/.cloakbrowser/chromium-146.0.7680.177.5/locales/th.pak.info
/home/azureuser/IrakIroan/Google_Drive_Backup/Extracted files/mdkamruzzamanirak_gmail_com/.cloakbrowser/chromium-146.0.7680.177.5/locales/my.pak.info
/home/azureuser/IrakIroan/Google_Drive_Backup/Extracted files/mdkamruzzamanirak_gmail_com/.cloakbrowser/chromium-146.0.7680.177.5/locales/as.pak.info
/home/azureuser/IrakIroan/Google_Drive_Backup/Extracted files/mdkamruzzamanirak_gmail_com/.cloakbrowser/chromium-146.0.7680.177.5/locales/hu.pak.info
/home/azureuser/IrakIroan/Google_Drive_Backup/Extracted files/mdkamruzzamanirak_gmail_com/.cloakbrowser/chromium-146.0.7680.177.5/locales/sq.pak.info
/home/azureuser/IrakIroan/Google_Drive_Backup/Extracted files/mdkamruzzamanirak_gmail_com/.cloakbrowser/chromium-146.0.7680.177.5/locales/zh-TW.pak.info
/home/azureuser/IrakIroan/Google_Drive_Backup/Extracted files/mdkamruzzamanirak_gmail_com/.cloakbrowser/chromium-146.0.7680.177.5/locales/sr.pak.info
/home/azureuser/IrakIroan/Google_Drive_Backup/Extracted files/mdkamruzzamanirak_gmail_com/.cloakbrowser/chromium-146.0.7680.177.5/locales/fi.pak.info
/home/azureuser/IrakIroan/Google_Drive_Backup/Extracted files/mdkamruzzamanirak_gmail_com/.cloakbrowser/chromium-146.0.7680.177.5/locales/uk.pak.info
/home/azureuser/IrakIroan/Google_Drive_Backup/Extracted files/mdkamruzzamanirak_gmail_com/.cloakbrowser/chromium-146.0.7680.177.5/locales/sw.pak.info
/home/azureuser/IrakIroan/Google_Drive_Backup/Extracted files/mdkamruzzamanirak_gmail_com/.cloakbrowser/chromium-146.0.7680.177.5/locales/sv.pak.info
/home/azureuser/IrakIroan/Google_Drive_Backup/Extracted files/mdkamruzzamanirak_gmail_com/.cloakbrowser/chromium-146.0.7680.177.5/locales/zu.pak.info
/home/azureuser/IrakIroan/Google_Drive_Backup/Extracted files/mdkamruzzamanirak_gmail_com/.cloakbrowser/chromium-146.0.7680.177.5/locales/id.pak.info
/home/azureuser/IrakIroan/Google_Drive_Backup/Extracted files/mdkamruzzamanirak_gmail_com/.cloakbrowser/chromium-146.0.7680.177.5/locales/or.pak.info
/home/azureuser/IrakIroan/Google_Drive_Backup/Extracted files/mdkamruzzamanirak_gmail_com/.cloakbrowser/chromium-146.0.7680.177.5/locales/es-419.pak.info
/home/azureuser/IrakIroan/Google_Drive_Backup/Extracted files/mdkamruzzamanirak_gmail_com/.cloakbrowser/chromium-146.0.7680.177.5/locales/hr.pak.info
/home/azureuser/IrakIroan/Google_Drive_Backup/Extracted files/mdkamruzzamanirak_gmail_com/.cloakbrowser/chromium-146.0.7680.177.5/locales/sk.pak.info
/home/azureuser/IrakIroan/Google_Drive_Backup/Extracted files/mdkamruzzamanirak_gmail_com/.cloakbrowser/chromium-146.0.7680.177.5/locales/sr-Latn.pak.info
/home/azureuser/IrakIroan/Google_Drive_Backup/Extracted files/mdkamruzzamanirak_gmail_com/.cloakbrowser/chromium-146.0.7680.177.5/locales/si.pak.info
/home/azureuser/IrakIroan/Google_Drive_Backup/Extracted files/mdkamruzzamanirak_gmail_com/.cloakbrowser/chromium-146.0.7680.177.5/locales/uz.pak.info
/home/azureuser/IrakIroan/Google_Drive_Backup/Extracted files/mdkamruzzamanirak_gmail_com/.cloakbrowser/chromium-146.0.7680.177.5/locales/pl.pak.info
/home/azureuser/IrakIroan/Google_Drive_Backup/Extracted files/mdkamruzzamanirak_gmail_com/.cloakbrowser/chromium-146.0.7680.177.5/locales/lv.pak.info
/home/azureuser/IrakIroan/Google_Drive_Backup/Extracted files/mdkamruzzamanirak_gmail_com/.cloakbrowser/chromium-146.0.7680.177.5/locales/it.pak.info
/home/azureuser/IrakIroan/Google_Drive_Backup/Extracted files/mdkamruzzamanirak_gmail_com/.cloakbrowser/chromium-146.0.7680.177.5/locales/fr-CA.pak.info
/home/azureuser/IrakIroan/Google_Drive_Backup/Extracted files/mdkamruzzamanirak_gmail_com/.cloakbrowser/chromium-146.0.7680.177.5/locales/ms.pak.info
/home/azureuser/IrakIroan/Google_Drive_Backup/Extracted files/mdkamruzzamanirak_gmail_com/.cloakbrowser/chromium-146.0.7680.177.5/chrome_crashpad_handler
/home/azureuser/IrakIroan/Google_Drive_Backup/Extracted files/mdkamruzzamanirak_gmail_com/.cloakbrowser/chromium-146.0.7680.177.5/icudtl.dat
/home/azureuser/IrakIroan/Google_Drive_Backup/Extracted files/mdkamruzzamanirak_gmail_com/.cloakbrowser/chromium-146.0.7680.177.5/libvk_swiftshader.so
/home/azureuser/IrakIroan/Google_Drive_Backup/Extracted files/mdkamruzzamanirak_gmail_com/.cloakbrowser/chromium-146.0.7680.177.5/libEGL.so
/home/azureuser/IrakIroan/Google_Drive_Backup/Extracted files/mdkamruzzamanirak_gmail_com/.cloakbrowser/chromium-146.0.7680.177.5/chrome
/home/azureuser/IrakIroan/Google_Drive_Backup/Extracted files/mdkamruzzamanirak_gmail_com/.pyenv/versions/3.14.7/lib/python3.14/site-packages/pip/_vendor/certifi/cacert.pem
/home/azureuser/IrakIroan/Google_Drive_Backup/Extracted files/mdkamruzzamanirak_gmail_com/.pyenv/versions/3.14.7/lib/python3.14/test/test_strtod.py
/home/azureuser/IrakIroan/Google_Drive_Backup/Extracted files/mdkamruzzamanirak_gmail_com/.pyenv/versions/3.14.7/lib/python3.14/test/decimaltestdata/power.decTest
/home/azureuser/IrakIroan/Google_Drive_Backup/Extracted files/mdkamruzzamanirak_gmail_com/.pyenv/versions/3.14.7/lib/python3.14/test/decimaltestdata/squareroot.decTest
/home/azureuser/IrakIroan/Google_Drive_Backup/Extracted files/mdkamruzzamanirak_gmail_com/.pyenv/versions/3.14.7/lib/python3.14/test/decimaltestdata/randomBound32.decTest
/home/azureuser/IrakIroan/Google_Drive_Backup/Extracted files/mdkamruzzamanirak_gmail_com/.pyenv/versions/3.14.7/lib/python3.14/test/decimaltestdata/log10.decTest
/home/azureuser/IrakIroan/Google_Drive_Backup/Extracted files/mdkamruzzamanirak_gmail_com/.pyenv/versions/3.14.7/lib/python3.14/test/decimaltestdata/randoms.decTest
/home/azureuser/IrakIroan/Google_Drive_Backup/Extracted files/mdkamruzzamanirak_gmail_com/.pyenv/versions/3.14.7/lib/python3.14/test/randv2_32.pck
/home/azureuser/IrakIroan/Google_Drive_Backup/Extracted files/mdkamruzzamanirak_gmail_com/.pyenv/versions/3.14.7/lib/python3.14/test/test_email/test_defect_handling.py
/home/azureuser/IrakIroan/Google_Drive_Backup/Extracted files/mdkamruzzamanirak_gmail_com/.pyenv/versions/3.14.7/lib/python3.14/test/test_email/__pycache__/test_defect_handling.cpython-314.opt-2.pyc
/home/azureuser/IrakIroan/Google_Drive_Backup/Extracted files/mdkamruzzamanirak_gmail_com/.pyenv/versions/3.14.7/lib/python3.14/test/test_email/__pycache__/test_defect_handling.cpython-314.pyc
/home/azureuser/IrakIroan/Google_Drive_Backup/Extracted files/mdkamruzzamanirak_gmail_com/.pyenv/versions/3.14.7/lib/python3.14/test/test_email/__pycache__/test_defect_handling.cpython-314.opt-1.pyc
/home/azureuser/IrakIroan/Google_Drive_Backup/Extracted files/mdkamruzzamanirak_gmail_com/.pyenv/versions/3.14.7/lib/python3.14/test/test_uuid.py
/home/azureuser/IrakIroan/Google_Drive_Backup/Extracted files/mdkamruzzamanirak_gmail_com/.pyenv/versions/3.14.7/lib/python3.14/test/__pycache__/test_strtod.cpython-314.opt-1.pyc
/home/azureuser/IrakIroan/Google_Drive_Backup/Extracted files/mdkamruzzamanirak_gmail_com/.pyenv/versions/3.14.7/lib/python3.14/test/__pycache__/test_uuid.cpython-314.opt-2.pyc
/home/azureuser/IrakIroan/Google_Drive_Backup/Extracted files/mdkamruzzamanirak_gmail_com/.pyenv/versions/3.14.7/lib/python3.14/test/__pycache__/test_uuid.cpython-314.pyc
/home/azureuser/IrakIroan/Google_Drive_Backup/Extracted files/mdkamruzzamanirak_gmail_com/.pyenv/versions/3.14.7/lib/python3.14/test/__pycache__/test_uuid.cpython-314.opt-1.pyc
/home/azureuser/IrakIroan/Google_Drive_Backup/Extracted files/mdkamruzzamanirak_gmail_com/.pyenv/versions/3.14.7/lib/python3.14/test/__pycache__/test_strtod.cpython-314.opt-2.pyc
/home/azureuser/IrakIroan/Google_Drive_Backup/Extracted files/mdkamruzzamanirak_gmail_com/.pyenv/versions/3.14.7/lib/python3.14/test/__pycache__/test_strtod.cpython-314.pyc
/home/azureuser/IrakIroan/Google_Drive_Backup/Extracted files/mdkamruzzamanirak_gmail_com/.pyenv/versions/3.14.7/lib/python3.14/test/mathdata/cmath_testcases.txt
/home/azureuser/IrakIroan/Google_Drive_Backup/Extracted files/mdkamruzzamanirak_gmail_com/.pyenv/plugins/python-build/share/python-build/miniconda3-3.9-23.5.1-0
/home/azureuser/IrakIroan/Google_Drive_Backup/Extracted files/mdkamruzzamanirak_gmail_com/.pyenv/plugins/python-build/share/python-build/miniconda3-3.9-22.11.1-1
/home/azureuser/IrakIroan/Google_Drive_Backup/Extracted files/mdkamruzzamanirak_gmail_com/.pyenv/plugins/python-build/share/python-build/miniconda2-4.3.14
/home/azureuser/IrakIroan/Google_Drive_Backup/Extracted files/mdkamruzzamanirak_gmail_com/browser_env/lib/python3.13/site-packages/numpy/lib/_function_base_impl.py
/home/azureuser/IrakIroan/Google_Drive_Backup/Extracted files/mdkamruzzamanirak_gmail_com/browser_env/lib/python3.13/site-packages/numpy/random/tests/data/pcg64-testset-2.csv
/home/azureuser/IrakIroan/Google_Drive_Backup/Extracted files/mdkamruzzamanirak_gmail_com/browser_env/lib/python3.13/site-packages/numpy/_core/tests/data/umath-validation-set-log10.csv
/home/azureuser/IrakIroan/Google_Drive_Backup/Extracted files/mdkamruzzamanirak_gmail_com/browser_env/lib/python3.13/site-packages/numpy/_core/tests/data/umath-validation-set-log2.csv
/home/azureuser/IrakIroan/Google_Drive_Backup/Extracted files/mdkamruzzamanirak_gmail_com/browser_env/lib/python3.13/site-packages/numpy/_core/tests/data/umath-validation-set-arccosh.csv
/home/azureuser/IrakIroan/Google_Drive_Backup/Extracted files/mdkamruzzamanirak_gmail_com/browser_env/lib/python3.13/site-packages/numpy/_core/tests/data/umath-validation-set-arcsinh.csv
/home/azureuser/IrakIroan/Google_Drive_Backup/Extracted files/mdkamruzzamanirak_gmail_com/browser_env/lib/python3.13/site-packages/numpy/_core/tests/data/umath-validation-set-arctanh.csv
/home/azureuser/IrakIroan/Google_Drive_Backup/Extracted files/mdkamruzzamanirak_gmail_com/browser_env/lib/python3.13/site-packages/httplib2/cacerts.txt
/home/azureuser/IrakIroan/Google_Drive_Backup/Extracted files/mdkamruzzamanirak_gmail_com/browser_env/lib/python3.13/site-packages/playwright/driver/node
/home/azureuser/IrakIroan/Google_Drive_Backup/Extracted files/mdkamruzzamanirak_gmail_com/browser_env/lib/python3.13/site-packages/PIL/__pycache__/ImageColor.cpython-313.pyc
/home/azureuser/IrakIroan/Google_Drive_Backup/Extracted files/mdkamruzzamanirak_gmail_com/browser_env/lib/python3.13/site-packages/PIL/ImageColor.py
/home/azureuser/IrakIroan/Google_Drive_Backup/Extracted files/mdkamruzzamanirak_gmail_com/browser_env/lib/python3.13/site-packages/certifi/cacert.pem
/home/azureuser/IrakIroan/Google_Drive_Backup/Extracted files/mdkamruzzamanirak_gmail_com/browser_env/lib/python3.13/site-packages/pip/_vendor/certifi/cacert.pem
/home/azureuser/IrakIroan/Google_Drive_Backup/Extracted files/mdkamruzzamanirak_gmail_com/browser_env/lib/python3.13/site-packages/yt_dlp/extractor/nate.py
/home/azureuser/IrakIroan/Google_Drive_Backup/Extracted files/mdkamruzzamanirak_gmail_com/browser_env/lib/python3.13/site-packages/yt_dlp/extractor/udemy.py
/home/azureuser/IrakIroan/Google_Drive_Backup/Extracted files/mdkamruzzamanirak_gmail_com/browser_env/lib/python3.13/site-packages/yt_dlp/extractor/bilibili.py
/home/azureuser/IrakIroan/Google_Drive_Backup/Extracted files/mdkamruzzamanirak_gmail_com/browser_env/lib/python3.13/site-packages/yt_dlp/extractor/rcti.py
/home/azureuser/IrakIroan/Google_Drive_Backup/Extracted files/mdkamruzzamanirak_gmail_com/browser_env/lib/python3.13/site-packages/yt_dlp/extractor/ceskatelevize.py
/home/azureuser/IrakIroan/Google_Drive_Backup/Extracted files/mdkamruzzamanirak_gmail_com/browser_env/lib/python3.13/site-packages/yt_dlp/extractor/tiktok.py
/home/azureuser/IrakIroan/Google_Drive_Backup/Extracted files/mdkamruzzamanirak_gmail_com/browser_env/lib/python3.13/site-packages/yt_dlp/extractor/__pycache__/nate.cpython-313.pyc
/home/azureuser/IrakIroan/Google_Drive_Backup/Extracted files/mdkamruzzamanirak_gmail_com/browser_env/lib/python3.13/site-packages/yt_dlp/extractor/__pycache__/instagram.cpython-313.pyc
/home/azureuser/IrakIroan/Google_Drive_Backup/Extracted files/mdkamruzzamanirak_gmail_com/browser_env/lib/python3.13/site-packages/yt_dlp/extractor/__pycache__/ceskatelevize.cpython-313.pyc
/home/azureuser/IrakIroan/Google_Drive_Backup/Extracted files/mdkamruzzamanirak_gmail_com/browser_env/lib/python3.13/site-packages/yt_dlp/extractor/__pycache__/bilibili.cpython-313.pyc
/home/azureuser/IrakIroan/Google_Drive_Backup/Extracted files/mdkamruzzamanirak_gmail_com/browser_env/lib/python3.13/site-packages/yt_dlp/extractor/__pycache__/peertv.cpython-313.pyc
/home/azureuser/IrakIroan/Google_Drive_Backup/Extracted files/mdkamruzzamanirak_gmail_com/browser_env/lib/python3.13/site-packages/yt_dlp/extractor/__pycache__/udemy.cpython-313.pyc
/home/azureuser/IrakIroan/Google_Drive_Backup/Extracted files/mdkamruzzamanirak_gmail_com/browser_env/lib/python3.13/site-packages/yt_dlp/extractor/__pycache__/tiktok.cpython-313.pyc
/home/azureuser/IrakIroan/Google_Drive_Backup/Extracted files/mdkamruzzamanirak_gmail_com/browser_env/lib/python3.13/site-packages/yt_dlp/extractor/__pycache__/rcti.cpython-313.pyc
/home/azureuser/IrakIroan/Google_Drive_Backup/Extracted files/mdkamruzzamanirak_gmail_com/browser_env/lib/python3.13/site-packages/yt_dlp/extractor/instagram.py
/home/azureuser/IrakIroan/Google_Drive_Backup/Extracted files/mdkamruzzamanirak_gmail_com/browser_env/lib/python3.13/site-packages/yt_dlp/extractor/pr0gramm.py
/home/azureuser/IrakIroan/Google_Drive_Backup/Extracted files/mdkamruzzamanirak_gmail_com/browser_env/lib/python3.13/site-packages/yt_dlp/extractor/peertv.py
/home/azureuser/IrakIroan/Google_Drive_Backup/Extracted files/mdkamruzzamanirak_gmail_com/.local/lib/python3.13/site-packages/numpy/lib/_function_base_impl.py
/home/azureuser/IrakIroan/Google_Drive_Backup/Extracted files/mdkamruzzamanirak_gmail_com/.local/lib/python3.13/site-packages/numpy/random/tests/data/pcg64-testset-2.csv
/home/azureuser/IrakIroan/Google_Drive_Backup/Extracted files/mdkamruzzamanirak_gmail_com/.local/lib/python3.13/site-packages/numpy/_core/tests/data/umath-validation-set-log10.csv
/home/azureuser/IrakIroan/Google_Drive_Backup/Extracted files/mdkamruzzamanirak_gmail_com/.local/lib/python3.13/site-packages/numpy/_core/tests/data/umath-validation-set-log2.csv
/home/azureuser/IrakIroan/Google_Drive_Backup/Extracted files/mdkamruzzamanirak_gmail_com/.local/lib/python3.13/site-packages/numpy/_core/tests/data/umath-validation-set-arccosh.csv
/home/azureuser/IrakIroan/Google_Drive_Backup/Extracted files/mdkamruzzamanirak_gmail_com/.local/lib/python3.13/site-packages/numpy/_core/tests/data/umath-validation-set-arcsinh.csv
/home/azureuser/IrakIroan/Google_Drive_Backup/Extracted files/mdkamruzzamanirak_gmail_com/.local/lib/python3.13/site-packages/numpy/_core/tests/data/umath-validation-set-arctanh.csv
/home/azureuser/IrakIroan/Google_Drive_Backup/Extracted files/mdkamruzzamanirak_gmail_com/.local/lib/python3.13/site-packages/pandas/tests/frame/methods/test_select_dtypes.py
/home/azureuser/IrakIroan/Google_Drive_Backup/Extracted files/mdkamruzzamanirak_gmail_com/.local/lib/python3.13/site-packages/pandas/io/formats/__pycache__/_color_data.cpython-313.pyc
/home/azureuser/IrakIroan/Google_Drive_Backup/Extracted files/mdkamruzzamanirak_gmail_com/.local/lib/python3.13/site-packages/pandas/io/formats/_color_data.py
/home/azureuser/IrakIroan/Google_Drive_Backup/Extracted files/mdkamruzzamanirak_gmail_com/.local/lib/python3.13/site-packages/httplib2/cacerts.txt
/home/azureuser/IrakIroan/Google_Drive_Backup/Extracted files/mdkamruzzamanirak_gmail_com/.local/lib/python3.13/site-packages/yt_dlp/extractor/nate.py
/home/azureuser/IrakIroan/Google_Drive_Backup/Extracted files/mdkamruzzamanirak_gmail_com/.local/lib/python3.13/site-packages/yt_dlp/extractor/udemy.py
/home/azureuser/IrakIroan/Google_Drive_Backup/Extracted files/mdkamruzzamanirak_gmail_com/.local/lib/python3.13/site-packages/yt_dlp/extractor/bilibili.py
/home/azureuser/IrakIroan/Google_Drive_Backup/Extracted files/mdkamruzzamanirak_gmail_com/.local/lib/python3.13/site-packages/yt_dlp/extractor/rcti.py
/home/azureuser/IrakIroan/Google_Drive_Backup/Extracted files/mdkamruzzamanirak_gmail_com/.local/lib/python3.13/site-packages/yt_dlp/extractor/ceskatelevize.py
/home/azureuser/IrakIroan/Google_Drive_Backup/Extracted files/mdkamruzzamanirak_gmail_com/.local/lib/python3.13/site-packages/yt_dlp/extractor/tiktok.py
/home/azureuser/IrakIroan/Google_Drive_Backup/Extracted files/mdkamruzzamanirak_gmail_com/.local/lib/python3.13/site-packages/yt_dlp/extractor/__pycache__/nate.cpython-313.pyc
/home/azureuser/IrakIroan/Google_Drive_Backup/Extracted files/mdkamruzzamanirak_gmail_com/.local/lib/python3.13/site-packages/yt_dlp/extractor/__pycache__/instagram.cpython-313.pyc
/home/azureuser/IrakIroan/Google_Drive_Backup/Extracted files/mdkamruzzamanirak_gmail_com/.local/lib/python3.13/site-packages/yt_dlp/extractor/__pycache__/ceskatelevize.cpython-313.pyc
/home/azureuser/IrakIroan/Google_Drive_Backup/Extracted files/mdkamruzzamanirak_gmail_com/.local/lib/python3.13/site-packages/yt_dlp/extractor/__pycache__/bilibili.cpython-313.pyc
/home/azureuser/IrakIroan/Google_Drive_Backup/Extracted files/mdkamruzzamanirak_gmail_com/.local/lib/python3.13/site-packages/yt_dlp/extractor/__pycache__/peertv.cpython-313.pyc
/home/azureuser/IrakIroan/Google_Drive_Backup/Extracted files/mdkamruzzamanirak_gmail_com/.local/lib/python3.13/site-packages/yt_dlp/extractor/__pycache__/udemy.cpython-313.pyc
/home/azureuser/IrakIroan/Google_Drive_Backup/Extracted files/mdkamruzzamanirak_gmail_com/.local/lib/python3.13/site-packages/yt_dlp/extractor/__pycache__/tiktok.cpython-313.pyc
/home/azureuser/IrakIroan/Google_Drive_Backup/Extracted files/mdkamruzzamanirak_gmail_com/.local/lib/python3.13/site-packages/yt_dlp/extractor/__pycache__/rcti.cpython-313.pyc
/home/azureuser/IrakIroan/Google_Drive_Backup/Extracted files/mdkamruzzamanirak_gmail_com/.local/lib/python3.13/site-packages/yt_dlp/extractor/instagram.py
/home/azureuser/IrakIroan/Google_Drive_Backup/Extracted files/mdkamruzzamanirak_gmail_com/.local/lib/python3.13/site-packages/yt_dlp/extractor/pr0gramm.py
/home/azureuser/IrakIroan/Google_Drive_Backup/Extracted files/mdkamruzzamanirak_gmail_com/.local/lib/python3.13/site-packages/yt_dlp/extractor/peertv.py
/home/azureuser/IrakIroan/Google_Drive_Backup/Extracted files/mdkamruzzamanirak_gmail_com/.local/share/pipx/venvs/frappe-bench/lib/python3.13/site-packages/certifi/cacert.pem
/home/azureuser/IrakIroan/Google_Drive_Backup/Extracted files/mdkamruzzamanirak_gmail_com/.local/share/pipx/venvs/frappe-bench/bin/uv
/home/azureuser/IrakIroan/Google_Drive_Backup/Extracted files/mdkamruzzamanirak_gmail_com/.local/share/pipx/venvs/uv/bin/uv
/home/azureuser/IrakIroan/Google_Drive_Backup/Extracted files/mdkamruzzamanirak_gmail_com/.local/share/pipx/shared/lib/python3.13/site-packages/pip/_vendor/certifi/cacert.pem
/home/azureuser/IrakIroan/Google_Drive_Backup/Extracted files/mdkamruzzamanirak_gmail_com/.local/bin/agy
/home/azureuser/IrakIroan/Google_Drive_Backup/Extracted files/mdkamruzzamanirak_gmail_com/Article-Publishing-Platform/.next/cache/turbopack/v16.3.3-a9a1cb78/00000068.sst
/home/azureuser/IrakIroan/Google_Drive_Backup/Extracted files/mdkamruzzamanirak_gmail_com/Article-Publishing-Platform/.next/cache/turbopack/v16.3.3-a9a1cb78/00000069.sst
/home/azureuser/IrakIroan/Google_Drive_Backup/Extracted files/mdkamruzzamanirak_gmail_com/Article-Publishing-Platform/.next/cache/.tsbuildinfo
/home/azureuser/IrakIroan/Google_Drive_Backup/Extracted files/mdkamruzzamanirak_gmail_com/Article-Publishing-Platform/.next/server/app/(payload)/admin/[[...segments]]/page.js.nft.json
/home/azureuser/IrakIroan/Google_Drive_Backup/Extracted files/mdkamruzzamanirak_gmail_com/Article-Publishing-Platform/tools/yugabyte/lib/yb-thirdparty/libabsl.so
/home/azureuser/IrakIroan/Google_Drive_Backup/Extracted files/mdkamruzzamanirak_gmail_com/Article-Publishing-Platform/tools/yugabyte/lib/yb-thirdparty/libicudata.so.70.1
/home/azureuser/IrakIroan/Google_Drive_Backup/Extracted files/mdkamruzzamanirak_gmail_com/Article-Publishing-Platform/tools/yugabyte/lib/yb/libtserver_proto.so
/home/azureuser/IrakIroan/Google_Drive_Backup/Extracted files/mdkamruzzamanirak_gmail_com/Article-Publishing-Platform/tools/yugabyte/lib/yb/libgutil.so
/home/azureuser/IrakIroan/Google_Drive_Backup/Extracted files/mdkamruzzamanirak_gmail_com/Article-Publishing-Platform/tools/yugabyte/lib/postgres/libyb_pgbackend.so.1.11
/home/azureuser/IrakIroan/Google_Drive_Backup/Extracted files/mdkamruzzamanirak_gmail_com/Article-Publishing-Platform/tools/yugabyte/linuxbrew/Cellar/glibc/2.23/lib/gconv/GB18030.so
/home/azureuser/IrakIroan/Google_Drive_Backup/Extracted files/mdkamruzzamanirak_gmail_com/Article-Publishing-Platform/tools/yugabyte/linuxbrew/Cellar/glibc/2.23/lib/gconv/libJIS.so
/home/azureuser/IrakIroan/Google_Drive_Backup/Extracted files/mdkamruzzamanirak_gmail_com/Article-Publishing-Platform/tools/yugabyte/share/users.sql
/home/azureuser/IrakIroan/Google_Drive_Backup/Extracted files/mdkamruzzamanirak_gmail_com/Article-Publishing-Platform/tools/yugabyte/share/orders.sql
/home/azureuser/IrakIroan/Google_Drive_Backup/Extracted files/mdkamruzzamanirak_gmail_com/Article-Publishing-Platform/tools/yugabyte/share/ysql_migrations/V43.4__25820__yb_index_check.sql
/home/azureuser/IrakIroan/Google_Drive_Backup/Extracted files/mdkamruzzamanirak_gmail_com/Article-Publishing-Platform/tools/yugabyte/share/airflowybrepo.sql
/home/azureuser/IrakIroan/Google_Drive_Backup/Extracted files/mdkamruzzamanirak_gmail_com/Article-Publishing-Platform/tools/yugabyte/share/sportsdb_inserts.sql
/home/azureuser/IrakIroan/Google_Drive_Backup/Extracted files/mdkamruzzamanirak_gmail_com/Article-Publishing-Platform/tools/yugabyte/share/northwind_data.sql
/home/azureuser/IrakIroan/Google_Drive_Backup/Extracted files/mdkamruzzamanirak_gmail_com/Article-Publishing-Platform/tools/yugabyte/share/chinook_songs.sql
/home/azureuser/IrakIroan/Google_Drive_Backup/Extracted files/mdkamruzzamanirak_gmail_com/Article-Publishing-Platform/tools/yugabyte/www/d3.v2.js
/home/azureuser/IrakIroan/Google_Drive_Backup/Extracted files/mdkamruzzamanirak_gmail_com/Article-Publishing-Platform/tools/yugabyte/bin/yugabyted-ui
/home/azureuser/IrakIroan/Google_Drive_Backup/Extracted files/mdkamruzzamanirak_gmail_com/Article-Publishing-Platform/tools/yugabyte/bin/yb-server
/home/azureuser/IrakIroan/Google_Drive_Backup/Extracted files/mdkamruzzamanirak_gmail_com/Article-Publishing-Platform/tools/yugabyte/postgres/lib/libyb_pgbackend.so.1.11
/home/azureuser/IrakIroan/Google_Drive_Backup/Extracted files/mdkamruzzamanirak_gmail_com/Article-Publishing-Platform/tools/yugabyte/postgres/share/yb_postgres.bki
/home/azureuser/IrakIroan/Google_Drive_Backup/Extracted files/mdkamruzzamanirak_gmail_com/Article-Publishing-Platform/tools/yugabyte/postgres/share/postgres.bki
/home/azureuser/IrakIroan/Google_Drive_Backup/Extracted files/mdkamruzzamanirak_gmail_com/Article-Publishing-Platform/tools/yugabyte/postgres/share/postgres.description
/home/azureuser/IrakIroan/Google_Drive_Backup/Extracted files/mdkamruzzamanirak_gmail_com/Article-Publishing-Platform/tools/yugabyte/postgres/include/server/utils/fmgroids.h
/home/azureuser/IrakIroan/Google_Drive_Backup/Extracted files/mdkamruzzamanirak_gmail_com/Article-Publishing-Platform/tools/yugabyte/postgres/include/server/catalog/catversion.h
/home/azureuser/IrakIroan/Google_Drive_Backup/Extracted files/mdkamruzzamanirak_gmail_com/Article-Publishing-Platform/tools/yugabyte/postgres/bin/pg_waldump
/home/azureuser/IrakIroan/Google_Drive_Backup/Extracted files/mdkamruzzamanirak_gmail_com/Article-Publishing-Platform/tools/yugabyte/postgres/bin/pg_rewind
/home/azureuser/IrakIroan/Google_Drive_Backup/Extracted files/mdkamruzzamanirak_gmail_com/Article-Publishing-Platform/tools/yugabyte/postgres/bin/postgres
/home/azureuser/IrakIroan/Google_Drive_Backup/Extracted files/mdkamruzzamanirak_gmail_com/Article-Publishing-Platform/tools/cockroach
/home/azureuser/IrakIroan/Google_Drive_Backup/Extracted files/mdkamruzzamanirak_gmail_com/Article-Publishing-Platform/tools/cockroach-data/008899.sst
/home/azureuser/IrakIroan/Google_Drive_Backup/Extracted files/mdkamruzzamanirak_gmail_com/Article-Publishing-Platform/tools/cockroach-data/logs/cockroach-kv-distribution.openclaw-server.mdkamruzzamanirakgmailcom.2026-09-22T13_51_53Z.012704.log
/home/azureuser/IrakIroan/Google_Drive_Backup/Extracted files/mdkamruzzamanirak_gmail_com/Article-Publishing-Platform/tools/cockroach-data/logs/cockroach-kv-distribution.openclaw-server.mdkamruzzamanirakgmailcom.2026-09-23T09_02_53Z.012704.log
/home/azureuser/IrakIroan/Google_Drive_Backup/Extracted files/mdkamruzzamanirak_gmail_com/Article-Publishing-Platform/tools/cockroach-data/logs/cockroach-health.openclaw-server.mdkamruzzamanirakgmailcom.2026-09-18T03_55_35Z.001295.log
/home/azureuser/IrakIroan/Google_Drive_Backup/Extracted files/mdkamruzzamanirak_gmail_com/Article-Publishing-Platform/tools/cockroach-data/logs/cockroach-pebble.openclaw-server.mdkamruzzamanirakgmailcom.2026-09-19T16_34_52Z.012704.log
/home/azureuser/IrakIroan/Google_Drive_Backup/Extracted files/mdkamruzzamanirak_gmail_com/Article-Publishing-Platform/tools/cockroach-data/logs/cockroach.openclaw-server.mdkamruzzamanirakgmailcom.2026-09-19T16_34_52Z.012704.log
/home/azureuser/IrakIroan/Google_Drive_Backup/Extracted files/mdkamruzzamanirak_gmail_com/Article-Publishing-Platform/tools/cockroach-data/logs/cockroach-kv-distribution.instance-20260925-131309.mdkamruzzamanirakgmailcom.2026-09-25T13_17_39Z.002245.log
/home/azureuser/IrakIroan/Google_Drive_Backup/Extracted files/mdkamruzzamanirak_gmail_com/Article-Publishing-Platform/tools/cockroach-data/logs/cockroach-kv-distribution.instance-20260925-131309.mdkamruzzamanirakgmailcom.2026-09-25T13_33_16Z.001204.log
/home/azureuser/IrakIroan/Google_Drive_Backup/Extracted files/mdkamruzzamanirak_gmail_com/Article-Publishing-Platform/tools/cockroach-data/logs/cockroach-kv-distribution.openclaw-server.mdkamruzzamanirakgmailcom.2026-09-22T23_28_53Z.012704.log
/home/azureuser/IrakIroan/Google_Drive_Backup/Extracted files/mdkamruzzamanirak_gmail_com/Article-Publishing-Platform/tools/cockroach-data/logs/cockroach-telemetry.openclaw-server.mdkamruzzamanirakgmailcom.2026-09-24T00_35_24Z.012704.log
/home/azureuser/IrakIroan/Google_Drive_Backup/Extracted files/mdkamruzzamanirak_gmail_com/Article-Publishing-Platform/tools/cockroach-data/logs/cockroach-telemetry.openclaw-server.mdkamruzzamanirakgmailcom.2026-09-22T08_35_10Z.012704.log
/home/azureuser/IrakIroan/Google_Drive_Backup/Extracted files/mdkamruzzamanirak_gmail_com/Article-Publishing-Platform/tools/cockroach-data/logs/cockroach-health.openclaw-server.mdkamruzzamanirakgmailcom.2026-09-22T03_24_53Z.012704.log
/home/azureuser/IrakIroan/Google_Drive_Backup/Extracted files/mdkamruzzamanirak_gmail_com/Article-Publishing-Platform/tools/cockroach-data/logs/heap_profiler/memstats.2026-09-24T05_47_15.459.1230086144.txt
/home/azureuser/IrakIroan/Google_Drive_Backup/Extracted files/mdkamruzzamanirak_gmail_com/Article-Publishing-Platform/tools/cockroach-data/logs/heap_profiler/memstats.2026-09-20T08_26_06.388.1167626240.txt
/home/azureuser/IrakIroan/Google_Drive_Backup/Extracted files/mdkamruzzamanirak_gmail_com/Article-Publishing-Platform/tools/cockroach-data/logs/heap_profiler/memstats.2026-09-18T08_59_16.248.1087844352.txt
/home/azureuser/IrakIroan/Google_Drive_Backup/Extracted files/mdkamruzzamanirak_gmail_com/Article-Publishing-Platform/tools/cockroach-data/logs/heap_profiler/memstats.2026-09-24T02_53_34.862.1243099136.txt
/home/azureuser/IrakIroan/Google_Drive_Backup/Extracted files/mdkamruzzamanirak_gmail_com/Article-Publishing-Platform/tools/cockroach-data/logs/heap_profiler/memstats.2026-09-23T16_41_23.013.1296162816.txt
/home/azureuser/IrakIroan/Google_Drive_Backup/Extracted files/mdkamruzzamanirak_gmail_com/Article-Publishing-Platform/tools/cockroach-data/logs/heap_profiler/memstats.2026-09-18T09_30_36.451.1093681152.txt
/home/azureuser/IrakIroan/Google_Drive_Backup/Extracted files/mdkamruzzamanirak_gmail_com/Article-Publishing-Platform/tools/cockroach-data/logs/heap_profiler/memstats.2026-09-24T03_03_54.912.1284337664.txt
/home/azureuser/IrakIroan/Google_Drive_Backup/Extracted files/mdkamruzzamanirak_gmail_com/Article-Publishing-Platform/tools/cockroach-data/logs/heap_profiler/memstats.2026-09-17T16_26_27.912.1151373312.txt
/home/azureuser/IrakIroan/Google_Drive_Backup/Extracted files/mdkamruzzamanirak_gmail_com/Article-Publishing-Platform/tools/cockroach-data/logs/heap_profiler/memstats.2026-09-18T08_27_56.205.1066266624.txt
/home/azureuser/IrakIroan/Google_Drive_Backup/Extracted files/mdkamruzzamanirak_gmail_com/Article-Publishing-Platform/tools/cockroach-data/logs/heap_profiler/memstats.2026-09-24T04_06_15.110.1268113408.txt
/home/azureuser/IrakIroan/Google_Drive_Backup/Extracted files/mdkamruzzamanirak_gmail_com/Article-Publishing-Platform/tools/cockroach-data/logs/heap_profiler/memstats.2026-09-23T16_41_13.017.1288359936.txt
/home/azureuser/IrakIroan/Google_Drive_Backup/Extracted files/mdkamruzzamanirak_gmail_com/Article-Publishing-Platform/tools/cockroach-data/logs/heap_profiler/memstats.2026-09-24T05_56_05.487.1284509696.txt
/home/azureuser/IrakIroan/Google_Drive_Backup/Extracted files/mdkamruzzamanirak_gmail_com/Article-Publishing-Platform/tools/cockroach-data/logs/heap_profiler/memstats.2026-09-24T04_42_55.479.1303519232.txt
/home/azureuser/IrakIroan/Google_Drive_Backup/Extracted files/mdkamruzzamanirak_gmail_com/Article-Publishing-Platform/tools/cockroach-data/logs/heap_profiler/memstats.2026-09-20T07_04_06.110.1172922368.txt
/home/azureuser/IrakIroan/Google_Drive_Backup/Extracted files/mdkamruzzamanirak_gmail_com/Article-Publishing-Platform/tools/cockroach-data/logs/heap_profiler/memstats.2026-09-23T20_04_03.476.1458880512.txt
/home/azureuser/IrakIroan/Google_Drive_Backup/Extracted files/mdkamruzzamanirak_gmail_com/Article-Publishing-Platform/tools/cockroach-data/logs/heap_profiler/memstats.2026-09-20T08_15_56.351.1154330624.txt
/home/azureuser/IrakIroan/Google_Drive_Backup/Extracted files/mdkamruzzamanirak_gmail_com/Article-Publishing-Platform/tools/cockroach-data/logs/heap_profiler/memstats.2026-09-23T11_06_31.679.1251180544.txt
/home/azureuser/IrakIroan/Google_Drive_Backup/Extracted files/mdkamruzzamanirak_gmail_com/Article-Publishing-Platform/tools/cockroach-data/logs/heap_profiler/memstats.2026-09-17T17_59_18.269.1156100096.txt
/home/azureuser/IrakIroan/Google_Drive_Backup/Extracted files/mdkamruzzamanirak_gmail_com/Article-Publishing-Platform/tools/cockroach-data/logs/heap_profiler/memstats.2026-09-18T06_43_45.742.990920704.txt
/home/azureuser/IrakIroan/Google_Drive_Backup/Extracted files/mdkamruzzamanirak_gmail_com/Article-Publishing-Platform/tools/cockroach-data/logs/heap_profiler/memstats.2026-09-20T13_51_27.484.1173131264.txt
/home/azureuser/IrakIroan/Google_Drive_Backup/Extracted files/mdkamruzzamanirak_gmail_com/Article-Publishing-Platform/tools/cockroach-data/logs/heap_profiler/memstats.2026-09-24T03_03_15.140.1254162432.txt
/home/azureuser/IrakIroan/Google_Drive_Backup/Extracted files/mdkamruzzamanirak_gmail_com/Article-Publishing-Platform/tools/cockroach-data/logs/heap_profiler/memstats.2026-09-24T02_53_24.862.1243029504.txt
/home/azureuser/IrakIroan/Google_Drive_Backup/Extracted files/mdkamruzzamanirak_gmail_com/Article-Publishing-Platform/tools/cockroach-data/logs/heap_profiler/memstats.2026-09-23T16_41_03.025.1278713856.txt
/home/azureuser/IrakIroan/Google_Drive_Backup/Extracted files/mdkamruzzamanirak_gmail_com/Article-Publishing-Platform/tools/cockroach-data/logs/heap_profiler/memstats.2026-09-24T05_47_25.462.1230491648.txt
/home/azureuser/IrakIroan/Google_Drive_Backup/Extracted files/mdkamruzzamanirak_gmail_com/Article-Publishing-Platform/tools/cockroach-data/logs/heap_profiler/memstats.2026-09-24T03_03_24.910.1266323456.txt
/home/azureuser/IrakIroan/Google_Drive_Backup/Extracted files/mdkamruzzamanirak_gmail_com/Article-Publishing-Platform/tools/cockroach-data/logs/heap_profiler/memstats.2026-09-18T06_43_35.742.990674944.txt
/home/azureuser/IrakIroan/Google_Drive_Backup/Extracted files/mdkamruzzamanirak_gmail_com/Article-Publishing-Platform/tools/cockroach-data/logs/heap_profiler/memstats.2026-09-17T18_30_48.399.1164587008.txt
/home/azureuser/IrakIroan/Google_Drive_Backup/Extracted files/mdkamruzzamanirak_gmail_com/Article-Publishing-Platform/tools/cockroach-data/logs/heap_profiler/memstats.2026-09-20T07_04_26.111.1173204992.txt
/home/azureuser/IrakIroan/Google_Drive_Backup/Extracted files/mdkamruzzamanirak_gmail_com/Article-Publishing-Platform/tools/cockroach-data/logs/heap_profiler/memstats.2026-09-20T13_51_37.484.1173483520.txt
/home/azureuser/IrakIroan/Google_Drive_Backup/Extracted files/mdkamruzzamanirak_gmail_com/Article-Publishing-Platform/tools/cockroach-data/logs/heap_profiler/memstats.2026-09-23T19_18_13.317.1286221824.txt
/home/azureuser/IrakIroan/Google_Drive_Backup/Extracted files/mdkamruzzamanirak_gmail_com/Article-Publishing-Platform/tools/cockroach-data/logs/heap_profiler/memstats.2026-09-24T04_05_55.109.1263521792.txt
/home/azureuser/IrakIroan/Google_Drive_Backup/Extracted files/mdkamruzzamanirak_gmail_com/Article-Publishing-Platform/tools/cockroach-data/logs/heap_profiler/memstats.2026-09-20T08_15_46.351.1154285568.txt
/home/azureuser/IrakIroan/Google_Drive_Backup/Extracted files/mdkamruzzamanirak_gmail_com/Article-Publishing-Platform/tools/cockroach-data/logs/heap_profiler/memstats.2026-09-20T13_51_17.483.1172951040.txt
/home/azureuser/IrakIroan/Google_Drive_Backup/Extracted files/mdkamruzzamanirak_gmail_com/Article-Publishing-Platform/tools/cockroach-data/logs/heap_profiler/memstats.2026-09-24T04_06_25.110.1276461056.txt
/home/azureuser/IrakIroan/Google_Drive_Backup/Extracted files/mdkamruzzamanirak_gmail_com/Article-Publishing-Platform/tools/cockroach-data/logs/heap_profiler/memstats.2026-09-23T08_22_11.116.1322594304.txt
/home/azureuser/IrakIroan/Google_Drive_Backup/Extracted files/mdkamruzzamanirak_gmail_com/Article-Publishing-Platform/tools/cockroach-data/logs/heap_profiler/memstats.2026-09-23T21_33_03.768.1288597504.txt
/home/azureuser/IrakIroan/Google_Drive_Backup/Extracted files/mdkamruzzamanirak_gmail_com/Article-Publishing-Platform/tools/cockroach-data/logs/heap_profiler/memstats.2026-09-20T08_16_16.352.1154375680.txt
/home/azureuser/IrakIroan/Google_Drive_Backup/Extracted files/mdkamruzzamanirak_gmail_com/Article-Publishing-Platform/tools/cockroach-data/logs/heap_profiler/memstats.2026-09-23T17_34_22.977.1356988416.txt
/home/azureuser/IrakIroan/Google_Drive_Backup/Extracted files/mdkamruzzamanirak_gmail_com/Article-Publishing-Platform/tools/cockroach-data/logs/heap_profiler/memstats.2026-09-20T07_04_16.110.1173143552.txt
/home/azureuser/IrakIroan/Google_Drive_Backup/Extracted files/mdkamruzzamanirak_gmail_com/Article-Publishing-Platform/tools/cockroach-data/logs/heap_profiler/memstats.2026-09-17T18_00_48.374.1158385664.txt
/home/azureuser/IrakIroan/Google_Drive_Backup/Extracted files/mdkamruzzamanirak_gmail_com/Article-Publishing-Platform/tools/cockroach-data/logs/heap_profiler/memstats.2026-09-20T07_04_56.112.1173426176.txt
/home/azureuser/IrakIroan/Google_Drive_Backup/Extracted files/mdkamruzzamanirak_gmail_com/Article-Publishing-Platform/tools/cockroach-data/logs/heap_profiler/memstats.2026-09-24T09_39_36.242.953548800.txt
/home/azureuser/IrakIroan/Google_Drive_Backup/Extracted files/mdkamruzzamanirak_gmail_com/Article-Publishing-Platform/tools/cockroach-data/logs/heap_profiler/memstats.2026-09-18T06_33_05.698.940052480.txt
/home/azureuser/IrakIroan/Google_Drive_Backup/Extracted files/mdkamruzzamanirak_gmail_com/Article-Publishing-Platform/tools/cockroach-data/logs/heap_profiler/memstats.2026-09-23T16_41_33.020.1306161152.txt
/home/azureuser/IrakIroan/Google_Drive_Backup/Extracted files/mdkamruzzamanirak_gmail_com/Article-Publishing-Platform/tools/cockroach-data/logs/heap_profiler/memstats.2026-09-20T07_04_46.112.1173291008.txt
/home/azureuser/IrakIroan/Google_Drive_Backup/Extracted files/mdkamruzzamanirak_gmail_com/Article-Publishing-Platform/tools/cockroach-data/logs/heap_profiler/memstats.2026-09-18T06_01_45.577.915496960.txt
/home/azureuser/IrakIroan/Google_Drive_Backup/Extracted files/mdkamruzzamanirak_gmail_com/Article-Publishing-Platform/tools/cockroach-data/logs/heap_profiler/memstats.2026-09-20T14_43_47.793.1302405120.txt
/home/azureuser/IrakIroan/Google_Drive_Backup/Extracted files/mdkamruzzamanirak_gmail_com/Article-Publishing-Platform/tools/cockroach-data/logs/heap_profiler/memstats.2026-09-23T21_12_43.700.1266241536.txt
/home/azureuser/IrakIroan/Google_Drive_Backup/Extracted files/mdkamruzzamanirak_gmail_com/Article-Publishing-Platform/tools/cockroach-data/logs/heap_profiler/memstats.2026-09-23T21_04_03.673.1264893952.txt
/home/azureuser/IrakIroan/Google_Drive_Backup/Extracted files/mdkamruzzamanirak_gmail_com/Article-Publishing-Platform/tools/cockroach-data/logs/heap_profiler/memstats.2026-09-19T22_24_44.458.1186869248.txt
/home/azureuser/IrakIroan/Google_Drive_Backup/Extracted files/mdkamruzzamanirak_gmail_com/Article-Publishing-Platform/tools/cockroach-data/logs/heap_profiler/memstats.2026-09-24T05_45_55.456.1229996032.txt
/home/azureuser/IrakIroan/Google_Drive_Backup/Extracted files/mdkamruzzamanirak_gmail_com/Article-Publishing-Platform/tools/cockroach-data/logs/heap_profiler/memstats.2026-09-23T20_02_23.470.1458712576.txt
/home/azureuser/IrakIroan/Google_Drive_Backup/Extracted files/mdkamruzzamanirak_gmail_com/Article-Publishing-Platform/tools/cockroach-data/logs/heap_profiler/memstats.2026-09-23T21_32_43.769.1288593408.txt
/home/azureuser/IrakIroan/Google_Drive_Backup/Extracted files/mdkamruzzamanirak_gmail_com/Article-Publishing-Platform/tools/cockroach-data/logs/heap_profiler/memstats.2026-09-23T20_03_23.474.1458716672.txt
/home/azureuser/IrakIroan/Google_Drive_Backup/Extracted files/mdkamruzzamanirak_gmail_com/Article-Publishing-Platform/tools/cockroach-data/logs/heap_profiler/memstats.2026-09-17T17_59_28.269.1156501504.txt
/home/azureuser/IrakIroan/Google_Drive_Backup/Extracted files/mdkamruzzamanirak_gmail_com/Article-Publishing-Platform/tools/cockroach-data/logs/heap_profiler/memstats.2026-09-23T21_04_13.672.1265344512.txt
/home/azureuser/IrakIroan/Google_Drive_Backup/Extracted files/mdkamruzzamanirak_gmail_com/Article-Publishing-Platform/tools/cockroach-data/logs/heap_profiler/memstats.2026-09-17T16_36_07.943.1168957440.txt
/home/azureuser/IrakIroan/Google_Drive_Backup/Extracted files/mdkamruzzamanirak_gmail_com/Article-Publishing-Platform/tools/cockroach-data/logs/heap_profiler/memstats.2026-09-17T16_25_37.908.1151160320.txt
/home/azureuser/IrakIroan/Google_Drive_Backup/Extracted files/mdkamruzzamanirak_gmail_com/Article-Publishing-Platform/tools/cockroach-data/logs/heap_profiler/memstats.2026-09-17T16_35_47.942.1168490496.txt
/home/azureuser/IrakIroan/Google_Drive_Backup/Extracted files/mdkamruzzamanirak_gmail_com/Article-Publishing-Platform/tools/cockroach-data/logs/heap_profiler/memstats.2026-09-17T18_00_38.374.1157046272.txt
/home/azureuser/IrakIroan/Google_Drive_Backup/Extracted files/mdkamruzzamanirak_gmail_com/Article-Publishing-Platform/tools/cockroach-data/logs/heap_profiler/memstats.2026-09-17T16_35_57.942.1168936960.txt
/home/azureuser/IrakIroan/Google_Drive_Backup/Extracted files/mdkamruzzamanirak_gmail_com/Article-Publishing-Platform/tools/cockroach-data/logs/heap_profiler/memstats.2026-09-18T09_30_46.452.1093685248.txt
/home/azureuser/IrakIroan/Google_Drive_Backup/Extracted files/mdkamruzzamanirak_gmail_com/Article-Publishing-Platform/tools/cockroach-data/logs/heap_profiler/memstats.2026-09-18T08_28_06.209.1066315776.txt
/home/azureuser/IrakIroan/Google_Drive_Backup/Extracted files/mdkamruzzamanirak_gmail_com/Article-Publishing-Platform/tools/cockroach-data/logs/heap_profiler/memstats.2026-09-20T14_43_37.794.1298976768.txt
/home/azureuser/IrakIroan/Google_Drive_Backup/Extracted files/mdkamruzzamanirak_gmail_com/Article-Publishing-Platform/tools/cockroach-data/logs/heap_profiler/memstats.2026-09-23T19_17_53.316.1286189056.txt
/home/azureuser/IrakIroan/Google_Drive_Backup/Extracted files/mdkamruzzamanirak_gmail_com/Article-Publishing-Platform/tools/cockroach-data/logs/heap_profiler/memstats.2026-09-24T04_43_05.234.1313476608.txt
/home/azureuser/IrakIroan/Google_Drive_Backup/Extracted files/mdkamruzzamanirak_gmail_com/Article-Publishing-Platform/tools/cockroach-data/logs/heap_profiler/memstats.2026-09-18T05_30_35.463.902496256.txt
/home/azureuser/IrakIroan/Google_Drive_Backup/Extracted files/mdkamruzzamanirak_gmail_com/Article-Publishing-Platform/tools/cockroach-data/logs/heap_profiler/memstats.2026-09-20T08_16_06.351.1154351104.txt
/home/azureuser/IrakIroan/Google_Drive_Backup/Extracted files/mdkamruzzamanirak_gmail_com/Article-Publishing-Platform/tools/cockroach-data/logs/cockroach-telemetry.instance-20260925-131309.mdkamruzzamanirakgmailcom.2026-09-25T13_33_18Z.001204.log
/home/azureuser/IrakIroan/Google_Drive_Backup/Extracted files/mdkamruzzamanirak_gmail_com/Article-Publishing-Platform/tools/cockroach-data/logs/cockroach-kv-distribution.openclaw-server.mdkamruzzamanirakgmailcom.2026-09-20T22_46_53Z.012704.log
/home/azureuser/IrakIroan/Google_Drive_Backup/Extracted files/mdkamruzzamanirak_gmail_com/Article-Publishing-Platform/tools/cockroach-data/logs/cockroach-health.openclaw-server.mdkamruzzamanirakgmailcom.2026-09-17T06_26_25Z.225378.log
/home/azureuser/IrakIroan/Google_Drive_Backup/Extracted files/mdkamruzzamanirak_gmail_com/Article-Publishing-Platform/tools/cockroach-data/logs/cockroach.instance-20260925-131309.mdkamruzzamanirakgmailcom.2026-09-25T13_33_10Z.001204.log
/home/azureuser/IrakIroan/Google_Drive_Backup/Extracted files/mdkamruzzamanirak_gmail_com/Article-Publishing-Platform/tools/cockroach-data/logs/cockroach-pebble.openclaw-server.mdkamruzzamanirakgmailcom.2026-09-17T06_26_24Z.225378.log
/home/azureuser/IrakIroan/Google_Drive_Backup/Extracted files/mdkamruzzamanirak_gmail_com/Article-Publishing-Platform/tools/cockroach-data/logs/cockroach-kv-distribution.openclaw-server.mdkamruzzamanirakgmailcom.2026-09-21T08_38_53Z.012704.log
/home/azureuser/IrakIroan/Google_Drive_Backup/Extracted files/mdkamruzzamanirak_gmail_com/Article-Publishing-Platform/tools/cockroach-data/logs/cockroach-health.openclaw-server.mdkamruzzamanirakgmailcom.2026-09-20T22_02_49Z.012704.log
/home/azureuser/IrakIroan/Google_Drive_Backup/Extracted files/mdkamruzzamanirak_gmail_com/Article-Publishing-Platform/tools/cockroach-data/logs/cockroach-health.openclaw-server.mdkamruzzamanirakgmailcom.2026-09-17T03_36_08Z.187096.log
/home/azureuser/IrakIroan/Google_Drive_Backup/Extracted files/mdkamruzzamanirak_gmail_com/Article-Publishing-Platform/tools/cockroach-data/logs/cockroach-telemetry.openclaw-server.mdkamruzzamanirakgmailcom.2026-09-23T04_35_40Z.012704.log
/home/azureuser/IrakIroan/Google_Drive_Backup/Extracted files/mdkamruzzamanirak_gmail_com/Article-Publishing-Platform/tools/cockroach-data/logs/cockroach-kv-distribution.openclaw-server.mdkamruzzamanirakgmailcom.2026-09-23T18_24_53Z.012704.log
/home/azureuser/IrakIroan/Google_Drive_Backup/Extracted files/mdkamruzzamanirak_gmail_com/Article-Publishing-Platform/tools/cockroach-data/logs/cockroach-health.openclaw-server.mdkamruzzamanirakgmailcom.2026-09-23T08_46_41Z.012704.log
/home/azureuser/IrakIroan/Google_Drive_Backup/Extracted files/mdkamruzzamanirak_gmail_com/Article-Publishing-Platform/tools/cockroach-data/logs/cockroach-health.instance-20260925-131309.mdkamruzzamanirakgmailcom.2026-09-25T13_33_16Z.001204.log
/home/azureuser/IrakIroan/Google_Drive_Backup/Extracted files/mdkamruzzamanirak_gmail_com/Article-Publishing-Platform/tools/cockroach-data/logs/cockroach-health.openclaw-server.mdkamruzzamanirakgmailcom.2026-09-19T16_34_53Z.012704.log
/home/azureuser/IrakIroan/Google_Drive_Backup/Extracted files/mdkamruzzamanirak_gmail_com/Article-Publishing-Platform/tools/cockroach-data/logs/cockroach-kv-distribution.openclaw-server.mdkamruzzamanirakgmailcom.2026-09-20T12_45_53Z.012704.log
/home/azureuser/IrakIroan/Google_Drive_Backup/Extracted files/mdkamruzzamanirak_gmail_com/Article-Publishing-Platform/tools/cockroach-data/logs/cockroach-kv-distribution.openclaw-server.mdkamruzzamanirakgmailcom.2026-09-21T18_26_53Z.012704.log
/home/azureuser/IrakIroan/Google_Drive_Backup/Extracted files/mdkamruzzamanirak_gmail_com/Article-Publishing-Platform/tools/cockroach-data/logs/cockroach.openclaw-server.mdkamruzzamanirakgmailcom.2026-09-17T03_36_08Z.187096.log
/home/azureuser/IrakIroan/Google_Drive_Backup/Extracted files/mdkamruzzamanirak_gmail_com/Article-Publishing-Platform/tools/cockroach-data/logs/cockroach-kv-distribution.openclaw-server.mdkamruzzamanirakgmailcom.2026-09-22T04_13_53Z.012704.log
/home/azureuser/IrakIroan/Google_Drive_Backup/Extracted files/mdkamruzzamanirak_gmail_com/Article-Publishing-Platform/tools/cockroach-data/logs/cockroach-kv-distribution.openclaw-server.mdkamruzzamanirakgmailcom.2026-09-24T03_40_53Z.012704.log
/home/azureuser/IrakIroan/Google_Drive_Backup/Extracted files/mdkamruzzamanirak_gmail_com/Article-Publishing-Platform/tools/cockroach-data/012056.sst
/home/azureuser/IrakIroan/Google_Drive_Backup/Extracted files/mdkamruzzamanirak_gmail_com/Article-Publishing-Platform/tools/yugabyte-data/data/yb-data/master/logs/yb-master.openclaw-server.mdkamruzzamanirak_gmail_com.log.INFO.20260917-033818.192860
/home/azureuser/IrakIroan/Google_Drive_Backup/Extracted files/mdkamruzzamanirak_gmail_com/Article-Publishing-Platform/tools/yugabyte-data/data/yb-data/master/logs/yb-master.openclaw-server.mdkamruzzamanirak_gmail_com.log.INFO.20260917-111615.280564
/home/azureuser/IrakIroan/Google_Drive_Backup/Extracted files/mdkamruzzamanirak_gmail_com/Article-Publishing-Platform/tools/yugabyte-data/data/yb-data/master/wals/table-sys.catalog.uuid/tablet-00000000000000000000000000000000/wal-000000005
/home/azureuser/IrakIroan/Google_Drive_Backup/Extracted files/mdkamruzzamanirak_gmail_com/Article-Publishing-Platform/tools/yugabyte-data/data/yb-data/master/tablet-meta/00000000000000000000000000000000
/home/azureuser/IrakIroan/Google_Drive_Backup/Extracted files/mdkamruzzamanirak_gmail_com/Article-Publishing-Platform/tools/yugabyte-data/data/yb-data/tserver/logs/yb-tserver.openclaw-server.mdkamruzzamanirak_gmail_com.log.INFO.20260917-033826.192943
/home/azureuser/IrakIroan/Google_Drive_Backup/Extracted files/mdkamruzzamanirak_gmail_com/Article-Publishing-Platform/tools/yugabyte-data/data/yb-data/tserver/logs/yb-tserver.openclaw-server.mdkamruzzamanirak_gmail_com.log.WARNING.20260917-111619.280565
/home/azureuser/IrakIroan/Google_Drive_Backup/Extracted files/mdkamruzzamanirak_gmail_com/Article-Publishing-Platform/tools/yugabyte-data/data/yb-data/tserver/logs/yb-tserver.openclaw-server.mdkamruzzamanirak_gmail_com.log.INFO.20260917-111615.280565
/home/azureuser/IrakIroan/Google_Drive_Backup/Extracted files/mdkamruzzamanirak_gmail_com/Article-Publishing-Platform/tools/yugabyte-data/data/yb-data/tserver/wals/table-00004001000030008000000000004072/tablet-90511122dea74c9f8090ffc83d5658bc/wal-000000001
/home/azureuser/IrakIroan/Google_Drive_Backup/Extracted files/mdkamruzzamanirak_gmail_com/Article-Publishing-Platform/tools/yugabyte-data/data/yb-data/tserver/tablet-meta/90511122dea74c9f8090ffc83d5658bc
/home/azureuser/IrakIroan/Google_Drive_Backup/Extracted files/mdkamruzzamanirak_gmail_com/Article-Publishing-Platform/tools/yugabyte-data/data/yb-data/tserver/data/rocksdb/table-00004001000030008000000000004072/tablet-90511122dea74c9f8090ffc83d5658bc/OPTIONS-000010
/home/azureuser/IrakIroan/Google_Drive_Backup/Extracted files/mdkamruzzamanirak_gmail_com/Article-Publishing-Platform/tools/yugabyte-data/data/yb-data/tserver/data/rocksdb/table-00004001000030008000000000004072/tablet-90511122dea74c9f8090ffc83d5658bc/OPTIONS-000012
/home/azureuser/IrakIroan/Google_Drive_Backup/Extracted files/mdkamruzzamanirak_gmail_com/Article-Publishing-Platform/tools/yugabyte-data/data/yb-data/tserver/data/rocksdb/table-00004001000030008000000000004072/tablet-90511122dea74c9f8090ffc83d5658bc.intents/OPTIONS-000010
/home/azureuser/IrakIroan/Google_Drive_Backup/Extracted files/mdkamruzzamanirak_gmail_com/Article-Publishing-Platform/tools/yugabyte-data/data/yb-data/tserver/data/rocksdb/table-00004001000030008000000000004072/tablet-90511122dea74c9f8090ffc83d5658bc.intents/OPTIONS-000012
/home/azureuser/IrakIroan/Google_Drive_Backup/Extracted files/mdkamruzzamanirak_gmail_com/flutter/dev/benchmarks/microbenchmarks/money_asset_manifest.json
/home/azureuser/IrakIroan/Google_Drive_Backup/Extracted files/mdkamruzzamanirak_gmail_com/flutter/docs/releases/archive/PRs-merged-between-1.7.8-and-1.9.1.md
/home/azureuser/IrakIroan/Google_Drive_Backup/Extracted files/mdkamruzzamanirak_gmail_com/flutter/docs/releases/archive/Commits-Between-1.2.1-and-1.5.4.md
/home/azureuser/IrakIroan/Google_Drive_Backup/Extracted files/mdkamruzzamanirak_gmail_com/flutter/packages/flutter/lib/src/material/animated_icons/data/menu_close.g.dart
/home/azureuser/IrakIroan/Google_Drive_Backup/Extracted files/mdkamruzzamanirak_gmail_com/flutter/packages/flutter/lib/src/material/animated_icons/data/menu_arrow.g.dart
/home/azureuser/IrakIroan/Google_Drive_Backup/Extracted files/mdkamruzzamanirak_gmail_com/flutter/packages/flutter/lib/src/material/animated_icons/data/event_add.g.dart
/home/azureuser/IrakIroan/Google_Drive_Backup/Extracted files/mdkamruzzamanirak_gmail_com/flutter/packages/flutter/lib/src/material/animated_icons/data/view_list.g.dart
/home/azureuser/IrakIroan/Google_Drive_Backup/Extracted files/mdkamruzzamanirak_gmail_com/flutter/packages/flutter/lib/src/material/animated_icons/data/list_view.g.dart
/home/azureuser/IrakIroan/Google_Drive_Backup/Extracted files/mdkamruzzamanirak_gmail_com/flutter/packages/flutter/lib/src/material/animated_icons/data/ellipsis_search.g.dart
/home/azureuser/IrakIroan/Google_Drive_Backup/Extracted files/mdkamruzzamanirak_gmail_com/flutter/packages/flutter/lib/src/material/animated_icons/data/arrow_menu.g.dart
/home/azureuser/IrakIroan/Google_Drive_Backup/Extracted files/mdkamruzzamanirak_gmail_com/flutter/packages/flutter/lib/src/material/animated_icons/data/home_menu.g.dart
/home/azureuser/IrakIroan/Google_Drive_Backup/Extracted files/mdkamruzzamanirak_gmail_com/flutter/packages/flutter/coverage/lcov.base.info
/home/azureuser/IrakIroan/Google_Drive_Backup/Extracted files/mdkamruzzamanirak_gmail_com/flutter/packages/flutter/coverage/lcov.info
/home/azureuser/IrakIroan/Google_Drive_Backup/Extracted files/mdkamruzzamanirak_gmail_com/flutter/packages/flutter/test/material/tabs_test.dart
/home/azureuser/IrakIroan/Google_Drive_Backup/Extracted files/mdkamruzzamanirak_gmail_com/flutter/packages/flutter/test/material/progress_indicator_theme_test.dart
/home/azureuser/IrakIroan/Google_Drive_Backup/Extracted files/mdkamruzzamanirak_gmail_com/flutter/bin/cache/dart-sdk/bin/snapshots/analysis_server_aot.dart.snapshot
/home/azureuser/IrakIroan/Google_Drive_Backup/Extracted files/mdkamruzzamanirak_gmail_com/flutter/bin/cache/dart-sdk/bin/snapshots/analysis_server.dart.snapshot
/home/azureuser/IrakIroan/Google_Drive_Backup/Extracted files/mdkamruzzamanirak_gmail_com/flutter/bin/cache/dart-sdk/bin/dartaotruntime_msan
/home/azureuser/IrakIroan/Google_Drive_Backup/Extracted files/mdkamruzzamanirak_gmail_com/flutter/bin/cache/dart-sdk/bin/resources/devtools/main.dart.js.map
/home/azureuser/IrakIroan/Google_Drive_Backup/Extracted files/mdkamruzzamanirak_gmail_com/flutter/bin/cache/dart-sdk/bin/resources/devtools/main.dart.wasm.map
/home/azureuser/IrakIroan/Google_Drive_Backup/Extracted files/mdkamruzzamanirak_gmail_com/flutter/bin/cache/dart-sdk/bin/resources/devtools/canvaskit/wimp.js.symbols
/home/azureuser/IrakIroan/Google_Drive_Backup/Extracted files/mdkamruzzamanirak_gmail_com/flutter/bin/cache/dart-sdk/bin/resources/devtools/canvaskit/skwasm.js.symbols
/home/azureuser/IrakIroan/Google_Drive_Backup/Extracted files/mdkamruzzamanirak_gmail_com/flutter/bin/cache/dart-sdk/bin/resources/devtools/canvaskit/webparagraph/canvaskit.js.symbols
/home/azureuser/IrakIroan/Google_Drive_Backup/Extracted files/mdkamruzzamanirak_gmail_com/flutter/bin/cache/dart-sdk/bin/resources/devtools/canvaskit/skwasm_heavy.js.symbols
/home/azureuser/IrakIroan/Google_Drive_Backup/Extracted files/mdkamruzzamanirak_gmail_com/flutter/bin/cache/dart-sdk/bin/resources/devtools/canvaskit/chromium/canvaskit.js.symbols
/home/azureuser/IrakIroan/Google_Drive_Backup/Extracted files/mdkamruzzamanirak_gmail_com/flutter/bin/cache/dart-sdk/bin/resources/devtools/canvaskit/canvaskit.js.symbols
/home/azureuser/IrakIroan/Google_Drive_Backup/Extracted files/mdkamruzzamanirak_gmail_com/flutter/bin/cache/dart-sdk/bin/resources/devtools/canvaskit/wimp.wasm
/home/azureuser/IrakIroan/Google_Drive_Backup/Extracted files/mdkamruzzamanirak_gmail_com/flutter/bin/cache/dart-sdk/bin/resources/devtools/assets/packages/perfetto_ui_compiled/dist/v34.0-16f63abe3/trace_processor.wasm
/home/azureuser/IrakIroan/Google_Drive_Backup/Extracted files/mdkamruzzamanirak_gmail_com/flutter/bin/cache/dart-sdk/bin/dartaotruntime_tsan
/home/azureuser/IrakIroan/Google_Drive_Backup/Extracted files/mdkamruzzamanirak_gmail_com/flutter/bin/cache/dart-sdk/bin/utils/wasm-opt
/home/azureuser/IrakIroan/Google_Drive_Backup/Extracted files/mdkamruzzamanirak_gmail_com/flutter/bin/cache/flutter_web_sdk/lib/ui/src/engine/font_fallback_data.dart
/home/azureuser/IrakIroan/Google_Drive_Backup/Extracted files/mdkamruzzamanirak_gmail_com/flutter/bin/cache/flutter_web_sdk/lib/_engine/engine/font_fallback_data.dart
/home/azureuser/IrakIroan/Google_Drive_Backup/Extracted files/mdkamruzzamanirak_gmail_com/flutter/bin/cache/flutter_web_sdk/canvaskit/wimp.js.symbols
/home/azureuser/IrakIroan/Google_Drive_Backup/Extracted files/mdkamruzzamanirak_gmail_com/flutter/bin/cache/flutter_web_sdk/canvaskit/skwasm.js.symbols
/home/azureuser/IrakIroan/Google_Drive_Backup/Extracted files/mdkamruzzamanirak_gmail_com/flutter/bin/cache/flutter_web_sdk/canvaskit/webparagraph/canvaskit.js.symbols
/home/azureuser/IrakIroan/Google_Drive_Backup/Extracted files/mdkamruzzamanirak_gmail_com/flutter/bin/cache/flutter_web_sdk/canvaskit/skwasm_heavy.js.symbols
/home/azureuser/IrakIroan/Google_Drive_Backup/Extracted files/mdkamruzzamanirak_gmail_com/flutter/bin/cache/flutter_web_sdk/canvaskit/chromium/canvaskit.js.symbols
/home/azureuser/IrakIroan/Google_Drive_Backup/Extracted files/mdkamruzzamanirak_gmail_com/flutter/bin/cache/flutter_web_sdk/canvaskit/canvaskit.js.symbols
/home/azureuser/IrakIroan/Google_Drive_Backup/Extracted files/mdkamruzzamanirak_gmail_com/flutter/bin/cache/flutter_web_sdk/canvaskit/wimp.wasm
/home/azureuser/IrakIroan/Google_Drive_Backup/Extracted files/mdkamruzzamanirak_gmail_com/flutter/bin/cache/flutter_web_sdk/kernel/dart2js_platform.dill
/home/azureuser/IrakIroan/Google_Drive_Backup/Extracted files/mdkamruzzamanirak_gmail_com/flutter/bin/cache/flutter_web_sdk/kernel/dart2wasm_platform.dill
/home/azureuser/IrakIroan/Google_Drive_Backup/Extracted files/mdkamruzzamanirak_gmail_com/flutter/bin/cache/flutter_tools.snapshot
/home/azureuser/IrakIroan/Google_Drive_Backup/Extracted files/mdkamruzzamanirak_gmail_com/flutter/bin/cache/artifacts/engine/linux-x64-release/gen_snapshot
/home/azureuser/IrakIroan/Google_Drive_Backup/Extracted files/mdkamruzzamanirak_gmail_com/flutter/bin/cache/artifacts/engine/linux-x64-release/libflutter_linux_gtk.so
/home/azureuser/IrakIroan/Google_Drive_Backup/Extracted files/mdkamruzzamanirak_gmail_com/flutter/bin/cache/artifacts/engine/android-x64-profile/linux-x64/gen_snapshot
/home/azureuser/IrakIroan/Google_Drive_Backup/Extracted files/mdkamruzzamanirak_gmail_com/flutter/bin/cache/artifacts/engine/linux-x64/gen_snapshot
/home/azureuser/IrakIroan/Google_Drive_Backup/Extracted files/mdkamruzzamanirak_gmail_com/flutter/bin/cache/artifacts/engine/linux-x64/flutter_tester
/home/azureuser/IrakIroan/Google_Drive_Backup/Extracted files/mdkamruzzamanirak_gmail_com/flutter/bin/cache/artifacts/engine/linux-x64/libtessellator.so
/home/azureuser/IrakIroan/Google_Drive_Backup/Extracted files/mdkamruzzamanirak_gmail_com/flutter/bin/cache/artifacts/engine/linux-x64/libflutter_linux_gtk.so
/home/azureuser/IrakIroan/Google_Drive_Backup/Extracted files/mdkamruzzamanirak_gmail_com/flutter/bin/cache/artifacts/engine/linux-x64/impellerc
/home/azureuser/IrakIroan/Google_Drive_Backup/Extracted files/mdkamruzzamanirak_gmail_com/flutter/bin/cache/artifacts/engine/linux-x64/font-subset
/home/azureuser/IrakIroan/Google_Drive_Backup/Extracted files/mdkamruzzamanirak_gmail_com/flutter/bin/cache/artifacts/engine/linux-x64/libpath_ops.so
/home/azureuser/IrakIroan/Google_Drive_Backup/Extracted files/mdkamruzzamanirak_gmail_com/flutter/bin/cache/artifacts/engine/android-arm64-profile/linux-x64/gen_snapshot
/home/azureuser/IrakIroan/Google_Drive_Backup/Extracted files/mdkamruzzamanirak_gmail_com/flutter/bin/cache/artifacts/engine/android-arm-release/linux-x64/gen_snapshot
/home/azureuser/IrakIroan/Google_Drive_Backup/Extracted files/mdkamruzzamanirak_gmail_com/flutter/bin/cache/artifacts/engine/android-arm-profile/linux-x64/gen_snapshot
/home/azureuser/IrakIroan/Google_Drive_Backup/Extracted files/mdkamruzzamanirak_gmail_com/flutter/bin/cache/artifacts/engine/linux-x64-profile/gen_snapshot
/home/azureuser/IrakIroan/Google_Drive_Backup/Extracted files/mdkamruzzamanirak_gmail_com/flutter/bin/cache/artifacts/engine/linux-x64-profile/libflutter_linux_gtk.so
/home/azureuser/IrakIroan/Google_Drive_Backup/Extracted files/mdkamruzzamanirak_gmail_com/flutter/bin/cache/artifacts/engine/android-arm64-release/linux-x64/gen_snapshot
/home/azureuser/IrakIroan/Google_Drive_Backup/Extracted files/mdkamruzzamanirak_gmail_com/flutter/bin/cache/artifacts/engine/android-x64-release/linux-x64/gen_snapshot
/home/azureuser/IrakIroan/Google_Drive_Backup/Extracted files/mdkamruzzamanirak_gmail_com/flutter/engine/src/flutter/display_list/skia/dl_sk_conversions.cc
/home/azureuser/IrakIroan/Google_Drive_Backup/Extracted files/mdkamruzzamanirak_gmail_com/flutter/engine/src/flutter/lib/web_ui/lib/src/engine/font_fallback_data.dart
/home/azureuser/IrakIroan/Google_Drive_Backup/Extracted files/mdkamruzzamanirak_gmail_com/.config/google-chrome-headless/scoped_dir1DAIIG/optimization_guide_model_store/15/E6DC4029A1E4B4C1/A74C884ECE3B4878/model.tflite
/home/azureuser/IrakIroan/Google_Drive_Backup/Extracted files/mdkamruzzamanirak_gmail_com/.config/google-chrome-headless/scoped_dirI1zUeQ/optimization_guide_model_store/15/E6DC4029A1E4B4C1/F8827D92B7F968A6/model.tflite
/home/azureuser/IrakIroan/Google_Drive_Backup/Extracted files/mdkamruzzamanirak_gmail_com/.config/google-chrome-headless/scoped_dirI1zUeQ/component_crx_cache/485187ce78b5eaa19aaba6cb088a3d8ef80fafe00f5068fa71a7989775436e2e
/home/azureuser/IrakIroan/Google_Drive_Backup/Extracted files/mdkamruzzamanirak_gmail_com/.config/google-chrome-headless/scoped_dirI1zUeQ/ZxcvbnData/3/ranked_dicts
/home/azureuser/IrakIroan/Google_Drive_Backup/Extracted files/mdkamruzzamanirak_gmail_com/.config/google-chrome-headless/scoped_dirI1zUeQ/ZxcvbnData/3/passwords.txt
/home/azureuser/IrakIroan/Google_Drive_Backup/Extracted files/mdkamruzzamanirak_gmail_com/.config/google-chrome-headless/scoped_dirI1zUeQ/WasmTtsEngine/20260826.1/bindings_main.wasm
/home/azureuser/IrakIroan/Google_Drive_Backup/Extracted files/mdkamruzzamanirak_gmail_com/.config/google-chrome/Profile_Irak_Master/History
/home/azureuser/IrakIroan/Google_Drive_Backup/Extracted files/mdkamruzzamanirak_gmail_com/.config/google-chrome/Profile_Irak_Master/Extensions/fdpohaocaechififmbbbbbknoalclacl/8.7_0/editor.2908f581.js
/home/azureuser/IrakIroan/Google_Drive_Backup/Extracted files/mdkamruzzamanirak_gmail_com/.config/google-chrome/Profile_Irak_Master/Extensions/fdpohaocaechififmbbbbbknoalclacl/8.7_0/editor.992a1ca2.js
/home/azureuser/IrakIroan/Google_Drive_Backup/Extracted files/mdkamruzzamanirak_gmail_com/.config/google-chrome/Profile_Irak_Master/Extensions/fdpohaocaechififmbbbbbknoalclacl/8.7_0/editor.fe089e04.js
/home/azureuser/IrakIroan/Google_Drive_Backup/Extracted files/mdkamruzzamanirak_gmail_com/.config/google-chrome/Profile_Irak_Master/Extensions/fdpohaocaechififmbbbbbknoalclacl/8.7_0/editor.b13fb4f0.js
/home/azureuser/IrakIroan/Google_Drive_Backup/Extracted files/mdkamruzzamanirak_gmail_com/.config/google-chrome/Profile_Irak_Master/Extensions/fcoeoabgfenejglbffodgkkbkcdhcgfn/1.0.94_0/assets/chunk-I66GZJ75-CEGO972a.js
/home/azureuser/IrakIroan/Google_Drive_Backup/Extracted files/mdkamruzzamanirak_gmail_com/.config/google-chrome/Profile_Irak_Master/Extensions/fcoeoabgfenejglbffodgkkbkcdhcgfn/1.0.94_0/assets/katex-DAeKdl4f.js
/home/azureuser/IrakIroan/Google_Drive_Backup/Extracted files/mdkamruzzamanirak_gmail_com/.config/google-chrome/Profile_Irak_Master/Extensions/fcoeoabgfenejglbffodgkkbkcdhcgfn/1.0.94_0/assets/katex-C_3FJ1Dt.js
/home/azureuser/IrakIroan/Google_Drive_Backup/Extracted files/mdkamruzzamanirak_gmail_com/.config/google-chrome/Profile_Irak_Master/Extensions/fcoeoabgfenejglbffodgkkbkcdhcgfn/1.0.93_0/assets/katex-DAeKdl4f.js
/home/azureuser/IrakIroan/Google_Drive_Backup/Extracted files/mdkamruzzamanirak_gmail_com/.config/google-chrome/Profile_Irak_Master/Extensions/fcoeoabgfenejglbffodgkkbkcdhcgfn/1.0.93_0/assets/chunk-I66GZJ75-MfhjW-Mj.js
/home/azureuser/IrakIroan/Google_Drive_Backup/Extracted files/mdkamruzzamanirak_gmail_com/.config/google-chrome/Profile_Irak_Master/Extensions/fcoeoabgfenejglbffodgkkbkcdhcgfn/1.0.93_0/assets/katex-C_3FJ1Dt.js
/home/azureuser/IrakIroan/Google_Drive_Backup/Extracted files/mdkamruzzamanirak_gmail_com/.config/google-chrome/Profile_Irak_Master/Extensions/lgblnfidahcdcjddiepkckcfdhpknnjh/2.1.71_0/_metadata/generated_indexed_rulesets/_ruleset3
/home/azureuser/IrakIroan/Google_Drive_Backup/Extracted files/mdkamruzzamanirak_gmail_com/.config/google-chrome/Profile_Irak_Master/Extensions/lgblnfidahcdcjddiepkckcfdhpknnjh/2.1.71_0/declarative_net_request/requests.json
/home/azureuser/IrakIroan/Google_Drive_Backup/Extracted files/mdkamruzzamanirak_gmail_com/.config/google-chrome/Profile_Irak_Master/Extensions/lgblnfidahcdcjddiepkckcfdhpknnjh/2.1.71_0/declarative_net_request/filter1-requests.json
/home/azureuser/IrakIroan/Google_Drive_Backup/Extracted files/mdkamruzzamanirak_gmail_com/.config/google-chrome/Profile_Irak_Master/Extensions/ponfpcnoihfmfllpaingbgckeeldkhle/3.0.19_0/css/themes/dark-slate-grey.css
/home/azureuser/IrakIroan/Google_Drive_Backup/Extracted files/mdkamruzzamanirak_gmail_com/.config/google-chrome/Profile_Irak_Master/Extension State/000012.ldb
/home/azureuser/IrakIroan/Google_Drive_Backup/Extracted files/mdkamruzzamanirak_gmail_com/.config/google-chrome/Profile_Irak_Master/Extension State/000011.log
/home/azureuser/IrakIroan/Google_Drive_Backup/Extracted files/mdkamruzzamanirak_gmail_com/.config/google-chrome/Profile_Irak_Master/Extension State/000008.ldb
/home/azureuser/IrakIroan/Google_Drive_Backup/Extracted files/mdkamruzzamanirak_gmail_com/.config/google-chrome/Profile_Irak_Master/Favicons
/home/azureuser/IrakIroan/Google_Drive_Backup/Extracted files/mdkamruzzamanirak_gmail_com/.config/google-chrome/Profile_Irak_Master/AccountBookmarks
/home/azureuser/IrakIroan/Google_Drive_Backup/Extracted files/mdkamruzzamanirak_gmail_com/.config/google-chrome/Profile_Irak_Master/Preferences
/home/azureuser/IrakIroan/Google_Drive_Backup/Extracted files/mdkamruzzamanirak_gmail_com/.config/google-chrome/optimization_guide_model_store/15/E6DC4029A1E4B4C1/5E8D62A6A29CD4A3/model.tflite
/home/azureuser/IrakIroan/Google_Drive_Backup/Extracted files/mdkamruzzamanirak_gmail_com/.config/google-chrome/component_crx_cache/2cae6102f5ebb388df40376976b3eed81d31215bef148e4d8d0ce2a6b2199ae2
/home/azureuser/IrakIroan/Google_Drive_Backup/Extracted files/mdkamruzzamanirak_gmail_com/.config/google-chrome/ZxcvbnData/3/ranked_dicts
/home/azureuser/IrakIroan/Google_Drive_Backup/Extracted files/mdkamruzzamanirak_gmail_com/.config/google-chrome/ZxcvbnData/3/passwords.txt
/home/azureuser/IrakIroan/Google_Drive_Backup/Extracted files/mdkamruzzamanirak_gmail_com/.config/google-chrome/segmentation_platform/ukm_db
/home/azureuser/IrakIroan/Google_Drive_Backup/Extracted files/mdkamruzzamanirak_gmail_com/.config/google-chrome/SODA/1.2.5/SODAFiles/libsoda.so
/home/azureuser/IrakIroan/Google_Drive_Backup/Extracted files/mdkamruzzamanirak_gmail_com/.config/google-chrome/Profile 5/History
/home/azureuser/IrakIroan/Google_Drive_Backup/Extracted files/mdkamruzzamanirak_gmail_com/.config/google-chrome/Profile 5/.com.google.Chrome.d2eoWa
/home/azureuser/IrakIroan/Google_Drive_Backup/Extracted files/mdkamruzzamanirak_gmail_com/.config/google-chrome/Profile 5/Extension State/000003.log
/home/azureuser/IrakIroan/Google_Drive_Backup/Extracted files/mdkamruzzamanirak_gmail_com/.config/google-chrome/Profile 5/Favicons
/home/azureuser/IrakIroan/Google_Drive_Backup/Extracted files/mdkamruzzamanirak_gmail_com/.config/google-chrome/Profile 5/GCM Store/000003.log
/home/azureuser/IrakIroan/Google_Drive_Backup/Extracted files/mdkamruzzamanirak_gmail_com/.config/google-chrome/Profile 5/Top Sites
/home/azureuser/IrakIroan/Google_Drive_Backup/Extracted files/mdkamruzzamanirak_gmail_com/.config/google-chrome/TranslateKit/models/en_es/2024.9.9.1/es_en_nmt/src_spm_model.vocab
/home/azureuser/IrakIroan/Google_Drive_Backup/Extracted files/mdkamruzzamanirak_gmail_com/.config/google-chrome/WasmTtsEngine/20260904.1/bindings_main.wasm
/home/azureuser/IrakIroan/Google_Drive_Backup/Extracted files/mdkamruzzamanirak_gmail_com/openrecall_vault/metadata/b9516e52fe62b58a3058ca8b17c2adf2f04f755d22b5ddbfc7da9d514b40ed10.json
/home/azureuser/IrakIroan/Google_Drive_Backup/Extracted files/mdkamruzzamanirak_gmail_com/openrecall_vault/metadata/ab22898209e8090314407cc18209e6163cad86f106bb72e348bbaa7ca2821065.json
/home/azureuser/IrakIroan/Google_Drive_Backup/Extracted files/mdkamruzzamanirak_gmail_com/openrecall_vault/metadata/86e4c7afb1af411661b74ecd920484ae7f80c411bce00e1ad9fbb59cf84957c9.json
/home/azureuser/IrakIroan/Google_Drive_Backup/Extracted files/mdkamruzzamanirak_gmail_com/openrecall_vault/metadata/be1d1e03a4fe259a907a60fd283501c729014a4e2ff8ef5f15079d0274280908.json
/home/azureuser/IrakIroan/Google_Drive_Backup/Extracted files/mdkamruzzamanirak_gmail_com/openrecall_vault/metadata/e63dbe5cdb93299c082b5934bd6af35c3ffa3bbfd8090b93fc80382f1923e8bd.json
/home/azureuser/IrakIroan/Google_Drive_Backup/Extracted files/mdkamruzzamanirak_gmail_com/openrecall_vault/metadata/bc37262271816963234d130547746db19cc14411077567d3cfaff3dab3a70016.json
/home/azureuser/IrakIroan/Google_Drive_Backup/Extracted files/mdkamruzzamanirak_gmail_com/openrecall_vault/metadata/7b0e01c6238bbef8c47bcb500f1b8f6fd98c88b8ae06e3226452dea05b9454fb.json
/home/azureuser/IrakIroan/Google_Drive_Backup/Extracted files/mdkamruzzamanirak_gmail_com/openrecall_vault/metadata/1ea8e7351196a9945d96bbef7a11b4c3aea8095031151bdec8090a5e2d326930.json
/home/azureuser/IrakIroan/Google_Drive_Backup/Extracted files/mdkamruzzamanirak_gmail_com/openrecall_vault/metadata/9b25391b36f20b3370809097f8ae2beefd834954a2fcd20c372eace3573742a2.json
/home/azureuser/IrakIroan/Google_Drive_Backup/Extracted files/mdkamruzzamanirak_gmail_com/openrecall_vault/metadata/0bacca662ed9293ea7ec83a587b1a51f6776758090986de832e478ee5ac49147.json
/home/azureuser/IrakIroan/Google_Drive_Backup/Extracted files/mdkamruzzamanirak_gmail_com/openrecall_vault/metadata/1c380908741e3bfd5960e57b7fb50c0f7db3b4b371800cebae3d29228e62761e.json
/home/azureuser/IrakIroan/Google_Drive_Backup/Extracted files/mdkamruzzamanirak_gmail_com/openrecall_vault/metadata/cca86aa1707a6587d542203c19af31ac237bbcfbbb90ff7f5450b8fa83d5bf6b.json
/home/azureuser/IrakIroan/Google_Drive_Backup/Extracted files/mdkamruzzamanirak_gmail_com/openrecall_vault/metadata/6fdb0561720ff4be413972b0e99ba37d10101defb4d7d30afe51980902c59041.json
/home/azureuser/IrakIroan/Google_Drive_Backup/Extracted files/mdkamruzzamanirak_gmail_com/openrecall_vault/metadata/37036a932a39abe6ef4f6b29da2447e3a5dacb75be3f68916783f3c9df76d99c.json
/home/azureuser/IrakIroan/Google_Drive_Backup/Extracted files/mdkamruzzamanirak_gmail_com/openrecall_vault/metadata/fad6e9dec9d509177701d207fc92ce2b736a66088090ca75a59d0815b672b55f.json
/home/azureuser/IrakIroan/Google_Drive_Backup/Extracted files/mdkamruzzamanirak_gmail_com/openrecall_vault/metadata/6fca660e634039f9bbe93296a14cc3e821563ad2292884417a8abbbca6c60b3f.json
/home/azureuser/IrakIroan/Google_Drive_Backup/Extracted files/mdkamruzzamanirak_gmail_com/openrecall_vault/metadata/ae809036eec103a82c60ebd895004287c47a37f6c1bfb5b30f90e24cc9bcde15.json
/home/azureuser/IrakIroan/Google_Drive_Backup/Extracted files/mdkamruzzamanirak_gmail_com/openrecall_vault/metadata/7d55bdc30baccb1718580908d8d9cc910ca627e063232c04084adabdecef9b62.json
/home/azureuser/IrakIroan/Google_Drive_Backup/Extracted files/mdkamruzzamanirak_gmail_com/openrecall_vault/metadata/f30b105cc74615efa87349cc37ca1ac1dea5e182160ef6294c2f38fee58a65f6.json
/home/azureuser/IrakIroan/Google_Drive_Backup/Extracted files/mdkamruzzamanirak_gmail_com/openrecall_vault/metadata/b159f0ce50c9f5de51552d4043d1f809013bd114545ea887162fcd5aa5738433.json
/home/azureuser/IrakIroan/Google_Drive_Backup/Extracted files/mdkamruzzamanirak_gmail_com/openrecall_vault/metadata/0c82b4d5136b7769137c6a84168aa4bcb19a6ffca976406bae60b887bc1da4c1.json
/home/azureuser/IrakIroan/Google_Drive_Backup/Extracted files/mdkamruzzamanirak_gmail_com/openrecall_vault/metadata/94c51a072ef280a8b21fb0fb3c6ca21ac002dcadd57f4d809032f0a21cb8470b.json
/home/azureuser/IrakIroan/Google_Drive_Backup/Extracted files/mdkamruzzamanirak_gmail_com/openrecall_vault/metadata/5b180ed76cc4003e11b987a5ffd33a58b19f3d7c361de7d54d29c6d4bcef7603.json
/home/azureuser/IrakIroan/Google_Drive_Backup/Extracted files/mdkamruzzamanirak_gmail_com/openrecall_vault/metadata/f702aa5c48090c1a032f73cd47ef4f6c8a897fa1a2a76cba357ce4a83d3eea63.json
/home/azureuser/IrakIroan/Google_Drive_Backup/Extracted files/mdkamruzzamanirak_gmail_com/openrecall_vault/metadata/d8943b7f4664abcba61550ae9fbe8104ad07a54c78090dcaa1a8e7758d16dfe3.json
/home/azureuser/IrakIroan/Google_Drive_Backup/Extracted files/mdkamruzzamanirak_gmail_com/openrecall_vault/metadata/d8d75710280908fa32d75d073182d0e32b22710b8179ecde28022fadcbf6d7e3.json
/home/azureuser/IrakIroan/Google_Drive_Backup/Extracted files/mdkamruzzamanirak_gmail_com/openrecall_vault/metadata/8c004e5ca7df838ac374580055ba7769acf728f79aadd11a074978090a035350.json
/home/azureuser/IrakIroan/Google_Drive_Backup/Extracted files/mdkamruzzamanirak_gmail_com/openrecall_vault/metadata/3a7eb4efbec1fb044a74809076e5b432f597213203afb92c512ed1402a08cfdd.json
/home/azureuser/IrakIroan/Google_Drive_Backup/Extracted files/mdkamruzzamanirak_gmail_com/openrecall_vault/metadata/fdaf6660b763d167754c61b73322a737b9a48c22b0df1ace0b016ddb3c20baf6.json
/home/azureuser/IrakIroan/Google_Drive_Backup/Extracted files/mdkamruzzamanirak_gmail_com/openrecall_vault/metadata/5e28b44ed028090a20cab2cb3c0d8524775fc3914d7464370fa4437f9655f045.json
/home/azureuser/IrakIroan/Google_Drive_Backup/Extracted files/mdkamruzzamanirak_gmail_com/openrecall_vault/metadata/5c55552586f65d98b50602f5bd9f322fdfc8ddf8b92cd01af6ce191426571c53.json
/home/azureuser/IrakIroan/Google_Drive_Backup/Extracted files/mdkamruzzamanirak_gmail_com/openrecall_vault/screenshots/27cd99c3d4b148c97117ffc94ff976108686df22db0e55d984cde78aa173714f.webp
/home/azureuser/IrakIroan/Google_Drive_Backup/Extracted files/mdkamruzzamanirak_gmail_com/openrecall_vault/screenshots/771244f2b137f01284e46ae4614f019f30a3eca6c9c3c8a4a9e20f6b2a5d196f.webp
/home/azureuser/IrakIroan/Google_Drive_Backup/Extracted files/mdkamruzzamanirak_gmail_com/openrecall_vault/screenshots/68fd7f52f5407a4503c6caa60391dd06423a8414ef2d4a32f481473ecb156d0b.webp
/home/azureuser/IrakIroan/Google_Drive_Backup/Extracted files/mdkamruzzamanirak_gmail_com/openrecall_vault/vault_index.db
/home/azureuser/IrakIroan/Google_Drive_Backup/Extracted files/mdkamruzzamanirak_gmail_com/.gradle/wrapper/dists/gradle-9.3.1-all/9ot9r568e8zfvvd4mn8rbu1j0/gradle-9.3.1/docs/kotlin-dsl/gradle/org.gradle.util/-path/index.html
/home/azureuser/IrakIroan/Google_Drive_Backup/Extracted files/mdkamruzzamanirak_gmail_com/.gradle/wrapper/dists/gradle-9.3.1-all/9ot9r568e8zfvvd4mn8rbu1j0/gradle-9.3.1/docs/kotlin-dsl/gradle/org.gradle.api.publish.ivy/-ivy-module-descriptor-spec/index.html
/home/azureuser/IrakIroan/Google_Drive_Backup/Extracted files/mdkamruzzamanirak_gmail_com/.gradle/wrapper/dists/gradle-9.3.1-all/9ot9r568e8zfvvd4mn8rbu1j0/gradle-9.3.1/docs/kotlin-dsl/gradle/org.gradle.api.distribution.plugins/-distribution-plugin/index.html
/home/azureuser/IrakIroan/Google_Drive_Backup/Extracted files/mdkamruzzamanirak_gmail_com/.gradle/wrapper/dists/gradle-9.3.1-all/9ot9r568e8zfvvd4mn8rbu1j0/gradle-9.3.1/docs/kotlin-dsl/gradle/org.gradle.api.publish.maven/-maven-pom-ci-management/index.html
/home/azureuser/IrakIroan/Google_Drive_Backup/Extracted files/mdkamruzzamanirak_gmail_com/.gradle/wrapper/dists/gradle-9.3.1-all/9ot9r568e8zfvvd4mn8rbu1j0/gradle-9.3.1/docs/kotlin-dsl/gradle/org.gradle.api.publish.maven/-maven-publication/index.html
/home/azureuser/IrakIroan/Google_Drive_Backup/Extracted files/mdkamruzzamanirak_gmail_com/.gradle/wrapper/dists/gradle-9.3.1-all/9ot9r568e8zfvvd4mn8rbu1j0/gradle-9.3.1/docs/kotlin-dsl/gradle/org.gradle.kotlin.dsl/-task-container-scope/index.html
/home/azureuser/IrakIroan/Google_Drive_Backup/Extracted files/mdkamruzzamanirak_gmail_com/.gradle/wrapper/dists/gradle-9.3.1-all/9ot9r568e8zfvvd4mn8rbu1j0/gradle-9.3.1/docs/kotlin-dsl/gradle/org.gradle.api.tasks.scala/index.html
/home/azureuser/IrakIroan/Google_Drive_Backup/Extracted files/mdkamruzzamanirak_gmail_com/.gradle/caches/modules-2/files-2.1/io.netty/netty-codec/4.1.52.Final/d98ad5bb86707c3c1a7105a346119dac332bdf23/netty-codec-4.1.52.Final.jar
/home/azureuser/IrakIroan/Google_Drive_Backup/Extracted files/mdkamruzzamanirak_gmail_com/.gradle/caches/modules-2/files-2.1/io.netty/netty-codec/4.1.110.Final/f1fa43b03e93ab88e805b6a4e3e83780c80b47d2/netty-codec-4.1.110.Final.jar
/home/azureuser/IrakIroan/Google_Drive_Backup/Extracted files/mdkamruzzamanirak_gmail_com/.gradle/caches/modules-2/files-2.1/com.android.tools.build/gradle-common-api/9.1.0/2f0d1c6fd9d78ad8389a4a9d08f41a21f067d667/gradle-common-api-9.1.0.module
/home/azureuser/IrakIroan/Google_Drive_Backup/Extracted files/mdkamruzzamanirak_gmail_com/.gradle/caches/modules-2/files-2.1/org.jetbrains.kotlin/kotlin-gradle-plugin-api/2.4.0/26468e6092610bc5b7fd3584227b6d5d4d5184f7/kotlin-gradle-plugin-api-2.4.0.module
/home/azureuser/IrakIroan/Google_Drive_Backup/Extracted files/mdkamruzzamanirak_gmail_com/.gradle/caches/modules-2/metadata-2.107/resource-at-url.bin
/home/azureuser/IrakIroan/Google_Drive_Backup/Extracted files/mdkamruzzamanirak_gmail_com/.gradle/caches/9.3.1/transforms/ea735a166b0959979ae94476917ab834/transformed/instrumented/instrumented-bcprov-jdk18on-1.79.jar
/home/azureuser/IrakIroan/Google_Drive_Backup/Extracted files/mdkamruzzamanirak_gmail_com/.gradle/caches/9.3.1/transforms/c7caf227f5884d57e84222d38c8339e5/transformed/instrumented/instrumented-sdk-common-32.1.0.jar
/home/azureuser/IrakIroan/Google_Drive_Backup/Extracted files/mdkamruzzamanirak_gmail_com/.gradle/caches/9.3.1/transforms/20627acf99897d7c0b9e441ee607d9f6/transformed/instrumented/instrumented-bcprov-jdk15on-1.67.jar
/home/azureuser/IrakIroan/Google_Drive_Backup/Extracted files/mdkamruzzamanirak_gmail_com/.gradle/caches/9.3.1/transforms/35fc7c9aabf3963476dbd7a99d18fea8/transformed/aapt2-9.1.0-14792394-linux/aapt2
/home/azureuser/IrakIroan/Google_Drive_Backup/Extracted files/mdkamruzzamanirak_gmail_com/.gradle/caches/9.3.1/transforms/1ce28166ed220127f7859f7a22254a6b/transformed/instrumented/instrumented-sdk-common-30.3.0.jar
/home/azureuser/IrakIroan/Google_Drive_Backup/Extracted files/mdkamruzzamanirak_gmail_com/.gradle/caches/9.3.1/transforms/4886c7d0ae90d6016936eb4b02ee0d3e/transformed/armeabi_v7a_release-1.0.0-06a2e2a110089dff50fe635cffd2a61e1b24fbcd/armeabi-v7a/libflutter.so
/home/azureuser/IrakIroan/Google_Drive_Backup/Extracted files/mdkamruzzamanirak_gmail_com/.gradle/caches/9.3.1/transforms/0bb74a690c8736d4ad9eaa91531e40b7/transformed/arm64_v8a_release-1.0.0-06a2e2a110089dff50fe635cffd2a61e1b24fbcd/arm64-v8a/libflutter.so
/home/azureuser/IrakIroan/Google_Drive_Backup/Extracted files/mdkamruzzamanirak_gmail_com/.gradle/caches/9.3.1/transforms/88c65a8dc4a5a2f3367ee397fb594d30/transformed/instrumented/instrumented-sdk-common-31.13.1.jar
/home/azureuser/IrakIroan/Google_Drive_Backup/Extracted files/mdkamruzzamanirak_gmail_com/.gradle/caches/9.3.1/transforms/6b13aeea37c3096f2a4d68a25397a64e/transformed/x86_64_release-1.0.0-06a2e2a110089dff50fe635cffd2a61e1b24fbcd/x86_64/libflutter.so
/home/azureuser/IrakIroan/Google_Drive_Backup/Extracted files/mdkamruzzamanirak_gmail_com/.gradle/caches/9.3.1/generated-gradle-jars/gradle-api-9.3.1.jar
/home/azureuser/IrakIroan/Google_Drive_Backup/Extracted files/mdkamruzzamanirak_gmail_com/.webterminal/wa_auth_backup_1789735848321/lid-mapping-8801710646019.json
/home/azureuser/IrakIroan/Google_Drive_Backup/Extracted files/mdkamruzzamanirak_gmail_com/.webterminal/wa_auth_backup_1789735848321/lid-mapping-8801799428676.json
/home/azureuser/IrakIroan/Google_Drive_Backup/Extracted files/mdkamruzzamanirak_gmail_com/.webterminal/wa_auth_backup_1789735848321/lid-mapping-8801705062664.json
/home/azureuser/IrakIroan/Google_Drive_Backup/Extracted files/mdkamruzzamanirak_gmail_com/.webterminal/wa_auth_backup_1789735848321/lid-mapping-8801954902299.json
/home/azureuser/IrakIroan/Google_Drive_Backup/Extracted files/mdkamruzzamanirak_gmail_com/.webterminal/wa_auth_backup_1789735848321/lid-mapping-8801944612756.json
/home/azureuser/IrakIroan/Google_Drive_Backup/Extracted files/mdkamruzzamanirak_gmail_com/.webterminal/wa_auth_backup_1789735848321/lid-mapping-8801537529134.json
/home/azureuser/IrakIroan/Google_Drive_Backup/Extracted files/mdkamruzzamanirak_gmail_com/.webterminal/wa_auth_backup_1789735848321/lid-mapping-8801889147685.json
/home/azureuser/IrakIroan/Google_Drive_Backup/Extracted files/mdkamruzzamanirak_gmail_com/.webterminal/wa_auth_backup_1789735848321/lid-mapping-13855766242.json
/home/azureuser/IrakIroan/Google_Drive_Backup/Extracted files/mdkamruzzamanirak_gmail_com/.webterminal/wa_auth_backup_1789735848321/lid-mapping-8801719247360.json
/home/azureuser/IrakIroan/Google_Drive_Backup/Extracted files/mdkamruzzamanirak_gmail_com/.webterminal/wa_auth_backup_1789735848321/lid-mapping-75205212946649_reverse.json
/home/azureuser/IrakIroan/Google_Drive_Backup/Extracted files/mdkamruzzamanirak_gmail_com/.webterminal/wa_auth_backup_1789735848321/lid-mapping-8801723581302.json
/home/azureuser/IrakIroan/Google_Drive_Backup/Extracted files/mdkamruzzamanirak_gmail_com/.webterminal/wa_auth_backup_1789735848321/lid-mapping-138753381253372_reverse.json
/home/azureuser/IrakIroan/Google_Drive_Backup/Extracted files/mdkamruzzamanirak_gmail_com/.webterminal/wa_auth_backup_1789735848321/lid-mapping-8801681563313.json
/home/azureuser/IrakIroan/Google_Drive_Backup/Extracted files/mdkamruzzamanirak_gmail_com/.webterminal/wa_auth_backup_1789735848321/lid-mapping-139122647818278_reverse.json
/home/azureuser/IrakIroan/Google_Drive_Backup/Extracted files/mdkamruzzamanirak_gmail_com/.webterminal/wa_auth_backup_1789735848321/lid-mapping-42219729907903_reverse.json
/home/azureuser/IrakIroan/Google_Drive_Backup/Extracted files/mdkamruzzamanirak_gmail_com/.webterminal/wa_auth_backup_1789735848321/lid-mapping-8801637909037.json
/home/azureuser/IrakIroan/Google_Drive_Backup/Extracted files/mdkamruzzamanirak_gmail_com/.webterminal/wa_auth_backup_1789735848321/lid-mapping-96044511694898_reverse.json
/home/azureuser/IrakIroan/Google_Drive_Backup/Extracted files/mdkamruzzamanirak_gmail_com/.webterminal/wa_auth_backup_1789735848321/lid-mapping-8801977887935.json
/home/azureuser/IrakIroan/Google_Drive_Backup/Extracted files/mdkamruzzamanirak_gmail_com/.webterminal/wa_auth_backup_1789735848321/lid-mapping-8801576448464.json
/home/azureuser/IrakIroan/Google_Drive_Backup/Extracted files/mdkamruzzamanirak_gmail_com/.webterminal/wa_auth_backup_1789735848321/lid-mapping-8801304014584.json
/home/azureuser/IrakIroan/Google_Drive_Backup/Extracted files/mdkamruzzamanirak_gmail_com/.webterminal/wa_auth_backup_1789325845395/lid-mapping-8801710646019.json
/home/azureuser/IrakIroan/Google_Drive_Backup/Extracted files/mdkamruzzamanirak_gmail_com/.webterminal/wa_auth_backup_1789325845395/lid-mapping-8801799428676.json
/home/azureuser/IrakIroan/Google_Drive_Backup/Extracted files/mdkamruzzamanirak_gmail_com/.webterminal/wa_auth_backup_1789325845395/lid-mapping-8801705062664.json
/home/azureuser/IrakIroan/Google_Drive_Backup/Extracted files/mdkamruzzamanirak_gmail_com/.webterminal/wa_auth_backup_1789325845395/lid-mapping-8801954902299.json
/home/azureuser/IrakIroan/Google_Drive_Backup/Extracted files/mdkamruzzamanirak_gmail_com/.webterminal/wa_auth_backup_1789325845395/lid-mapping-8801944612756.json
/home/azureuser/IrakIroan/Google_Drive_Backup/Extracted files/mdkamruzzamanirak_gmail_com/.webterminal/wa_auth_backup_1789325845395/lid-mapping-8801537529134.json
/home/azureuser/IrakIroan/Google_Drive_Backup/Extracted files/mdkamruzzamanirak_gmail_com/.webterminal/wa_auth_backup_1789325845395/lid-mapping-13855766242.json
/home/azureuser/IrakIroan/Google_Drive_Backup/Extracted files/mdkamruzzamanirak_gmail_com/.webterminal/wa_auth_backup_1789325845395/lid-mapping-8801719247360.json
/home/azureuser/IrakIroan/Google_Drive_Backup/Extracted files/mdkamruzzamanirak_gmail_com/.webterminal/wa_auth_backup_1789325845395/lid-mapping-75205212946649_reverse.json
/home/azureuser/IrakIroan/Google_Drive_Backup/Extracted files/mdkamruzzamanirak_gmail_com/.webterminal/wa_auth_backup_1789325845395/lid-mapping-8801723581302.json
/home/azureuser/IrakIroan/Google_Drive_Backup/Extracted files/mdkamruzzamanirak_gmail_com/.webterminal/wa_auth_backup_1789325845395/lid-mapping-138753381253372_reverse.json
/home/azureuser/IrakIroan/Google_Drive_Backup/Extracted files/mdkamruzzamanirak_gmail_com/.webterminal/wa_auth_backup_1789325845395/lid-mapping-8801681563313.json
/home/azureuser/IrakIroan/Google_Drive_Backup/Extracted files/mdkamruzzamanirak_gmail_com/.webterminal/wa_auth_backup_1789325845395/lid-mapping-8801718316848.json
/home/azureuser/IrakIroan/Google_Drive_Backup/Extracted files/mdkamruzzamanirak_gmail_com/.webterminal/wa_auth_backup_1789325845395/lid-mapping-139122647818278_reverse.json
/home/azureuser/IrakIroan/Google_Drive_Backup/Extracted files/mdkamruzzamanirak_gmail_com/.webterminal/wa_auth_backup_1789325845395/lid-mapping-42219729907903_reverse.json
/home/azureuser/IrakIroan/Google_Drive_Backup/Extracted files/mdkamruzzamanirak_gmail_com/.webterminal/wa_auth_backup_1789325845395/lid-mapping-8801637909037.json
/home/azureuser/IrakIroan/Google_Drive_Backup/Extracted files/mdkamruzzamanirak_gmail_com/.webterminal/wa_auth_backup_1789325845395/lid-mapping-96044511694898_reverse.json
/home/azureuser/IrakIroan/Google_Drive_Backup/Extracted files/mdkamruzzamanirak_gmail_com/.webterminal/wa_auth_backup_1789325845395/session-85444683382913_1.0.json
/home/azureuser/IrakIroan/Google_Drive_Backup/Extracted files/mdkamruzzamanirak_gmail_com/.webterminal/wa_auth_backup_1789325845395/lid-mapping-8801977887935.json
/home/azureuser/IrakIroan/Google_Drive_Backup/Extracted files/mdkamruzzamanirak_gmail_com/.webterminal/wa_auth_backup_1789325845395/lid-mapping-8801576448464.json
/home/azureuser/IrakIroan/Google_Drive_Backup/Extracted files/mdkamruzzamanirak_gmail_com/.webterminal/wa_auth_backup_1789325845395/lid-mapping-8801304014584.json
/home/azureuser/IrakIroan/Google_Drive_Backup/Extracted files/mdkamruzzamanirak_gmail_com/.webterminal/whatsapp.log
/home/azureuser/IrakIroan/Google_Drive_Backup/Extracted files/mdkamruzzamanirak_gmail_com/.webterminal/wa_auth_backup_1790342139703/lid-mapping-8801602476871.json
/home/azureuser/IrakIroan/Google_Drive_Backup/Extracted files/mdkamruzzamanirak_gmail_com/.webterminal/wa_auth_backup_1790342139703/lid-mapping-8801710646019.json
/home/azureuser/IrakIroan/Google_Drive_Backup/Extracted files/mdkamruzzamanirak_gmail_com/.webterminal/wa_auth_backup_1790342139703/lid-mapping-8801705062664.json
/home/azureuser/IrakIroan/Google_Drive_Backup/Extracted files/mdkamruzzamanirak_gmail_com/.webterminal/wa_auth_backup_1790342139703/lid-mapping-8801954902299.json
/home/azureuser/IrakIroan/Google_Drive_Backup/Extracted files/mdkamruzzamanirak_gmail_com/.webterminal/wa_auth_backup_1790342139703/lid-mapping-8801944612756.json
/home/azureuser/IrakIroan/Google_Drive_Backup/Extracted files/mdkamruzzamanirak_gmail_com/.webterminal/wa_auth_backup_1790342139703/lid-mapping-8801537529134.json
/home/azureuser/IrakIroan/Google_Drive_Backup/Extracted files/mdkamruzzamanirak_gmail_com/.webterminal/wa_auth_backup_1790342139703/lid-mapping-8801889147685.json
/home/azureuser/IrakIroan/Google_Drive_Backup/Extracted files/mdkamruzzamanirak_gmail_com/.webterminal/wa_auth_backup_1790342139703/lid-mapping-13855766242.json
/home/azureuser/IrakIroan/Google_Drive_Backup/Extracted files/mdkamruzzamanirak_gmail_com/.webterminal/wa_auth_backup_1790342139703/lid-mapping-8801719247360.json
/home/azureuser/IrakIroan/Google_Drive_Backup/Extracted files/mdkamruzzamanirak_gmail_com/.webterminal/wa_auth_backup_1790342139703/lid-mapping-75205212946649_reverse.json
/home/azureuser/IrakIroan/Google_Drive_Backup/Extracted files/mdkamruzzamanirak_gmail_com/.webterminal/wa_auth_backup_1790342139703/lid-mapping-8801723581302.json
/home/azureuser/IrakIroan/Google_Drive_Backup/Extracted files/mdkamruzzamanirak_gmail_com/.webterminal/wa_auth_backup_1790342139703/lid-mapping-8801687987701.json
/home/azureuser/IrakIroan/Google_Drive_Backup/Extracted files/mdkamruzzamanirak_gmail_com/.webterminal/wa_auth_backup_1790342139703/lid-mapping-138753381253372_reverse.json
/home/azureuser/IrakIroan/Google_Drive_Backup/Extracted files/mdkamruzzamanirak_gmail_com/.webterminal/wa_auth_backup_1790342139703/lid-mapping-8801681563313.json
/home/azureuser/IrakIroan/Google_Drive_Backup/Extracted files/mdkamruzzamanirak_gmail_com/.webterminal/wa_auth_backup_1790342139703/lid-mapping-139122647818278_reverse.json
/home/azureuser/IrakIroan/Google_Drive_Backup/Extracted files/mdkamruzzamanirak_gmail_com/.webterminal/wa_auth_backup_1790342139703/lid-mapping-42219729907903_reverse.json
/home/azureuser/IrakIroan/Google_Drive_Backup/Extracted files/mdkamruzzamanirak_gmail_com/.webterminal/wa_auth_backup_1790342139703/lid-mapping-8801637909037.json
/home/azureuser/IrakIroan/Google_Drive_Backup/Extracted files/mdkamruzzamanirak_gmail_com/.webterminal/wa_auth_backup_1790342139703/lid-mapping-96044511694898_reverse.json
/home/azureuser/IrakIroan/Google_Drive_Backup/Extracted files/mdkamruzzamanirak_gmail_com/.webterminal/wa_auth_backup_1790342139703/lid-mapping-8801977887935.json
/home/azureuser/IrakIroan/Google_Drive_Backup/Extracted files/mdkamruzzamanirak_gmail_com/.webterminal/wa_auth_backup_1790342139703/lid-mapping-8801576448464.json
/home/azureuser/IrakIroan/Google_Drive_Backup/Extracted files/mdkamruzzamanirak_gmail_com/.webterminal/wa_auth_backup_1790342139703/lid-mapping-8801304014584.json
/home/azureuser/IrakIroan/Google_Drive_Backup/Zip Files/gcp_home_backup_part_00.tar.gz
/home/azureuser/IrakIroan/Google_Drive_Backup/Zip Files/gcp_home_backup_part_03.tar.gz
/home/azureuser/IrakIroan/Google_Drive_Backup/Zip Files/gcp_home_backup_part_04.tar.gz
/home/azureuser/IrakIroan/Google_Drive_Backup/Zip Files/gcp_home_backup_part_01.tar.gz
/home/azureuser/IrakIroan/Google_Drive_Backup/database_backups/gcp_frappe_mariadb.sql
